[2026-08-19T20:59:45.991Z] [LUDO-EVENT] players-get-response {
  "gameId": "mt0klwrsc948p4"
}
[2026-08-19T20:59:45.992Z] [LUDO-STATE] game:mt0klwrsc948p4 {
  "gameId": "mt0klwrsc948p4",
  "snapshot": {
    "gameId": "mt0klwrsc948p4",
    "players": [
      {
        "id": 0,
        "name": "Mohammad Ikram",
        "color": "#E53935",
        "avatar": "https://res.cloudinary.com/dz88yjerw/image/upload/v1786061008/y2bgpcmceri6ogm2anvw.png",
        "cover": "https://res.cloudinary.com/dz88yjerw/image/upload/v1780098021/abtk9davy21pzff2x0cd.png",
        "profileId": "67bf1e4009395add03e1e234",
        "isActive": true,
        "pieces": [
          {
            "id": 0,
            "steps": 1,
            "isHome": false,
            "isInPlay": true
          },
          {
            "id": 1,
            "steps": 6,
            "isHome": false,
            "isInPlay": true
          },
          {
            "id": 2,
            "steps": 12,
            "isHome": false,
            "isInPlay": true
          },
          {
            "id": 3,
            "steps": 0,
            "isHome": true,
            "isInPlay": false
          }
        ],
        "isOffline": false
      },
      {
        "id": 1,
        "name": "Md Atik",
        "color": "#43A047",
        "avatar": "https://res.cloudinary.com/dz88yjerw/image/upload/v1779774308/ccut8qllcbmzl6bxx0yy.png",
        "cover": "https://res.cloudinary.com/dz88yjerw/image/upload/v1759779146/gyshxw4n76fbsohz3rcz.jpg",
        "profileId": "67e431d61e4463f7adfa544e",
        "isActive": true,
        "pieces": [
          {
            "id": 0,
            "steps": 3,
            "isHome": false,
            "isInPlay": true
          },
          {
            "id": 1,
            "steps": 5,
            "isHome": false,
            "isInPlay": true
          },
          {
            "id": 2,
            "steps": 11,
            "isHome": false,
            "isInPlay": true
          },
          {
            "id": 3,
            "steps": 7,
            "isHome": false,
            "isInPlay": true
          }
        ],
        "isOffline": false
      }
    ],
    "selectedPlayerCount": 2,
    "currentPlayer": 1,
    "diceValue": 2,
    "gameStarted": true,
    "timestamp": 1787173072598,
    "playersSeq": 30
  }
}
[2026-08-19T20:59:48.992Z] [LUDO-EVENT] players-get-response {
  "gameId": "mt0klwrsc948p4"
}
[2026-08-19T20:59:48.993Z] [LUDO-STATE] game:mt0klwrsc948p4 {
  "gameId": "mt0klwrsc948p4",
  "snapshot": {
    "gameId": "mt0klwrsc948p4",
    "players": [
      {
        "id": 0,
        "name": "Mohammad Ikram",
        "color": "#E53935",
        "avatar": "https://res.cloudinary.com/dz88yjerw/image/upload/v1786061008/y2bgpcmceri6ogm2anvw.png",
        "cover": "https://res.cloudinary.com/dz88yjerw/image/upload/v1780098021/abtk9davy21pzff2x0cd.png",
        "profileId": "67bf1e4009395add03e1e234",
        "isActive": true,
        "pieces": [
          {
            "id": 0,
            "steps": 1,
            "isHome": false,
            "isInPlay": true
          },
          {
            "id": 1,
            "steps": 6,
            "isHome": false,
            "isInPlay": true
          },
          {
            "id": 2,
            "steps": 12,
            "isHome": false,
            "isInPlay": true
          },
          {
            "id": 3,
            "steps": 0,
            "isHome": true,
            "isInPlay": false
          }
        ],
        "isOffline": false
      },
      {
        "id": 1,
        "name": "Md Atik",
        "color": "#43A047",
        "avatar": "https://res.cloudinary.com/dz88yjerw/image/upload/v1779774308/ccut8qllcbmzl6bxx0yy.png",
        "cover": "https://res.cloudinary.com/dz88yjerw/image/upload/v1759779146/gyshxw4n76fbsohz3rcz.jpg",
        "profileId": "67e431d61e4463f7adfa544e",
        "isActive": true,
        "pieces": [
          {
            "id": 0,
            "steps": 3,
            "isHome": false,
            "isInPlay": true
          },
          {
            "id": 1,
            "steps": 5,
            "isHome": false,
            "isInPlay": true
          },
          {
            "id": 2,
            "steps": 11,
            "isHome": false,
            "isInPlay": true
          },
          {
            "id": 3,
            "steps": 7,
            "isHome": false,
            "isInPlay": true
          }
        ],
        "isOffline": false
      }
    ],
    "selectedPlayerCount": 2,
    "currentPlayer": 1,
    "diceValue": 2,
    "gameStarted": true,
    "timestamp": 1787173072598,
    "playersSeq": 30
  }
}
[2026-08-19T20:59:51.993Z] [LUDO-EVENT] players-get-response {
  "gameId": "mt0klwrsc948p4"
}
[2026-08-19T20:59:51.994Z] [LUDO-STATE] game:mt0klwrsc948p4 {
  "gameId": "mt0klwrsc948p4",
  "snapshot": {
    "gameId": "mt0klwrsc948p4",
    "players": [
      {
        "id": 0,
        "name": "Mohammad Ikram",
        "color": "#E53935",
        "avatar": "https://res.cloudinary.com/dz88yjerw/image/upload/v1786061008/y2bgpcmceri6ogm2anvw.png",
        "cover": "https://res.cloudinary.com/dz88yjerw/image/upload/v1780098021/abtk9davy21pzff2x0cd.png",
        "profileId": "67bf1e4009395add03e1e234",
        "isActive": true,
        "pieces": [
          {
            "id": 0,
            "steps": 1,
            "isHome": false,
            "isInPlay": true
          },
          {
            "id": 1,
            "steps": 6,
            "isHome": false,
            "isInPlay": true
          },
          {
            "id": 2,
            "steps": 12,
            "isHome": false,
            "isInPlay": true
          },
          {
            "id": 3,
            "steps": 0,
            "isHome": true,
            "isInPlay": false
          }
        ],
        "isOffline": false
      },
      {
        "id": 1,
        "name": "Md Atik",
        "color": "#43A047",
        "avatar": "https://res.cloudinary.com/dz88yjerw/image/upload/v1779774308/ccut8qllcbmzl6bxx0yy.png",
        "cover": "https://res.cloudinary.com/dz88yjerw/image/upload/v1759779146/gyshxw4n76fbsohz3rcz.jpg",
        "profileId": "67e431d61e4463f7adfa544e",
        "isActive": true,
        "pieces": [
          {
            "id": 0,
            "steps": 3,
            "isHome": false,
            "isInPlay": true
          },
          {
            "id": 1,
            "steps": 5,
            "isHome": false,
            "isInPlay": true
          },
          {
            "id": 2,
            "steps": 11,
            "isHome": false,
            "isInPlay": true
          },
          {
            "id": 3,
            "steps": 7,
            "isHome": false,
            "isInPlay": true
          }
        ],
        "isOffline": false
      }
    ],
    "selectedPlayerCount": 2,
    "currentPlayer": 1,
    "diceValue": 2,
    "gameStarted": true,
    "timestamp": 1787173072598,
    "playersSeq": 30
  }
}
[2026-08-19T20:59:54.994Z] [LUDO-EVENT] players-get-response {
  "gameId": "mt0klwrsc948p4"
}
[2026-08-19T20:59:54.994Z] [LUDO-STATE] game:mt0klwrsc948p4 {
  "gameId": "mt0klwrsc948p4",
  "snapshot": {
    "gameId": "mt0klwrsc948p4",
    "players": [
      {
        "id": 0,
        "name": "Mohammad Ikram",
        "color": "#E53935",
        "avatar": "https://res.cloudinary.com/dz88yjerw/image/upload/v1786061008/y2bgpcmceri6ogm2anvw.png",
        "cover": "https://res.cloudinary.com/dz88yjerw/image/upload/v1780098021/abtk9davy21pzff2x0cd.png",
        "profileId": "67bf1e4009395add03e1e234",
        "isActive": true,
        "pieces": [
          {
            "id": 0,
            "steps": 1,
            "isHome": false,
            "isInPlay": true
          },
          {
            "id": 1,
            "steps": 6,
            "isHome": false,
            "isInPlay": true
          },
          {
            "id": 2,
            "steps": 12,
            "isHome": false,
            "isInPlay": true
          },
          {
            "id": 3,
            "steps": 0,
            "isHome": true,
            "isInPlay": false
          }
        ],
        "isOffline": false
      },
      {
        "id": 1,
        "name": "Md Atik",
        "color": "#43A047",
        "avatar": "https://res.cloudinary.com/dz88yjerw/image/upload/v1779774308/ccut8qllcbmzl6bxx0yy.png",
        "cover": "https://res.cloudinary.com/dz88yjerw/image/upload/v1759779146/gyshxw4n76fbsohz3rcz.jpg",
        "profileId": "67e431d61e4463f7adfa544e",
        "isActive": true,
        "pieces": [
          {
            "id": 0,
            "steps": 3,
            "isHome": false,
            "isInPlay": true
          },
          {
            "id": 1,
            "steps": 5,
            "isHome": false,
            "isInPlay": true
          },
          {
            "id": 2,
            "steps": 11,
            "isHome": false,
            "isInPlay": true
          },
          {
            "id": 3,
            "steps": 7,
            "isHome": false,
            "isInPlay": true
          }
        ],
        "isOffline": false
      }
    ],
    "selectedPlayerCount": 2,
    "currentPlayer": 1,
    "diceValue": 2,
    "gameStarted": true,
    "timestamp": 1787173072598,
    "playersSeq": 30
  }
}
[2026-08-19T20:59:57.995Z] [LUDO-EVENT] players-get-response {
  "gameId": "mt0klwrsc948p4"
}
[2026-08-19T20:59:57.996Z] [LUDO-STATE] game:mt0klwrsc948p4 {
  "gameId": "mt0klwrsc948p4",
  "snapshot": {
    "gameId": "mt0klwrsc948p4",
    "players": [
      {
        "id": 0,
        "name": "Mohammad Ikram",
        "color": "#E53935",
        "avatar": "https://res.cloudinary.com/dz88yjerw/image/upload/v1786061008/y2bgpcmceri6ogm2anvw.png",
        "cover": "https://res.cloudinary.com/dz88yjerw/image/upload/v1780098021/abtk9davy21pzff2x0cd.png",
        "profileId": "67bf1e4009395add03e1e234",
        "isActive": true,
        "pieces": [
          {
            "id": 0,
            "steps": 1,
            "isHome": false,
            "isInPlay": true
          },
          {
            "id": 1,
            "steps": 6,
            "isHome": false,
            "isInPlay": true
          },
          {
            "id": 2,
            "steps": 12,
            "isHome": false,
            "isInPlay": true
          },
          {
            "id": 3,
            "steps": 0,
            "isHome": true,
            "isInPlay": false
          }
        ],
        "isOffline": false
      },
      {
        "id": 1,
        "name": "Md Atik",
        "color": "#43A047",
        "avatar": "https://res.cloudinary.com/dz88yjerw/image/upload/v1779774308/ccut8qllcbmzl6bxx0yy.png",
        "cover": "https://res.cloudinary.com/dz88yjerw/image/upload/v1759779146/gyshxw4n76fbsohz3rcz.jpg",
        "profileId": "67e431d61e4463f7adfa544e",
        "isActive": true,
        "pieces": [
          {
            "id": 0,
            "steps": 3,
            "isHome": false,
            "isInPlay": true
          },
          {
            "id": 1,
            "steps": 5,
            "isHome": false,
            "isInPlay": true
          },
          {
            "id": 2,
            "steps": 11,
            "isHome": false,
            "isInPlay": true
          },
          {
            "id": 3,
            "steps": 7,
            "isHome": false,
            "isInPlay": true
          }
        ],
        "isOffline": false
      }
    ],
    "selectedPlayerCount": 2,
    "currentPlayer": 1,
    "diceValue": 2,
    "gameStarted": true,
    "timestamp": 1787173072598,
    "playersSeq": 30
  }
}
[2026-08-19T21:00:00.996Z] [LUDO-EVENT] players-get-response {
  "gameId": "mt0klwrsc948p4"
}
[2026-08-19T21:00:00.996Z] [LUDO-STATE] game:mt0klwrsc948p4 {
  "gameId": "mt0klwrsc948p4",
  "snapshot": {
    "gameId": "mt0klwrsc948p4",
    "players": [
      {
        "id": 0,
        "name": "Mohammad Ikram",
        "color": "#E53935",
        "avatar": "https://res.cloudinary.com/dz88yjerw/image/upload/v1786061008/y2bgpcmceri6ogm2anvw.png",
        "cover": "https://res.cloudinary.com/dz88yjerw/image/upload/v1780098021/abtk9davy21pzff2x0cd.png",
        "profileId": "67bf1e4009395add03e1e234",
        "isActive": true,
        "pieces": [
          {
            "id": 0,
            "steps": 1,
            "isHome": false,
            "isInPlay": true
          },
          {
            "id": 1,
            "steps": 6,
            "isHome": false,
            "isInPlay": true
          },
          {
            "id": 2,
            "steps": 12,
            "isHome": false,
            "isInPlay": true
          },
          {
            "id": 3,
            "steps": 0,
            "isHome": true,
            "isInPlay": false
          }
        ],
        "isOffline": false
      },
      {
        "id": 1,
        "name": "Md Atik",
        "color": "#43A047",
        "avatar": "https://res.cloudinary.com/dz88yjerw/image/upload/v1779774308/ccut8qllcbmzl6bxx0yy.png",
        "cover": "https://res.cloudinary.com/dz88yjerw/image/upload/v1759779146/gyshxw4n76fbsohz3rcz.jpg",
        "profileId": "67e431d61e4463f7adfa544e",
        "isActive": true,
        "pieces": [
          {
            "id": 0,
            "steps": 3,
            "isHome": false,
            "isInPlay": true
          },
          {
            "id": 1,
            "steps": 5,
            "isHome": false,
            "isInPlay": true
          },
          {
            "id": 2,
            "steps": 11,
            "isHome": false,
            "isInPlay": true
          },
          {
            "id": 3,
            "steps": 7,
            "isHome": false,
            "isInPlay": true
          }
        ],
        "isOffline": false
      }
    ],
    "selectedPlayerCount": 2,
    "currentPlayer": 1,
    "diceValue": 2,
    "gameStarted": true,
    "timestamp": 1787173072598,
    "playersSeq": 30
  }
}
[2026-08-19T21:00:03.997Z] [LUDO-EVENT] players-get-response {
  "gameId": "mt0klwrsc948p4"
}
[2026-08-19T21:00:03.998Z] [LUDO-STATE] game:mt0klwrsc948p4 {
  "gameId": "mt0klwrsc948p4",
  "snapshot": {
    "gameId": "mt0klwrsc948p4",
    "players": [
      {
        "id": 0,
        "name": "Mohammad Ikram",
        "color": "#E53935",
        "avatar": "https://res.cloudinary.com/dz88yjerw/image/upload/v1786061008/y2bgpcmceri6ogm2anvw.png",
        "cover": "https://res.cloudinary.com/dz88yjerw/image/upload/v1780098021/abtk9davy21pzff2x0cd.png",
        "profileId": "67bf1e4009395add03e1e234",
        "isActive": true,
        "pieces": [
          {
            "id": 0,
            "steps": 1,
            "isHome": false,
            "isInPlay": true
          },
          {
            "id": 1,
            "steps": 6,
            "isHome": false,
            "isInPlay": true
          },
          {
            "id": 2,
            "steps": 12,
            "isHome": false,
            "isInPlay": true
          },
          {
            "id": 3,
            "steps": 0,
            "isHome": true,
            "isInPlay": false
          }
        ],
        "isOffline": false
      },
      {
        "id": 1,
        "name": "Md Atik",
        "color": "#43A047",
        "avatar": "https://res.cloudinary.com/dz88yjerw/image/upload/v1779774308/ccut8qllcbmzl6bxx0yy.png",
        "cover": "https://res.cloudinary.com/dz88yjerw/image/upload/v1759779146/gyshxw4n76fbsohz3rcz.jpg",
        "profileId": "67e431d61e4463f7adfa544e",
        "isActive": true,
        "pieces": [
          {
            "id": 0,
            "steps": 3,
            "isHome": false,
            "isInPlay": true
          },
          {
            "id": 1,
            "steps": 5,
            "isHome": false,
            "isInPlay": true
          },
          {
            "id": 2,
            "steps": 11,
            "isHome": false,
            "isInPlay": true
          },
          {
            "id": 3,
            "steps": 7,
            "isHome": false,
            "isInPlay": true
          }
        ],
        "isOffline": false
      }
    ],
    "selectedPlayerCount": 2,
    "currentPlayer": 1,
    "diceValue": 2,
    "gameStarted": true,
    "timestamp": 1787173072598,
    "playersSeq": 30
  }
}
[2026-08-19T21:00:06.998Z] [LUDO-EVENT] players-get-response {
  "gameId": "mt0klwrsc948p4"
}
[2026-08-19T21:00:06.999Z] [LUDO-STATE] game:mt0klwrsc948p4 {
  "gameId": "mt0klwrsc948p4",
  "snapshot": {
    "gameId": "mt0klwrsc948p4",
    "players": [
      {
        "id": 0,
        "name": "Mohammad Ikram",
        "color": "#E53935",
        "avatar": "https://res.cloudinary.com/dz88yjerw/image/upload/v1786061008/y2bgpcmceri6ogm2anvw.png",
        "cover": "https://res.cloudinary.com/dz88yjerw/image/upload/v1780098021/abtk9davy21pzff2x0cd.png",
        "profileId": "67bf1e4009395add03e1e234",
        "isActive": true,
        "pieces": [
          {
            "id": 0,
            "steps": 1,
            "isHome": false,
            "isInPlay": true
          },
          {
            "id": 1,
            "steps": 6,
            "isHome": false,
            "isInPlay": true
          },
          {
            "id": 2,
            "steps": 12,
            "isHome": false,
            "isInPlay": true
          },
          {
            "id": 3,
            "steps": 0,
            "isHome": true,
            "isInPlay": false
          }
        ],
        "isOffline": false
      },
      {
        "id": 1,
        "name": "Md Atik",
        "color": "#43A047",
        "avatar": "https://res.cloudinary.com/dz88yjerw/image/upload/v1779774308/ccut8qllcbmzl6bxx0yy.png",
        "cover": "https://res.cloudinary.com/dz88yjerw/image/upload/v1759779146/gyshxw4n76fbsohz3rcz.jpg",
        "profileId": "67e431d61e4463f7adfa544e",
        "isActive": true,
        "pieces": [
          {
            "id": 0,
            "steps": 3,
            "isHome": false,
            "isInPlay": true
          },
          {
            "id": 1,
            "steps": 5,
            "isHome": false,
            "isInPlay": true
          },
          {
            "id": 2,
            "steps": 11,
            "isHome": false,
            "isInPlay": true
          },
          {
            "id": 3,
            "steps": 7,
            "isHome": false,
            "isInPlay": true
          }
        ],
        "isOffline": false
      }
    ],
    "selectedPlayerCount": 2,
    "currentPlayer": 1,
    "diceValue": 2,
    "gameStarted": true,
    "timestamp": 1787173072598,
    "playersSeq": 30
  }
}
[2026-08-19T21:00:09.999Z] [LUDO-EVENT] players-get-response {
  "gameId": "mt0klwrsc948p4"
}
[2026-08-19T21:00:09.999Z] [LUDO-STATE] game:mt0klwrsc948p4 {
  "gameId": "mt0klwrsc948p4",
  "snapshot": {
    "gameId": "mt0klwrsc948p4",
    "players": [
      {
        "id": 0,
        "name": "Mohammad Ikram",
        "color": "#E53935",
        "avatar": "https://res.cloudinary.com/dz88yjerw/image/upload/v1786061008/y2bgpcmceri6ogm2anvw.png",
        "cover": "https://res.cloudinary.com/dz88yjerw/image/upload/v1780098021/abtk9davy21pzff2x0cd.png",
        "profileId": "67bf1e4009395add03e1e234",
        "isActive": true,
        "pieces": [
          {
            "id": 0,
            "steps": 1,
            "isHome": false,
            "isInPlay": true
          },
          {
            "id": 1,
            "steps": 6,
            "isHome": false,
            "isInPlay": true
          },
          {
            "id": 2,
            "steps": 12,
            "isHome": false,
            "isInPlay": true
          },
          {
            "id": 3,
            "steps": 0,
            "isHome": true,
            "isInPlay": false
          }
        ],
        "isOffline": false
      },
      {
        "id": 1,
        "name": "Md Atik",
        "color": "#43A047",
        "avatar": "https://res.cloudinary.com/dz88yjerw/image/upload/v1779774308/ccut8qllcbmzl6bxx0yy.png",
        "cover": "https://res.cloudinary.com/dz88yjerw/image/upload/v1759779146/gyshxw4n76fbsohz3rcz.jpg",
        "profileId": "67e431d61e4463f7adfa544e",
        "isActive": true,
        "pieces": [
          {
            "id": 0,
            "steps": 3,
            "isHome": false,
            "isInPlay": true
          },
          {
            "id": 1,
            "steps": 5,
            "isHome": false,
            "isInPlay": true
          },
          {
            "id": 2,
            "steps": 11,
            "isHome": false,
            "isInPlay": true
          },
          {
            "id": 3,
            "steps": 7,
            "isHome": false,
            "isInPlay": true
          }
        ],
        "isOffline": false
      }
    ],
    "selectedPlayerCount": 2,
    "currentPlayer": 1,
    "diceValue": 2,
    "gameStarted": true,
    "timestamp": 1787173072598,
    "playersSeq": 30
  }
}
[2026-08-19T21:00:12.999Z] [LUDO-EVENT] players-get-response {
  "gameId": "mt0klwrsc948p4"
}
[2026-08-19T21:00:13.000Z] [LUDO-STATE] game:mt0klwrsc948p4 {
  "gameId": "mt0klwrsc948p4",
  "snapshot": {
    "gameId": "mt0klwrsc948p4",
    "players": [
      {
        "id": 0,
        "name": "Mohammad Ikram",
        "color": "#E53935",
        "avatar": "https://res.cloudinary.com/dz88yjerw/image/upload/v1786061008/y2bgpcmceri6ogm2anvw.png",
        "cover": "https://res.cloudinary.com/dz88yjerw/image/upload/v1780098021/abtk9davy21pzff2x0cd.png",
        "profileId": "67bf1e4009395add03e1e234",
        "isActive": true,
        "pieces": [
          {
            "id": 0,
            "steps": 1,
            "isHome": false,
            "isInPlay": true
          },
          {
            "id": 1,
            "steps": 6,
            "isHome": false,
            "isInPlay": true
          },
          {
            "id": 2,
            "steps": 12,
            "isHome": false,
            "isInPlay": true
          },
          {
            "id": 3,
            "steps": 0,
            "isHome": true,
            "isInPlay": false
          }
        ],
        "isOffline": false
      },
      {
        "id": 1,
        "name": "Md Atik",
        "color": "#43A047",
        "avatar": "https://res.cloudinary.com/dz88yjerw/image/upload/v1779774308/ccut8qllcbmzl6bxx0yy.png",
        "cover": "https://res.cloudinary.com/dz88yjerw/image/upload/v1759779146/gyshxw4n76fbsohz3rcz.jpg",
        "profileId": "67e431d61e4463f7adfa544e",
        "isActive": true,
        "pieces": [
          {
            "id": 0,
            "steps": 3,
            "isHome": false,
            "isInPlay": true
          },
          {
            "id": 1,
            "steps": 5,
            "isHome": false,
            "isInPlay": true
          },
          {
            "id": 2,
            "steps": 11,
            "isHome": false,
            "isInPlay": true
          },
          {
            "id": 3,
            "steps": 7,
            "isHome": false,
            "isInPlay": true
          }
        ],
        "isOffline": false
      }
    ],
    "selectedPlayerCount": 2,
    "currentPlayer": 1,
    "diceValue": 2,
    "gameStarted": true,
    "timestamp": 1787173072598,
    "playersSeq": 30
  }
}
[2026-08-19T21:00:16.003Z] [LUDO-EVENT] players-get-response {
  "gameId": "mt0klwrsc948p4"
}
[2026-08-19T21:00:16.004Z] [LUDO-STATE] game:mt0klwrsc948p4 {
  "gameId": "mt0klwrsc948p4",
  "snapshot": {
    "gameId": "mt0klwrsc948p4",
    "players": [
      {
        "id": 0,
        "name": "Mohammad Ikram",
        "color": "#E53935",
        "avatar": "https://res.cloudinary.com/dz88yjerw/image/upload/v1786061008/y2bgpcmceri6ogm2anvw.png",
        "cover": "https://res.cloudinary.com/dz88yjerw/image/upload/v1780098021/abtk9davy21pzff2x0cd.png",
        "profileId": "67bf1e4009395add03e1e234",
        "isActive": true,
        "pieces": [
          {
            "id": 0,
            "steps": 1,
            "isHome": false,
            "isInPlay": true
          },
          {
            "id": 1,
            "steps": 6,
            "isHome": false,
            "isInPlay": true
          },
          {
            "id": 2,
            "steps": 12,
            "isHome": false,
            "isInPlay": true
          },
          {
            "id": 3,
            "steps": 0,
            "isHome": true,
            "isInPlay": false
          }
        ],
        "isOffline": false
      },
      {
        "id": 1,
        "name": "Md Atik",
        "color": "#43A047",
        "avatar": "https://res.cloudinary.com/dz88yjerw/image/upload/v1779774308/ccut8qllcbmzl6bxx0yy.png",
        "cover": "https://res.cloudinary.com/dz88yjerw/image/upload/v1759779146/gyshxw4n76fbsohz3rcz.jpg",
        "profileId": "67e431d61e4463f7adfa544e",
        "isActive": true,
        "pieces": [
          {
            "id": 0,
            "steps": 3,
            "isHome": false,
            "isInPlay": true
          },
          {
            "id": 1,
            "steps": 5,
            "isHome": false,
            "isInPlay": true
          },
          {
            "id": 2,
            "steps": 11,
            "isHome": false,
            "isInPlay": true
          },
          {
            "id": 3,
            "steps": 7,
            "isHome": false,
            "isInPlay": true
          }
        ],
        "isOffline": false
      }
    ],
    "selectedPlayerCount": 2,
    "currentPlayer": 1,
    "diceValue": 2,
    "gameStarted": true,
    "timestamp": 1787173072598,
    "playersSeq": 30
  }
}
[2026-08-19T21:00:19.014Z] [LUDO-EVENT] players-get-response {
  "gameId": "mt0klwrsc948p4"
}
[2026-08-19T21:00:19.014Z] [LUDO-STATE] game:mt0klwrsc948p4 {
  "gameId": "mt0klwrsc948p4",
  "snapshot": {
    "gameId": "mt0klwrsc948p4",
    "players": [
      {
        "id": 0,
        "name": "Mohammad Ikram",
        "color": "#E53935",
        "avatar": "https://res.cloudinary.com/dz88yjerw/image/upload/v1786061008/y2bgpcmceri6ogm2anvw.png",
        "cover": "https://res.cloudinary.com/dz88yjerw/image/upload/v1780098021/abtk9davy21pzff2x0cd.png",
        "profileId": "67bf1e4009395add03e1e234",
        "isActive": true,
        "pieces": [
          {
            "id": 0,
            "steps": 1,
            "isHome": false,
            "isInPlay": true
          },
          {
            "id": 1,
            "steps": 6,
            "isHome": false,
            "isInPlay": true
          },
          {
            "id": 2,
            "steps": 12,
            "isHome": false,
            "isInPlay": true
          },
          {
            "id": 3,
            "steps": 0,
            "isHome": true,
            "isInPlay": false
          }
        ],
        "isOffline": false
      },
      {
        "id": 1,
        "name": "Md Atik",
        "color": "#43A047",
        "avatar": "https://res.cloudinary.com/dz88yjerw/image/upload/v1779774308/ccut8qllcbmzl6bxx0yy.png",
        "cover": "https://res.cloudinary.com/dz88yjerw/image/upload/v1759779146/gyshxw4n76fbsohz3rcz.jpg",
        "profileId": "67e431d61e4463f7adfa544e",
        "isActive": true,
        "pieces": [
          {
            "id": 0,
            "steps": 3,
            "isHome": false,
            "isInPlay": true
          },
          {
            "id": 1,
            "steps": 5,
            "isHome": false,
            "isInPlay": true
          },
          {
            "id": 2,
            "steps": 11,
            "isHome": false,
            "isInPlay": true
          },
          {
            "id": 3,
            "steps": 7,
            "isHome": false,
            "isInPlay": true
          }
        ],
        "isOffline": false
      }
    ],
    "selectedPlayerCount": 2,
    "currentPlayer": 1,
    "diceValue": 2,
    "gameStarted": true,
    "timestamp": 1787173072598,
    "playersSeq": 30
  }
}
[2026-08-19T21:00:22.015Z] [LUDO-EVENT] players-get-response {
  "gameId": "mt0klwrsc948p4"
}
[2026-08-19T21:00:22.015Z] [LUDO-STATE] game:mt0klwrsc948p4 {
  "gameId": "mt0klwrsc948p4",
  "snapshot": {
    "gameId": "mt0klwrsc948p4",
    "players": [
      {
        "id": 0,
        "name": "Mohammad Ikram",
        "color": "#E53935",
        "avatar": "https://res.cloudinary.com/dz88yjerw/image/upload/v1786061008/y2bgpcmceri6ogm2anvw.png",
        "cover": "https://res.cloudinary.com/dz88yjerw/image/upload/v1780098021/abtk9davy21pzff2x0cd.png",
        "profileId": "67bf1e4009395add03e1e234",
        "isActive": true,
        "pieces": [
          {
            "id": 0,
            "steps": 1,
            "isHome": false,
            "isInPlay": true
          },
          {
            "id": 1,
            "steps": 6,
            "isHome": false,
            "isInPlay": true
          },
          {
            "id": 2,
            "steps": 12,
            "isHome": false,
            "isInPlay": true
          },
          {
            "id": 3,
            "steps": 0,
            "isHome": true,
            "isInPlay": false
          }
        ],
        "isOffline": false
      },
      {
        "id": 1,
        "name": "Md Atik",
        "color": "#43A047",
        "avatar": "https://res.cloudinary.com/dz88yjerw/image/upload/v1779774308/ccut8qllcbmzl6bxx0yy.png",
        "cover": "https://res.cloudinary.com/dz88yjerw/image/upload/v1759779146/gyshxw4n76fbsohz3rcz.jpg",
        "profileId": "67e431d61e4463f7adfa544e",
        "isActive": true,
        "pieces": [
          {
            "id": 0,
            "steps": 3,
            "isHome": false,
            "isInPlay": true
          },
          {
            "id": 1,
            "steps": 5,
            "isHome": false,
            "isInPlay": true
          },
          {
            "id": 2,
            "steps": 11,
            "isHome": false,
            "isInPlay": true
          },
          {
            "id": 3,
            "steps": 7,
            "isHome": false,
            "isInPlay": true
          }
        ],
        "isOffline": false
      }
    ],
    "selectedPlayerCount": 2,
    "currentPlayer": 1,
    "diceValue": 2,
    "gameStarted": true,
    "timestamp": 1787173072598,
    "playersSeq": 30
  }
}
[2026-08-19T21:00:25.016Z] [LUDO-EVENT] players-get-response {
  "gameId": "mt0klwrsc948p4"
}
[2026-08-19T21:00:25.017Z] [LUDO-STATE] game:mt0klwrsc948p4 {
  "gameId": "mt0klwrsc948p4",
  "snapshot": {
    "gameId": "mt0klwrsc948p4",
    "players": [
      {
        "id": 0,
        "name": "Mohammad Ikram",
        "color": "#E53935",
        "avatar": "https://res.cloudinary.com/dz88yjerw/image/upload/v1786061008/y2bgpcmceri6ogm2anvw.png",
        "cover": "https://res.cloudinary.com/dz88yjerw/image/upload/v1780098021/abtk9davy21pzff2x0cd.png",
        "profileId": "67bf1e4009395add03e1e234",
        "isActive": true,
        "pieces": [
          {
            "id": 0,
            "steps": 1,
            "isHome": false,
            "isInPlay": true
          },
          {
            "id": 1,
            "steps": 6,
            "isHome": false,
            "isInPlay": true
          },
          {
            "id": 2,
            "steps": 12,
            "isHome": false,
            "isInPlay": true
          },
          {
            "id": 3,
            "steps": 0,
            "isHome": true,
            "isInPlay": false
          }
        ],
        "isOffline": false
      },
      {
        "id": 1,
        "name": "Md Atik",
        "color": "#43A047",
        "avatar": "https://res.cloudinary.com/dz88yjerw/image/upload/v1779774308/ccut8qllcbmzl6bxx0yy.png",
        "cover": "https://res.cloudinary.com/dz88yjerw/image/upload/v1759779146/gyshxw4n76fbsohz3rcz.jpg",
        "profileId": "67e431d61e4463f7adfa544e",
        "isActive": true,
        "pieces": [
          {
            "id": 0,
            "steps": 3,
            "isHome": false,
            "isInPlay": true
          },
          {
            "id": 1,
            "steps": 5,
            "isHome": false,
            "isInPlay": true
          },
          {
            "id": 2,
            "steps": 11,
            "isHome": false,
            "isInPlay": true
          },
          {
            "id": 3,
            "steps": 7,
            "isHome": false,
            "isInPlay": true
          }
        ],
        "isOffline": false
      }
    ],
    "selectedPlayerCount": 2,
    "currentPlayer": 1,
    "diceValue": 2,
    "gameStarted": true,
    "timestamp": 1787173072598,
    "playersSeq": 30
  }
}
[2026-08-19T21:00:28.019Z] [LUDO-EVENT] players-get-response {
  "gameId": "mt0klwrsc948p4"
}
[2026-08-19T21:00:28.020Z] [LUDO-STATE] game:mt0klwrsc948p4 {
  "gameId": "mt0klwrsc948p4",
  "snapshot": {
    "gameId": "mt0klwrsc948p4",
    "players": [
      {
        "id": 0,
        "name": "Mohammad Ikram",
        "color": "#E53935",
        "avatar": "https://res.cloudinary.com/dz88yjerw/image/upload/v1786061008/y2bgpcmceri6ogm2anvw.png",
        "cover": "https://res.cloudinary.com/dz88yjerw/image/upload/v1780098021/abtk9davy21pzff2x0cd.png",
        "profileId": "67bf1e4009395add03e1e234",
        "isActive": true,
        "pieces": [
          {
            "id": 0,
            "steps": 1,
            "isHome": false,
            "isInPlay": true
          },
          {
            "id": 1,
            "steps": 6,
            "isHome": false,
            "isInPlay": true
          },
          {
            "id": 2,
            "steps": 12,
            "isHome": false,
            "isInPlay": true
          },
          {
            "id": 3,
            "steps": 0,
            "isHome": true,
            "isInPlay": false
          }
        ],
        "isOffline": false
      },
      {
        "id": 1,
        "name": "Md Atik",
        "color": "#43A047",
        "avatar": "https://res.cloudinary.com/dz88yjerw/image/upload/v1779774308/ccut8qllcbmzl6bxx0yy.png",
        "cover": "https://res.cloudinary.com/dz88yjerw/image/upload/v1759779146/gyshxw4n76fbsohz3rcz.jpg",
        "profileId": "67e431d61e4463f7adfa544e",
        "isActive": true,
        "pieces": [
          {
            "id": 0,
            "steps": 3,
            "isHome": false,
            "isInPlay": true
          },
          {
            "id": 1,
            "steps": 5,
            "isHome": false,
            "isInPlay": true
          },
          {
            "id": 2,
            "steps": 11,
            "isHome": false,
            "isInPlay": true
          },
          {
            "id": 3,
            "steps": 7,
            "isHome": false,
            "isInPlay": true
          }
        ],
        "isOffline": false
      }
    ],
    "selectedPlayerCount": 2,
    "currentPlayer": 1,
    "diceValue": 2,
    "gameStarted": true,
    "timestamp": 1787173072598,
    "playersSeq": 30
  }
}
[2026-08-19T21:00:31.019Z] [LUDO-EVENT] players-get-response {
  "gameId": "mt0klwrsc948p4"
}
[2026-08-19T21:00:31.020Z] [LUDO-STATE] game:mt0klwrsc948p4 {
  "gameId": "mt0klwrsc948p4",
  "snapshot": {
    "gameId": "mt0klwrsc948p4",
    "players": [
      {
        "id": 0,
        "name": "Mohammad Ikram",
        "color": "#E53935",
        "avatar": "https://res.cloudinary.com/dz88yjerw/image/upload/v1786061008/y2bgpcmceri6ogm2anvw.png",
        "cover": "https://res.cloudinary.com/dz88yjerw/image/upload/v1780098021/abtk9davy21pzff2x0cd.png",
        "profileId": "67bf1e4009395add03e1e234",
        "isActive": true,
        "pieces": [
          {
            "id": 0,
            "steps": 1,
            "isHome": false,
            "isInPlay": true
          },
          {
            "id": 1,
            "steps": 6,
            "isHome": false,
            "isInPlay": true
          },
          {
            "id": 2,
            "steps": 12,
            "isHome": false,
            "isInPlay": true
          },
          {
            "id": 3,
            "steps": 0,
            "isHome": true,
            "isInPlay": false
          }
        ],
        "isOffline": false
      },
      {
        "id": 1,
        "name": "Md Atik",
        "color": "#43A047",
        "avatar": "https://res.cloudinary.com/dz88yjerw/image/upload/v1779774308/ccut8qllcbmzl6bxx0yy.png",
        "cover": "https://res.cloudinary.com/dz88yjerw/image/upload/v1759779146/gyshxw4n76fbsohz3rcz.jpg",
        "profileId": "67e431d61e4463f7adfa544e",
        "isActive": true,
        "pieces": [
          {
            "id": 0,
            "steps": 3,
            "isHome": false,
            "isInPlay": true
          },
          {
            "id": 1,
            "steps": 5,
            "isHome": false,
            "isInPlay": true
          },
          {
            "id": 2,
            "steps": 11,
            "isHome": false,
            "isInPlay": true
          },
          {
            "id": 3,
            "steps": 7,
            "isHome": false,
            "isInPlay": true
          }
        ],
        "isOffline": false
      }
    ],
    "selectedPlayerCount": 2,
    "currentPlayer": 1,
    "diceValue": 2,
    "gameStarted": true,
    "timestamp": 1787173072598,
    "playersSeq": 30
  }
}
[2026-08-19T21:00:34.021Z] [LUDO-EVENT] players-get-response {
  "gameId": "mt0klwrsc948p4"
}
[2026-08-19T21:00:34.022Z] [LUDO-STATE] game:mt0klwrsc948p4 {
  "gameId": "mt0klwrsc948p4",
  "snapshot": {
    "gameId": "mt0klwrsc948p4",
    "players": [
      {
        "id": 0,
        "name": "Mohammad Ikram",
        "color": "#E53935",
        "avatar": "https://res.cloudinary.com/dz88yjerw/image/upload/v1786061008/y2bgpcmceri6ogm2anvw.png",
        "cover": "https://res.cloudinary.com/dz88yjerw/image/upload/v1780098021/abtk9davy21pzff2x0cd.png",
        "profileId": "67bf1e4009395add03e1e234",
        "isActive": true,
        "pieces": [
          {
            "id": 0,
            "steps": 1,
            "isHome": false,
            "isInPlay": true
          },
          {
            "id": 1,
            "steps": 6,
            "isHome": false,
            "isInPlay": true
          },
          {
            "id": 2,
            "steps": 12,
            "isHome": false,
            "isInPlay": true
          },
          {
            "id": 3,
            "steps": 0,
            "isHome": true,
            "isInPlay": false
          }
        ],
        "isOffline": false
      },
      {
        "id": 1,
        "name": "Md Atik",
        "color": "#43A047",
        "avatar": "https://res.cloudinary.com/dz88yjerw/image/upload/v1779774308/ccut8qllcbmzl6bxx0yy.png",
        "cover": "https://res.cloudinary.com/dz88yjerw/image/upload/v1759779146/gyshxw4n76fbsohz3rcz.jpg",
        "profileId": "67e431d61e4463f7adfa544e",
        "isActive": true,
        "pieces": [
          {
            "id": 0,
            "steps": 3,
            "isHome": false,
            "isInPlay": true
          },
          {
            "id": 1,
            "steps": 5,
            "isHome": false,
            "isInPlay": true
          },
          {
            "id": 2,
            "steps": 11,
            "isHome": false,
            "isInPlay": true
          },
          {
            "id": 3,
            "steps": 7,
            "isHome": false,
            "isInPlay": true
          }
        ],
        "isOffline": false
      }
    ],
    "selectedPlayerCount": 2,
    "currentPlayer": 1,
    "diceValue": 2,
    "gameStarted": true,
    "timestamp": 1787173072598,
    "playersSeq": 30
  }
}
[2026-08-19T21:00:37.023Z] [LUDO-EVENT] players-get-response {
  "gameId": "mt0klwrsc948p4"
}
[2026-08-19T21:00:37.024Z] [LUDO-STATE] game:mt0klwrsc948p4 {
  "gameId": "mt0klwrsc948p4",
  "snapshot": {
    "gameId": "mt0klwrsc948p4",
    "players": [
      {
        "id": 0,
        "name": "Mohammad Ikram",
        "color": "#E53935",
        "avatar": "https://res.cloudinary.com/dz88yjerw/image/upload/v1786061008/y2bgpcmceri6ogm2anvw.png",
        "cover": "https://res.cloudinary.com/dz88yjerw/image/upload/v1780098021/abtk9davy21pzff2x0cd.png",
        "profileId": "67bf1e4009395add03e1e234",
        "isActive": true,
        "pieces": [
          {
            "id": 0,
            "steps": 1,
            "isHome": false,
            "isInPlay": true
          },
          {
            "id": 1,
            "steps": 6,
            "isHome": false,
            "isInPlay": true
          },
          {
            "id": 2,
            "steps": 12,
            "isHome": false,
            "isInPlay": true
          },
          {
            "id": 3,
            "steps": 0,
            "isHome": true,
            "isInPlay": false
          }
        ],
        "isOffline": false
      },
      {
        "id": 1,
        "name": "Md Atik",
        "color": "#43A047",
        "avatar": "https://res.cloudinary.com/dz88yjerw/image/upload/v1779774308/ccut8qllcbmzl6bxx0yy.png",
        "cover": "https://res.cloudinary.com/dz88yjerw/image/upload/v1759779146/gyshxw4n76fbsohz3rcz.jpg",
        "profileId": "67e431d61e4463f7adfa544e",
        "isActive": true,
        "pieces": [
          {
            "id": 0,
            "steps": 3,
            "isHome": false,
            "isInPlay": true
          },
          {
            "id": 1,
            "steps": 5,
            "isHome": false,
            "isInPlay": true
          },
          {
            "id": 2,
            "steps": 11,
            "isHome": false,
            "isInPlay": true
          },
          {
            "id": 3,
            "steps": 7,
            "isHome": false,
            "isInPlay": true
          }
        ],
        "isOffline": false
      }
    ],
    "selectedPlayerCount": 2,
    "currentPlayer": 1,
    "diceValue": 2,
    "gameStarted": true,
    "timestamp": 1787173072598,
    "playersSeq": 30
  }
}
[2026-08-19T21:00:40.019Z] [LUDO-EVENT] players-get-response {
  "gameId": "mt0klwrsc948p4"
}
[2026-08-19T21:00:40.019Z] [LUDO-STATE] game:mt0klwrsc948p4 {
  "gameId": "mt0klwrsc948p4",
  "snapshot": {
    "gameId": "mt0klwrsc948p4",
    "players": [
      {
        "id": 0,
        "name": "Mohammad Ikram",
        "color": "#E53935",
        "avatar": "https://res.cloudinary.com/dz88yjerw/image/upload/v1786061008/y2bgpcmceri6ogm2anvw.png",
        "cover": "https://res.cloudinary.com/dz88yjerw/image/upload/v1780098021/abtk9davy21pzff2x0cd.png",
        "profileId": "67bf1e4009395add03e1e234",
        "isActive": true,
        "pieces": [
          {
            "id": 0,
            "steps": 1,
            "isHome": false,
            "isInPlay": true
          },
          {
            "id": 1,
            "steps": 6,
            "isHome": false,
            "isInPlay": true
          },
          {
            "id": 2,
            "steps": 12,
            "isHome": false,
            "isInPlay": true
          },
          {
            "id": 3,
            "steps": 0,
            "isHome": true,
            "isInPlay": false
          }
        ],
        "isOffline": false
      },
      {
        "id": 1,
        "name": "Md Atik",
        "color": "#43A047",
        "avatar": "https://res.cloudinary.com/dz88yjerw/image/upload/v1779774308/ccut8qllcbmzl6bxx0yy.png",
        "cover": "https://res.cloudinary.com/dz88yjerw/image/upload/v1759779146/gyshxw4n76fbsohz3rcz.jpg",
        "profileId": "67e431d61e4463f7adfa544e",
        "isActive": true,
        "pieces": [
          {
            "id": 0,
            "steps": 3,
            "isHome": false,
            "isInPlay": true
          },
          {
            "id": 1,
            "steps": 5,
            "isHome": false,
            "isInPlay": true
          },
          {
            "id": 2,
            "steps": 11,
            "isHome": false,
            "isInPlay": true
          },
          {
            "id": 3,
            "steps": 7,
            "isHome": false,
            "isInPlay": true
          }
        ],
        "isOffline": false
      }
    ],
    "selectedPlayerCount": 2,
    "currentPlayer": 1,
    "diceValue": 2,
    "gameStarted": true,
    "timestamp": 1787173072598,
    "playersSeq": 30
  }
}
[2026-08-19T21:00:40.024Z] [LUDO-EVENT] players-get-response {
  "gameId": "mt0klwrsc948p4"
}
[2026-08-19T21:00:40.025Z] [LUDO-STATE] game:mt0klwrsc948p4 {
  "gameId": "mt0klwrsc948p4",
  "snapshot": {
    "gameId": "mt0klwrsc948p4",
    "players": [
      {
        "id": 0,
        "name": "Mohammad Ikram",
        "color": "#E53935",
        "avatar": "https://res.cloudinary.com/dz88yjerw/image/upload/v1786061008/y2bgpcmceri6ogm2anvw.png",
        "cover": "https://res.cloudinary.com/dz88yjerw/image/upload/v1780098021/abtk9davy21pzff2x0cd.png",
        "profileId": "67bf1e4009395add03e1e234",
        "isActive": true,
        "pieces": [
          {
            "id": 0,
            "steps": 1,
            "isHome": false,
            "isInPlay": true
          },
          {
            "id": 1,
            "steps": 6,
            "isHome": false,
            "isInPlay": true
          },
          {
            "id": 2,
            "steps": 12,
            "isHome": false,
            "isInPlay": true
          },
          {
            "id": 3,
            "steps": 0,
            "isHome": true,
            "isInPlay": false
          }
        ],
        "isOffline": false
      },
      {
        "id": 1,
        "name": "Md Atik",
        "color": "#43A047",
        "avatar": "https://res.cloudinary.com/dz88yjerw/image/upload/v1779774308/ccut8qllcbmzl6bxx0yy.png",
        "cover": "https://res.cloudinary.com/dz88yjerw/image/upload/v1759779146/gyshxw4n76fbsohz3rcz.jpg",
        "profileId": "67e431d61e4463f7adfa544e",
        "isActive": true,
        "pieces": [
          {
            "id": 0,
            "steps": 3,
            "isHome": false,
            "isInPlay": true
          },
          {
            "id": 1,
            "steps": 5,
            "isHome": false,
            "isInPlay": true
          },
          {
            "id": 2,
            "steps": 11,
            "isHome": false,
            "isInPlay": true
          },
          {
            "id": 3,
            "steps": 7,
            "isHome": false,
            "isInPlay": true
          }
        ],
        "isOffline": false
      }
    ],
    "selectedPlayerCount": 2,
    "currentPlayer": 1,
    "diceValue": 2,
    "gameStarted": true,
    "timestamp": 1787173072598,
    "playersSeq": 30
  }
}
[2026-08-19T21:00:43.026Z] [LUDO-EVENT] players-get-response {
  "gameId": "mt0klwrsc948p4"
}
[2026-08-19T21:00:43.027Z] [LUDO-STATE] game:mt0klwrsc948p4 {
  "gameId": "mt0klwrsc948p4",
  "snapshot": {
    "gameId": "mt0klwrsc948p4",
    "players": [
      {
        "id": 0,
        "name": "Mohammad Ikram",
        "color": "#E53935",
        "avatar": "https://res.cloudinary.com/dz88yjerw/image/upload/v1786061008/y2bgpcmceri6ogm2anvw.png",
        "cover": "https://res.cloudinary.com/dz88yjerw/image/upload/v1780098021/abtk9davy21pzff2x0cd.png",
        "profileId": "67bf1e4009395add03e1e234",
        "isActive": true,
        "pieces": [
          {
            "id": 0,
            "steps": 1,
            "isHome": false,
            "isInPlay": true
          },
          {
            "id": 1,
            "steps": 6,
            "isHome": false,
            "isInPlay": true
          },
          {
            "id": 2,
            "steps": 12,
            "isHome": false,
            "isInPlay": true
          },
          {
            "id": 3,
            "steps": 0,
            "isHome": true,
            "isInPlay": false
          }
        ],
        "isOffline": false
      },
      {
        "id": 1,
        "name": "Md Atik",
        "color": "#43A047",
        "avatar": "https://res.cloudinary.com/dz88yjerw/image/upload/v1779774308/ccut8qllcbmzl6bxx0yy.png",
        "cover": "https://res.cloudinary.com/dz88yjerw/image/upload/v1759779146/gyshxw4n76fbsohz3rcz.jpg",
        "profileId": "67e431d61e4463f7adfa544e",
        "isActive": true,
        "pieces": [
          {
            "id": 0,
            "steps": 3,
            "isHome": false,
            "isInPlay": true
          },
          {
            "id": 1,
            "steps": 5,
            "isHome": false,
            "isInPlay": true
          },
          {
            "id": 2,
            "steps": 11,
            "isHome": false,
            "isInPlay": true
          },
          {
            "id": 3,
            "steps": 7,
            "isHome": false,
            "isInPlay": true
          }
        ],
        "isOffline": false
      }
    ],
    "selectedPlayerCount": 2,
    "currentPlayer": 1,
    "diceValue": 2,
    "gameStarted": true,
    "timestamp": 1787173072598,
    "playersSeq": 30
  }
}
[2026-08-19T21:00:46.028Z] [LUDO-EVENT] players-get-response {
  "gameId": "mt0klwrsc948p4"
}
[2026-08-19T21:00:46.029Z] [LUDO-STATE] game:mt0klwrsc948p4 {
  "gameId": "mt0klwrsc948p4",
  "snapshot": {
    "gameId": "mt0klwrsc948p4",
    "players": [
      {
        "id": 0,
        "name": "Mohammad Ikram",
        "color": "#E53935",
        "avatar": "https://res.cloudinary.com/dz88yjerw/image/upload/v1786061008/y2bgpcmceri6ogm2anvw.png",
        "cover": "https://res.cloudinary.com/dz88yjerw/image/upload/v1780098021/abtk9davy21pzff2x0cd.png",
        "profileId": "67bf1e4009395add03e1e234",
        "isActive": true,
        "pieces": [
          {
            "id": 0,
            "steps": 1,
            "isHome": false,
            "isInPlay": true
          },
          {
            "id": 1,
            "steps": 6,
            "isHome": false,
            "isInPlay": true
          },
          {
            "id": 2,
            "steps": 12,
            "isHome": false,
            "isInPlay": true
          },
          {
            "id": 3,
            "steps": 0,
            "isHome": true,
            "isInPlay": false
          }
        ],
        "isOffline": false
      },
      {
        "id": 1,
        "name": "Md Atik",
        "color": "#43A047",
        "avatar": "https://res.cloudinary.com/dz88yjerw/image/upload/v1779774308/ccut8qllcbmzl6bxx0yy.png",
        "cover": "https://res.cloudinary.com/dz88yjerw/image/upload/v1759779146/gyshxw4n76fbsohz3rcz.jpg",
        "profileId": "67e431d61e4463f7adfa544e",
        "isActive": true,
        "pieces": [
          {
            "id": 0,
            "steps": 3,
            "isHome": false,
            "isInPlay": true
          },
          {
            "id": 1,
            "steps": 5,
            "isHome": false,
            "isInPlay": true
          },
          {
            "id": 2,
            "steps": 11,
            "isHome": false,
            "isInPlay": true
          },
          {
            "id": 3,
            "steps": 7,
            "isHome": false,
            "isInPlay": true
          }
        ],
        "isOffline": false
      }
    ],
    "selectedPlayerCount": 2,
    "currentPlayer": 1,
    "diceValue": 2,
    "gameStarted": true,
    "timestamp": 1787173072598,
    "playersSeq": 30
  }
}
[2026-08-19T21:00:49.029Z] [LUDO-EVENT] players-get-response {
  "gameId": "mt0klwrsc948p4"
}
[2026-08-19T21:00:49.029Z] [LUDO-STATE] game:mt0klwrsc948p4 {
  "gameId": "mt0klwrsc948p4",
  "snapshot": {
    "gameId": "mt0klwrsc948p4",
    "players": [
      {
        "id": 0,
        "name": "Mohammad Ikram",
        "color": "#E53935",
        "avatar": "https://res.cloudinary.com/dz88yjerw/image/upload/v1786061008/y2bgpcmceri6ogm2anvw.png",
        "cover": "https://res.cloudinary.com/dz88yjerw/image/upload/v1780098021/abtk9davy21pzff2x0cd.png",
        "profileId": "67bf1e4009395add03e1e234",
        "isActive": true,
        "pieces": [
          {
            "id": 0,
            "steps": 1,
            "isHome": false,
            "isInPlay": true
          },
          {
            "id": 1,
            "steps": 6,
            "isHome": false,
            "isInPlay": true
          },
          {
            "id": 2,
            "steps": 12,
            "isHome": false,
            "isInPlay": true
          },
          {
            "id": 3,
            "steps": 0,
            "isHome": true,
            "isInPlay": false
          }
        ],
        "isOffline": false
      },
      {
        "id": 1,
        "name": "Md Atik",
        "color": "#43A047",
        "avatar": "https://res.cloudinary.com/dz88yjerw/image/upload/v1779774308/ccut8qllcbmzl6bxx0yy.png",
        "cover": "https://res.cloudinary.com/dz88yjerw/image/upload/v1759779146/gyshxw4n76fbsohz3rcz.jpg",
        "profileId": "67e431d61e4463f7adfa544e",
        "isActive": true,
        "pieces": [
          {
            "id": 0,
            "steps": 3,
            "isHome": false,
            "isInPlay": true
          },
          {
            "id": 1,
            "steps": 5,
            "isHome": false,
            "isInPlay": true
          },
          {
            "id": 2,
            "steps": 11,
            "isHome": false,
            "isInPlay": true
          },
          {
            "id": 3,
            "steps": 7,
            "isHome": false,
            "isInPlay": true
          }
        ],
        "isOffline": false
      }
    ],
    "selectedPlayerCount": 2,
    "currentPlayer": 1,
    "diceValue": 2,
    "gameStarted": true,
    "timestamp": 1787173072598,
    "playersSeq": 30
  }
}
[2026-08-19T21:00:52.029Z] [LUDO-EVENT] players-get-response {
  "gameId": "mt0klwrsc948p4"
}
[2026-08-19T21:00:52.029Z] [LUDO-STATE] game:mt0klwrsc948p4 {
  "gameId": "mt0klwrsc948p4",
  "snapshot": {
    "gameId": "mt0klwrsc948p4",
    "players": [
      {
        "id": 0,
        "name": "Mohammad Ikram",
        "color": "#E53935",
        "avatar": "https://res.cloudinary.com/dz88yjerw/image/upload/v1786061008/y2bgpcmceri6ogm2anvw.png",
        "cover": "https://res.cloudinary.com/dz88yjerw/image/upload/v1780098021/abtk9davy21pzff2x0cd.png",
        "profileId": "67bf1e4009395add03e1e234",
        "isActive": true,
        "pieces": [
          {
            "id": 0,
            "steps": 1,
            "isHome": false,
            "isInPlay": true
          },
          {
            "id": 1,
            "steps": 6,
            "isHome": false,
            "isInPlay": true
          },
          {
            "id": 2,
            "steps": 12,
            "isHome": false,
            "isInPlay": true
          },
          {
            "id": 3,
            "steps": 0,
            "isHome": true,
            "isInPlay": false
          }
        ],
        "isOffline": false
      },
      {
        "id": 1,
        "name": "Md Atik",
        "color": "#43A047",
        "avatar": "https://res.cloudinary.com/dz88yjerw/image/upload/v1779774308/ccut8qllcbmzl6bxx0yy.png",
        "cover": "https://res.cloudinary.com/dz88yjerw/image/upload/v1759779146/gyshxw4n76fbsohz3rcz.jpg",
        "profileId": "67e431d61e4463f7adfa544e",
        "isActive": true,
        "pieces": [
          {
            "id": 0,
            "steps": 3,
            "isHome": false,
            "isInPlay": true
          },
          {
            "id": 1,
            "steps": 5,
            "isHome": false,
            "isInPlay": true
          },
          {
            "id": 2,
            "steps": 11,
            "isHome": false,
            "isInPlay": true
          },
          {
            "id": 3,
            "steps": 7,
            "isHome": false,
            "isInPlay": true
          }
        ],
        "isOffline": false
      }
    ],
    "selectedPlayerCount": 2,
    "currentPlayer": 1,
    "diceValue": 2,
    "gameStarted": true,
    "timestamp": 1787173072598,
    "playersSeq": 30
  }
}
[2026-08-19T21:00:55.031Z] [LUDO-EVENT] players-get-response {
  "gameId": "mt0klwrsc948p4"
}
[2026-08-19T21:00:55.031Z] [LUDO-STATE] game:mt0klwrsc948p4 {
  "gameId": "mt0klwrsc948p4",
  "snapshot": {
    "gameId": "mt0klwrsc948p4",
    "players": [
      {
        "id": 0,
        "name": "Mohammad Ikram",
        "color": "#E53935",
        "avatar": "https://res.cloudinary.com/dz88yjerw/image/upload/v1786061008/y2bgpcmceri6ogm2anvw.png",
        "cover": "https://res.cloudinary.com/dz88yjerw/image/upload/v1780098021/abtk9davy21pzff2x0cd.png",
        "profileId": "67bf1e4009395add03e1e234",
        "isActive": true,
        "pieces": [
          {
            "id": 0,
            "steps": 1,
            "isHome": false,
            "isInPlay": true
          },
          {
            "id": 1,
            "steps": 6,
            "isHome": false,
            "isInPlay": true
          },
          {
            "id": 2,
            "steps": 12,
            "isHome": false,
            "isInPlay": true
          },
          {
            "id": 3,
            "steps": 0,
            "isHome": true,
            "isInPlay": false
          }
        ],
        "isOffline": false
      },
      {
        "id": 1,
        "name": "Md Atik",
        "color": "#43A047",
        "avatar": "https://res.cloudinary.com/dz88yjerw/image/upload/v1779774308/ccut8qllcbmzl6bxx0yy.png",
        "cover": "https://res.cloudinary.com/dz88yjerw/image/upload/v1759779146/gyshxw4n76fbsohz3rcz.jpg",
        "profileId": "67e431d61e4463f7adfa544e",
        "isActive": true,
        "pieces": [
          {
            "id": 0,
            "steps": 3,
            "isHome": false,
            "isInPlay": true
          },
          {
            "id": 1,
            "steps": 5,
            "isHome": false,
            "isInPlay": true
          },
          {
            "id": 2,
            "steps": 11,
            "isHome": false,
            "isInPlay": true
          },
          {
            "id": 3,
            "steps": 7,
            "isHome": false,
            "isInPlay": true
          }
        ],
        "isOffline": false
      }
    ],
    "selectedPlayerCount": 2,
    "currentPlayer": 1,
    "diceValue": 2,
    "gameStarted": true,
    "timestamp": 1787173072598,
    "playersSeq": 30
  }
}
[2026-08-19T21:00:58.032Z] [LUDO-EVENT] players-get-response {
  "gameId": "mt0klwrsc948p4"
}
[2026-08-19T21:00:58.033Z] [LUDO-STATE] game:mt0klwrsc948p4 {
  "gameId": "mt0klwrsc948p4",
  "snapshot": {
    "gameId": "mt0klwrsc948p4",
    "players": [
      {
        "id": 0,
        "name": "Mohammad Ikram",
        "color": "#E53935",
        "avatar": "https://res.cloudinary.com/dz88yjerw/image/upload/v1786061008/y2bgpcmceri6ogm2anvw.png",
        "cover": "https://res.cloudinary.com/dz88yjerw/image/upload/v1780098021/abtk9davy21pzff2x0cd.png",
        "profileId": "67bf1e4009395add03e1e234",
        "isActive": true,
        "pieces": [
          {
            "id": 0,
            "steps": 1,
            "isHome": false,
            "isInPlay": true
          },
          {
            "id": 1,
            "steps": 6,
            "isHome": false,
            "isInPlay": true
          },
          {
            "id": 2,
            "steps": 12,
            "isHome": false,
            "isInPlay": true
          },
          {
            "id": 3,
            "steps": 0,
            "isHome": true,
            "isInPlay": false
          }
        ],
        "isOffline": false
      },
      {
        "id": 1,
        "name": "Md Atik",
        "color": "#43A047",
        "avatar": "https://res.cloudinary.com/dz88yjerw/image/upload/v1779774308/ccut8qllcbmzl6bxx0yy.png",
        "cover": "https://res.cloudinary.com/dz88yjerw/image/upload/v1759779146/gyshxw4n76fbsohz3rcz.jpg",
        "profileId": "67e431d61e4463f7adfa544e",
        "isActive": true,
        "pieces": [
          {
            "id": 0,
            "steps": 3,
            "isHome": false,
            "isInPlay": true
          },
          {
            "id": 1,
            "steps": 5,
            "isHome": false,
            "isInPlay": true
          },
          {
            "id": 2,
            "steps": 11,
            "isHome": false,
            "isInPlay": true
          },
          {
            "id": 3,
            "steps": 7,
            "isHome": false,
            "isInPlay": true
          }
        ],
        "isOffline": false
      }
    ],
    "selectedPlayerCount": 2,
    "currentPlayer": 1,
    "diceValue": 2,
    "gameStarted": true,
    "timestamp": 1787173072598,
    "playersSeq": 30
  }
}
[2026-08-19T21:01:01.033Z] [LUDO-EVENT] players-get-response {
  "gameId": "mt0klwrsc948p4"
}
[2026-08-19T21:01:01.034Z] [LUDO-STATE] game:mt0klwrsc948p4 {
  "gameId": "mt0klwrsc948p4",
  "snapshot": {
    "gameId": "mt0klwrsc948p4",
    "players": [
      {
        "id": 0,
        "name": "Mohammad Ikram",
        "color": "#E53935",
        "avatar": "https://res.cloudinary.com/dz88yjerw/image/upload/v1786061008/y2bgpcmceri6ogm2anvw.png",
        "cover": "https://res.cloudinary.com/dz88yjerw/image/upload/v1780098021/abtk9davy21pzff2x0cd.png",
        "profileId": "67bf1e4009395add03e1e234",
        "isActive": true,
        "pieces": [
          {
            "id": 0,
            "steps": 1,
            "isHome": false,
            "isInPlay": true
          },
          {
            "id": 1,
            "steps": 6,
            "isHome": false,
            "isInPlay": true
          },
          {
            "id": 2,
            "steps": 12,
            "isHome": false,
            "isInPlay": true
          },
          {
            "id": 3,
            "steps": 0,
            "isHome": true,
            "isInPlay": false
          }
        ],
        "isOffline": false
      },
      {
        "id": 1,
        "name": "Md Atik",
        "color": "#43A047",
        "avatar": "https://res.cloudinary.com/dz88yjerw/image/upload/v1779774308/ccut8qllcbmzl6bxx0yy.png",
        "cover": "https://res.cloudinary.com/dz88yjerw/image/upload/v1759779146/gyshxw4n76fbsohz3rcz.jpg",
        "profileId": "67e431d61e4463f7adfa544e",
        "isActive": true,
        "pieces": [
          {
            "id": 0,
            "steps": 3,
            "isHome": false,
            "isInPlay": true
          },
          {
            "id": 1,
            "steps": 5,
            "isHome": false,
            "isInPlay": true
          },
          {
            "id": 2,
            "steps": 11,
            "isHome": false,
            "isInPlay": true
          },
          {
            "id": 3,
            "steps": 7,
            "isHome": false,
            "isInPlay": true
          }
        ],
        "isOffline": false
      }
    ],
    "selectedPlayerCount": 2,
    "currentPlayer": 1,
    "diceValue": 2,
    "gameStarted": true,
    "timestamp": 1787173072598,
    "playersSeq": 30
  }
}
[2026-08-19T21:01:04.035Z] [LUDO-EVENT] players-get-response {
  "gameId": "mt0klwrsc948p4"
}
[2026-08-19T21:01:04.036Z] [LUDO-STATE] game:mt0klwrsc948p4 {
  "gameId": "mt0klwrsc948p4",
  "snapshot": {
    "gameId": "mt0klwrsc948p4",
    "players": [
      {
        "id": 0,
        "name": "Mohammad Ikram",
        "color": "#E53935",
        "avatar": "https://res.cloudinary.com/dz88yjerw/image/upload/v1786061008/y2bgpcmceri6ogm2anvw.png",
        "cover": "https://res.cloudinary.com/dz88yjerw/image/upload/v1780098021/abtk9davy21pzff2x0cd.png",
        "profileId": "67bf1e4009395add03e1e234",
        "isActive": true,
        "pieces": [
          {
            "id": 0,
            "steps": 1,
            "isHome": false,
            "isInPlay": true
          },
          {
            "id": 1,
            "steps": 6,
            "isHome": false,
            "isInPlay": true
          },
          {
            "id": 2,
            "steps": 12,
            "isHome": false,
            "isInPlay": true
          },
          {
            "id": 3,
            "steps": 0,
            "isHome": true,
            "isInPlay": false
          }
        ],
        "isOffline": false
      },
      {
        "id": 1,
        "name": "Md Atik",
        "color": "#43A047",
        "avatar": "https://res.cloudinary.com/dz88yjerw/image/upload/v1779774308/ccut8qllcbmzl6bxx0yy.png",
        "cover": "https://res.cloudinary.com/dz88yjerw/image/upload/v1759779146/gyshxw4n76fbsohz3rcz.jpg",
        "profileId": "67e431d61e4463f7adfa544e",
        "isActive": true,
        "pieces": [
          {
            "id": 0,
            "steps": 3,
            "isHome": false,
            "isInPlay": true
          },
          {
            "id": 1,
            "steps": 5,
            "isHome": false,
            "isInPlay": true
          },
          {
            "id": 2,
            "steps": 11,
            "isHome": false,
            "isInPlay": true
          },
          {
            "id": 3,
            "steps": 7,
            "isHome": false,
            "isInPlay": true
          }
        ],
        "isOffline": false
      }
    ],
    "selectedPlayerCount": 2,
    "currentPlayer": 1,
    "diceValue": 2,
    "gameStarted": true,
    "timestamp": 1787173072598,
    "playersSeq": 30
  }
}
[2026-08-19T21:01:07.037Z] [LUDO-EVENT] players-get-response {
  "gameId": "mt0klwrsc948p4"
}
[2026-08-19T21:01:07.038Z] [LUDO-STATE] game:mt0klwrsc948p4 {
  "gameId": "mt0klwrsc948p4",
  "snapshot": {
    "gameId": "mt0klwrsc948p4",
    "players": [
      {
        "id": 0,
        "name": "Mohammad Ikram",
        "color": "#E53935",
        "avatar": "https://res.cloudinary.com/dz88yjerw/image/upload/v1786061008/y2bgpcmceri6ogm2anvw.png",
        "cover": "https://res.cloudinary.com/dz88yjerw/image/upload/v1780098021/abtk9davy21pzff2x0cd.png",
        "profileId": "67bf1e4009395add03e1e234",
        "isActive": true,
        "pieces": [
          {
            "id": 0,
            "steps": 1,
            "isHome": false,
            "isInPlay": true
          },
          {
            "id": 1,
            "steps": 6,
            "isHome": false,
            "isInPlay": true
          },
          {
            "id": 2,
            "steps": 12,
            "isHome": false,
            "isInPlay": true
          },
          {
            "id": 3,
            "steps": 0,
            "isHome": true,
            "isInPlay": false
          }
        ],
        "isOffline": false
      },
      {
        "id": 1,
        "name": "Md Atik",
        "color": "#43A047",
        "avatar": "https://res.cloudinary.com/dz88yjerw/image/upload/v1779774308/ccut8qllcbmzl6bxx0yy.png",
        "cover": "https://res.cloudinary.com/dz88yjerw/image/upload/v1759779146/gyshxw4n76fbsohz3rcz.jpg",
        "profileId": "67e431d61e4463f7adfa544e",
        "isActive": true,
        "pieces": [
          {
            "id": 0,
            "steps": 3,
            "isHome": false,
            "isInPlay": true
          },
          {
            "id": 1,
            "steps": 5,
            "isHome": false,
            "isInPlay": true
          },
          {
            "id": 2,
            "steps": 11,
            "isHome": false,
            "isInPlay": true
          },
          {
            "id": 3,
            "steps": 7,
            "isHome": false,
            "isInPlay": true
          }
        ],
        "isOffline": false
      }
    ],
    "selectedPlayerCount": 2,
    "currentPlayer": 1,
    "diceValue": 2,
    "gameStarted": true,
    "timestamp": 1787173072598,
    "playersSeq": 30
  }
}
[2026-08-19T21:01:10.037Z] [LUDO-EVENT] players-get-response {
  "gameId": "mt0klwrsc948p4"
}
[2026-08-19T21:01:10.038Z] [LUDO-STATE] game:mt0klwrsc948p4 {
  "gameId": "mt0klwrsc948p4",
  "snapshot": {
    "gameId": "mt0klwrsc948p4",
    "players": [
      {
        "id": 0,
        "name": "Mohammad Ikram",
        "color": "#E53935",
        "avatar": "https://res.cloudinary.com/dz88yjerw/image/upload/v1786061008/y2bgpcmceri6ogm2anvw.png",
        "cover": "https://res.cloudinary.com/dz88yjerw/image/upload/v1780098021/abtk9davy21pzff2x0cd.png",
        "profileId": "67bf1e4009395add03e1e234",
        "isActive": true,
        "pieces": [
          {
            "id": 0,
            "steps": 1,
            "isHome": false,
            "isInPlay": true
          },
          {
            "id": 1,
            "steps": 6,
            "isHome": false,
            "isInPlay": true
          },
          {
            "id": 2,
            "steps": 12,
            "isHome": false,
            "isInPlay": true
          },
          {
            "id": 3,
            "steps": 0,
            "isHome": true,
            "isInPlay": false
          }
        ],
        "isOffline": false
      },
      {
        "id": 1,
        "name": "Md Atik",
        "color": "#43A047",
        "avatar": "https://res.cloudinary.com/dz88yjerw/image/upload/v1779774308/ccut8qllcbmzl6bxx0yy.png",
        "cover": "https://res.cloudinary.com/dz88yjerw/image/upload/v1759779146/gyshxw4n76fbsohz3rcz.jpg",
        "profileId": "67e431d61e4463f7adfa544e",
        "isActive": true,
        "pieces": [
          {
            "id": 0,
            "steps": 3,
            "isHome": false,
            "isInPlay": true
          },
          {
            "id": 1,
            "steps": 5,
            "isHome": false,
            "isInPlay": true
          },
          {
            "id": 2,
            "steps": 11,
            "isHome": false,
            "isInPlay": true
          },
          {
            "id": 3,
            "steps": 7,
            "isHome": false,
            "isInPlay": true
          }
        ],
        "isOffline": false
      }
    ],
    "selectedPlayerCount": 2,
    "currentPlayer": 1,
    "diceValue": 2,
    "gameStarted": true,
    "timestamp": 1787173072598,
    "playersSeq": 30
  }
}
[2026-08-19T21:01:13.039Z] [LUDO-EVENT] players-get-response {
  "gameId": "mt0klwrsc948p4"
}
[2026-08-19T21:01:13.040Z] [LUDO-STATE] game:mt0klwrsc948p4 {
  "gameId": "mt0klwrsc948p4",
  "snapshot": {
    "gameId": "mt0klwrsc948p4",
    "players": [
      {
        "id": 0,
        "name": "Mohammad Ikram",
        "color": "#E53935",
        "avatar": "https://res.cloudinary.com/dz88yjerw/image/upload/v1786061008/y2bgpcmceri6ogm2anvw.png",
        "cover": "https://res.cloudinary.com/dz88yjerw/image/upload/v1780098021/abtk9davy21pzff2x0cd.png",
        "profileId": "67bf1e4009395add03e1e234",
        "isActive": true,
        "pieces": [
          {
            "id": 0,
            "steps": 1,
            "isHome": false,
            "isInPlay": true
          },
          {
            "id": 1,
            "steps": 6,
            "isHome": false,
            "isInPlay": true
          },
          {
            "id": 2,
            "steps": 12,
            "isHome": false,
            "isInPlay": true
          },
          {
            "id": 3,
            "steps": 0,
            "isHome": true,
            "isInPlay": false
          }
        ],
        "isOffline": false
      },
      {
        "id": 1,
        "name": "Md Atik",
        "color": "#43A047",
        "avatar": "https://res.cloudinary.com/dz88yjerw/image/upload/v1779774308/ccut8qllcbmzl6bxx0yy.png",
        "cover": "https://res.cloudinary.com/dz88yjerw/image/upload/v1759779146/gyshxw4n76fbsohz3rcz.jpg",
        "profileId": "67e431d61e4463f7adfa544e",
        "isActive": true,
        "pieces": [
          {
            "id": 0,
            "steps": 3,
            "isHome": false,
            "isInPlay": true
          },
          {
            "id": 1,
            "steps": 5,
            "isHome": false,
            "isInPlay": true
          },
          {
            "id": 2,
            "steps": 11,
            "isHome": false,
            "isInPlay": true
          },
          {
            "id": 3,
            "steps": 7,
            "isHome": false,
            "isInPlay": true
          }
        ],
        "isOffline": false
      }
    ],
    "selectedPlayerCount": 2,
    "currentPlayer": 1,
    "diceValue": 2,
    "gameStarted": true,
    "timestamp": 1787173072598,
    "playersSeq": 30
  }
}
[2026-08-19T21:01:16.041Z] [LUDO-EVENT] players-get-response {
  "gameId": "mt0klwrsc948p4"
}
[2026-08-19T21:01:16.041Z] [LUDO-STATE] game:mt0klwrsc948p4 {
  "gameId": "mt0klwrsc948p4",
  "snapshot": {
    "gameId": "mt0klwrsc948p4",
    "players": [
      {
        "id": 0,
        "name": "Mohammad Ikram",
        "color": "#E53935",
        "avatar": "https://res.cloudinary.com/dz88yjerw/image/upload/v1786061008/y2bgpcmceri6ogm2anvw.png",
        "cover": "https://res.cloudinary.com/dz88yjerw/image/upload/v1780098021/abtk9davy21pzff2x0cd.png",
        "profileId": "67bf1e4009395add03e1e234",
        "isActive": true,
        "pieces": [
          {
            "id": 0,
            "steps": 1,
            "isHome": false,
            "isInPlay": true
          },
          {
            "id": 1,
            "steps": 6,
            "isHome": false,
            "isInPlay": true
          },
          {
            "id": 2,
            "steps": 12,
            "isHome": false,
            "isInPlay": true
          },
          {
            "id": 3,
            "steps": 0,
            "isHome": true,
            "isInPlay": false
          }
        ],
        "isOffline": false
      },
      {
        "id": 1,
        "name": "Md Atik",
        "color": "#43A047",
        "avatar": "https://res.cloudinary.com/dz88yjerw/image/upload/v1779774308/ccut8qllcbmzl6bxx0yy.png",
        "cover": "https://res.cloudinary.com/dz88yjerw/image/upload/v1759779146/gyshxw4n76fbsohz3rcz.jpg",
        "profileId": "67e431d61e4463f7adfa544e",
        "isActive": true,
        "pieces": [
          {
            "id": 0,
            "steps": 3,
            "isHome": false,
            "isInPlay": true
          },
          {
            "id": 1,
            "steps": 5,
            "isHome": false,
            "isInPlay": true
          },
          {
            "id": 2,
            "steps": 11,
            "isHome": false,
            "isInPlay": true
          },
          {
            "id": 3,
            "steps": 7,
            "isHome": false,
            "isInPlay": true
          }
        ],
        "isOffline": false
      }
    ],
    "selectedPlayerCount": 2,
    "currentPlayer": 1,
    "diceValue": 2,
    "gameStarted": true,
    "timestamp": 1787173072598,
    "playersSeq": 30
  }
}
[2026-08-19T21:01:19.042Z] [LUDO-EVENT] players-get-response {
  "gameId": "mt0klwrsc948p4"
}
[2026-08-19T21:01:19.043Z] [LUDO-STATE] game:mt0klwrsc948p4 {
  "gameId": "mt0klwrsc948p4",
  "snapshot": {
    "gameId": "mt0klwrsc948p4",
    "players": [
      {
        "id": 0,
        "name": "Mohammad Ikram",
        "color": "#E53935",
        "avatar": "https://res.cloudinary.com/dz88yjerw/image/upload/v1786061008/y2bgpcmceri6ogm2anvw.png",
        "cover": "https://res.cloudinary.com/dz88yjerw/image/upload/v1780098021/abtk9davy21pzff2x0cd.png",
        "profileId": "67bf1e4009395add03e1e234",
        "isActive": true,
        "pieces": [
          {
            "id": 0,
            "steps": 1,
            "isHome": false,
            "isInPlay": true
          },
          {
            "id": 1,
            "steps": 6,
            "isHome": false,
            "isInPlay": true
          },
          {
            "id": 2,
            "steps": 12,
            "isHome": false,
            "isInPlay": true
          },
          {
            "id": 3,
            "steps": 0,
            "isHome": true,
            "isInPlay": false
          }
        ],
        "isOffline": false
      },
      {
        "id": 1,
        "name": "Md Atik",
        "color": "#43A047",
        "avatar": "https://res.cloudinary.com/dz88yjerw/image/upload/v1779774308/ccut8qllcbmzl6bxx0yy.png",
        "cover": "https://res.cloudinary.com/dz88yjerw/image/upload/v1759779146/gyshxw4n76fbsohz3rcz.jpg",
        "profileId": "67e431d61e4463f7adfa544e",
        "isActive": true,
        "pieces": [
          {
            "id": 0,
            "steps": 3,
            "isHome": false,
            "isInPlay": true
          },
          {
            "id": 1,
            "steps": 5,
            "isHome": false,
            "isInPlay": true
          },
          {
            "id": 2,
            "steps": 11,
            "isHome": false,
            "isInPlay": true
          },
          {
            "id": 3,
            "steps": 7,
            "isHome": false,
            "isInPlay": true
          }
        ],
        "isOffline": false
      }
    ],
    "selectedPlayerCount": 2,
    "currentPlayer": 1,
    "diceValue": 2,
    "gameStarted": true,
    "timestamp": 1787173072598,
    "playersSeq": 30
  }
}
[2026-08-19T21:01:22.043Z] [LUDO-EVENT] players-get-response {
  "gameId": "mt0klwrsc948p4"
}
[2026-08-19T21:01:22.044Z] [LUDO-STATE] game:mt0klwrsc948p4 {
  "gameId": "mt0klwrsc948p4",
  "snapshot": {
    "gameId": "mt0klwrsc948p4",
    "players": [
      {
        "id": 0,
        "name": "Mohammad Ikram",
        "color": "#E53935",
        "avatar": "https://res.cloudinary.com/dz88yjerw/image/upload/v1786061008/y2bgpcmceri6ogm2anvw.png",
        "cover": "https://res.cloudinary.com/dz88yjerw/image/upload/v1780098021/abtk9davy21pzff2x0cd.png",
        "profileId": "67bf1e4009395add03e1e234",
        "isActive": true,
        "pieces": [
          {
            "id": 0,
            "steps": 1,
            "isHome": false,
            "isInPlay": true
          },
          {
            "id": 1,
            "steps": 6,
            "isHome": false,
            "isInPlay": true
          },
          {
            "id": 2,
            "steps": 12,
            "isHome": false,
            "isInPlay": true
          },
          {
            "id": 3,
            "steps": 0,
            "isHome": true,
            "isInPlay": false
          }
        ],
        "isOffline": false
      },
      {
        "id": 1,
        "name": "Md Atik",
        "color": "#43A047",
        "avatar": "https://res.cloudinary.com/dz88yjerw/image/upload/v1779774308/ccut8qllcbmzl6bxx0yy.png",
        "cover": "https://res.cloudinary.com/dz88yjerw/image/upload/v1759779146/gyshxw4n76fbsohz3rcz.jpg",
        "profileId": "67e431d61e4463f7adfa544e",
        "isActive": true,
        "pieces": [
          {
            "id": 0,
            "steps": 3,
            "isHome": false,
            "isInPlay": true
          },
          {
            "id": 1,
            "steps": 5,
            "isHome": false,
            "isInPlay": true
          },
          {
            "id": 2,
            "steps": 11,
            "isHome": false,
            "isInPlay": true
          },
          {
            "id": 3,
            "steps": 7,
            "isHome": false,
            "isInPlay": true
          }
        ],
        "isOffline": false
      }
    ],
    "selectedPlayerCount": 2,
    "currentPlayer": 1,
    "diceValue": 2,
    "gameStarted": true,
    "timestamp": 1787173072598,
    "playersSeq": 30
  }
}
[2026-08-19T21:01:25.044Z] [LUDO-EVENT] players-get-response {
  "gameId": "mt0klwrsc948p4"
}
[2026-08-19T21:01:25.044Z] [LUDO-STATE] game:mt0klwrsc948p4 {
  "gameId": "mt0klwrsc948p4",
  "snapshot": {
    "gameId": "mt0klwrsc948p4",
    "players": [
      {
        "id": 0,
        "name": "Mohammad Ikram",
        "color": "#E53935",
        "avatar": "https://res.cloudinary.com/dz88yjerw/image/upload/v1786061008/y2bgpcmceri6ogm2anvw.png",
        "cover": "https://res.cloudinary.com/dz88yjerw/image/upload/v1780098021/abtk9davy21pzff2x0cd.png",
        "profileId": "67bf1e4009395add03e1e234",
        "isActive": true,
        "pieces": [
          {
            "id": 0,
            "steps": 1,
            "isHome": false,
            "isInPlay": true
          },
          {
            "id": 1,
            "steps": 6,
            "isHome": false,
            "isInPlay": true
          },
          {
            "id": 2,
            "steps": 12,
            "isHome": false,
            "isInPlay": true
          },
          {
            "id": 3,
            "steps": 0,
            "isHome": true,
            "isInPlay": false
          }
        ],
        "isOffline": false
      },
      {
        "id": 1,
        "name": "Md Atik",
        "color": "#43A047",
        "avatar": "https://res.cloudinary.com/dz88yjerw/image/upload/v1779774308/ccut8qllcbmzl6bxx0yy.png",
        "cover": "https://res.cloudinary.com/dz88yjerw/image/upload/v1759779146/gyshxw4n76fbsohz3rcz.jpg",
        "profileId": "67e431d61e4463f7adfa544e",
        "isActive": true,
        "pieces": [
          {
            "id": 0,
            "steps": 3,
            "isHome": false,
            "isInPlay": true
          },
          {
            "id": 1,
            "steps": 5,
            "isHome": false,
            "isInPlay": true
          },
          {
            "id": 2,
            "steps": 11,
            "isHome": false,
            "isInPlay": true
          },
          {
            "id": 3,
            "steps": 7,
            "isHome": false,
            "isInPlay": true
          }
        ],
        "isOffline": false
      }
    ],
    "selectedPlayerCount": 2,
    "currentPlayer": 1,
    "diceValue": 2,
    "gameStarted": true,
    "timestamp": 1787173072598,
    "playersSeq": 30
  }
}
[2026-08-19T21:01:28.047Z] [LUDO-EVENT] players-get-response {
  "gameId": "mt0klwrsc948p4"
}
[2026-08-19T21:01:28.048Z] [LUDO-STATE] game:mt0klwrsc948p4 {
  "gameId": "mt0klwrsc948p4",
  "snapshot": {
    "gameId": "mt0klwrsc948p4",
    "players": [
      {
        "id": 0,
        "name": "Mohammad Ikram",
        "color": "#E53935",
        "avatar": "https://res.cloudinary.com/dz88yjerw/image/upload/v1786061008/y2bgpcmceri6ogm2anvw.png",
        "cover": "https://res.cloudinary.com/dz88yjerw/image/upload/v1780098021/abtk9davy21pzff2x0cd.png",
        "profileId": "67bf1e4009395add03e1e234",
        "isActive": true,
        "pieces": [
          {
            "id": 0,
            "steps": 1,
            "isHome": false,
            "isInPlay": true
          },
          {
            "id": 1,
            "steps": 6,
            "isHome": false,
            "isInPlay": true
          },
          {
            "id": 2,
            "steps": 12,
            "isHome": false,
            "isInPlay": true
          },
          {
            "id": 3,
            "steps": 0,
            "isHome": true,
            "isInPlay": false
          }
        ],
        "isOffline": false
      },
      {
        "id": 1,
        "name": "Md Atik",
        "color": "#43A047",
        "avatar": "https://res.cloudinary.com/dz88yjerw/image/upload/v1779774308/ccut8qllcbmzl6bxx0yy.png",
        "cover": "https://res.cloudinary.com/dz88yjerw/image/upload/v1759779146/gyshxw4n76fbsohz3rcz.jpg",
        "profileId": "67e431d61e4463f7adfa544e",
        "isActive": true,
        "pieces": [
          {
            "id": 0,
            "steps": 3,
            "isHome": false,
            "isInPlay": true
          },
          {
            "id": 1,
            "steps": 5,
            "isHome": false,
            "isInPlay": true
          },
          {
            "id": 2,
            "steps": 11,
            "isHome": false,
            "isInPlay": true
          },
          {
            "id": 3,
            "steps": 7,
            "isHome": false,
            "isInPlay": true
          }
        ],
        "isOffline": false
      }
    ],
    "selectedPlayerCount": 2,
    "currentPlayer": 1,
    "diceValue": 2,
    "gameStarted": true,
    "timestamp": 1787173072598,
    "playersSeq": 30
  }
}
[2026-08-19T21:01:34.050Z] [LUDO-EVENT] players-get-response {
  "gameId": "mt0klwrsc948p4"
}
[2026-08-19T21:01:34.050Z] [LUDO-STATE] game:mt0klwrsc948p4 {
  "gameId": "mt0klwrsc948p4",
  "snapshot": {
    "gameId": "mt0klwrsc948p4",
    "players": [
      {
        "id": 0,
        "name": "Mohammad Ikram",
        "color": "#E53935",
        "avatar": "https://res.cloudinary.com/dz88yjerw/image/upload/v1786061008/y2bgpcmceri6ogm2anvw.png",
        "cover": "https://res.cloudinary.com/dz88yjerw/image/upload/v1780098021/abtk9davy21pzff2x0cd.png",
        "profileId": "67bf1e4009395add03e1e234",
        "isActive": true,
        "pieces": [
          {
            "id": 0,
            "steps": 1,
            "isHome": false,
            "isInPlay": true
          },
          {
            "id": 1,
            "steps": 6,
            "isHome": false,
            "isInPlay": true
          },
          {
            "id": 2,
            "steps": 12,
            "isHome": false,
            "isInPlay": true
          },
          {
            "id": 3,
            "steps": 0,
            "isHome": true,
            "isInPlay": false
          }
        ],
        "isOffline": false
      },
      {
        "id": 1,
        "name": "Md Atik",
        "color": "#43A047",
        "avatar": "https://res.cloudinary.com/dz88yjerw/image/upload/v1779774308/ccut8qllcbmzl6bxx0yy.png",
        "cover": "https://res.cloudinary.com/dz88yjerw/image/upload/v1759779146/gyshxw4n76fbsohz3rcz.jpg",
        "profileId": "67e431d61e4463f7adfa544e",
        "isActive": true,
        "pieces": [
          {
            "id": 0,
            "steps": 3,
            "isHome": false,
            "isInPlay": true
          },
          {
            "id": 1,
            "steps": 5,
            "isHome": false,
            "isInPlay": true
          },
          {
            "id": 2,
            "steps": 11,
            "isHome": false,
            "isInPlay": true
          },
          {
            "id": 3,
            "steps": 7,
            "isHome": false,
            "isInPlay": true
          }
        ],
        "isOffline": false
      }
    ],
    "selectedPlayerCount": 2,
    "currentPlayer": 1,
    "diceValue": 2,
    "gameStarted": true,
    "timestamp": 1787173072598,
    "playersSeq": 30
  }
}
[2026-08-19T21:01:37.050Z] [LUDO-EVENT] players-get-response {
  "gameId": "mt0klwrsc948p4"
}
[2026-08-19T21:01:37.051Z] [LUDO-STATE] game:mt0klwrsc948p4 {
  "gameId": "mt0klwrsc948p4",
  "snapshot": {
    "gameId": "mt0klwrsc948p4",
    "players": [
      {
        "id": 0,
        "name": "Mohammad Ikram",
        "color": "#E53935",
        "avatar": "https://res.cloudinary.com/dz88yjerw/image/upload/v1786061008/y2bgpcmceri6ogm2anvw.png",
        "cover": "https://res.cloudinary.com/dz88yjerw/image/upload/v1780098021/abtk9davy21pzff2x0cd.png",
        "profileId": "67bf1e4009395add03e1e234",
        "isActive": true,
        "pieces": [
          {
            "id": 0,
            "steps": 1,
            "isHome": false,
            "isInPlay": true
          },
          {
            "id": 1,
            "steps": 6,
            "isHome": false,
            "isInPlay": true
          },
          {
            "id": 2,
            "steps": 12,
            "isHome": false,
            "isInPlay": true
          },
          {
            "id": 3,
            "steps": 0,
            "isHome": true,
            "isInPlay": false
          }
        ],
        "isOffline": false
      },
      {
        "id": 1,
        "name": "Md Atik",
        "color": "#43A047",
        "avatar": "https://res.cloudinary.com/dz88yjerw/image/upload/v1779774308/ccut8qllcbmzl6bxx0yy.png",
        "cover": "https://res.cloudinary.com/dz88yjerw/image/upload/v1759779146/gyshxw4n76fbsohz3rcz.jpg",
        "profileId": "67e431d61e4463f7adfa544e",
        "isActive": true,
        "pieces": [
          {
            "id": 0,
            "steps": 3,
            "isHome": false,
            "isInPlay": true
          },
          {
            "id": 1,
            "steps": 5,
            "isHome": false,
            "isInPlay": true
          },
          {
            "id": 2,
            "steps": 11,
            "isHome": false,
            "isInPlay": true
          },
          {
            "id": 3,
            "steps": 7,
            "isHome": false,
            "isInPlay": true
          }
        ],
        "isOffline": false
      }
    ],
    "selectedPlayerCount": 2,
    "currentPlayer": 1,
    "diceValue": 2,
    "gameStarted": true,
    "timestamp": 1787173072598,
    "playersSeq": 30
  }
}
[2026-08-19T21:01:40.017Z] [LUDO-EVENT] players-get-response {
  "gameId": "mt0klwrsc948p4"
}
[2026-08-19T21:01:40.018Z] [LUDO-STATE] game:mt0klwrsc948p4 {
  "gameId": "mt0klwrsc948p4",
  "snapshot": {
    "gameId": "mt0klwrsc948p4",
    "players": [
      {
        "id": 0,
        "name": "Mohammad Ikram",
        "color": "#E53935",
        "avatar": "https://res.cloudinary.com/dz88yjerw/image/upload/v1786061008/y2bgpcmceri6ogm2anvw.png",
        "cover": "https://res.cloudinary.com/dz88yjerw/image/upload/v1780098021/abtk9davy21pzff2x0cd.png",
        "profileId": "67bf1e4009395add03e1e234",
        "isActive": true,
        "pieces": [
          {
            "id": 0,
            "steps": 1,
            "isHome": false,
            "isInPlay": true
          },
          {
            "id": 1,
            "steps": 6,
            "isHome": false,
            "isInPlay": true
          },
          {
            "id": 2,
            "steps": 12,
            "isHome": false,
            "isInPlay": true
          },
          {
            "id": 3,
            "steps": 0,
            "isHome": true,
            "isInPlay": false
          }
        ],
        "isOffline": false
      },
      {
        "id": 1,
        "name": "Md Atik",
        "color": "#43A047",
        "avatar": "https://res.cloudinary.com/dz88yjerw/image/upload/v1779774308/ccut8qllcbmzl6bxx0yy.png",
        "cover": "https://res.cloudinary.com/dz88yjerw/image/upload/v1759779146/gyshxw4n76fbsohz3rcz.jpg",
        "profileId": "67e431d61e4463f7adfa544e",
        "isActive": true,
        "pieces": [
          {
            "id": 0,
            "steps": 3,
            "isHome": false,
            "isInPlay": true
          },
          {
            "id": 1,
            "steps": 5,
            "isHome": false,
            "isInPlay": true
          },
          {
            "id": 2,
            "steps": 11,
            "isHome": false,
            "isInPlay": true
          },
          {
            "id": 3,
            "steps": 7,
            "isHome": false,
            "isInPlay": true
          }
        ],
        "isOffline": false
      }
    ],
    "selectedPlayerCount": 2,
    "currentPlayer": 1,
    "diceValue": 2,
    "gameStarted": true,
    "timestamp": 1787173072598,
    "playersSeq": 30
  }
}
[2026-08-19T21:01:40.055Z] [LUDO-EVENT] players-get-response {
  "gameId": "mt0klwrsc948p4"
}
[2026-08-19T21:01:40.055Z] [LUDO-STATE] game:mt0klwrsc948p4 {
  "gameId": "mt0klwrsc948p4",
  "snapshot": {
    "gameId": "mt0klwrsc948p4",
    "players": [
      {
        "id": 0,
        "name": "Mohammad Ikram",
        "color": "#E53935",
        "avatar": "https://res.cloudinary.com/dz88yjerw/image/upload/v1786061008/y2bgpcmceri6ogm2anvw.png",
        "cover": "https://res.cloudinary.com/dz88yjerw/image/upload/v1780098021/abtk9davy21pzff2x0cd.png",
        "profileId": "67bf1e4009395add03e1e234",
        "isActive": true,
        "pieces": [
          {
            "id": 0,
            "steps": 1,
            "isHome": false,
            "isInPlay": true
          },
          {
            "id": 1,
            "steps": 6,
            "isHome": false,
            "isInPlay": true
          },
          {
            "id": 2,
            "steps": 12,
            "isHome": false,
            "isInPlay": true
          },
          {
            "id": 3,
            "steps": 0,
            "isHome": true,
            "isInPlay": false
          }
        ],
        "isOffline": false
      },
      {
        "id": 1,
        "name": "Md Atik",
        "color": "#43A047",
        "avatar": "https://res.cloudinary.com/dz88yjerw/image/upload/v1779774308/ccut8qllcbmzl6bxx0yy.png",
        "cover": "https://res.cloudinary.com/dz88yjerw/image/upload/v1759779146/gyshxw4n76fbsohz3rcz.jpg",
        "profileId": "67e431d61e4463f7adfa544e",
        "isActive": true,
        "pieces": [
          {
            "id": 0,
            "steps": 3,
            "isHome": false,
            "isInPlay": true
          },
          {
            "id": 1,
            "steps": 5,
            "isHome": false,
            "isInPlay": true
          },
          {
            "id": 2,
            "steps": 11,
            "isHome": false,
            "isInPlay": true
          },
          {
            "id": 3,
            "steps": 7,
            "isHome": false,
            "isInPlay": true
          }
        ],
        "isOffline": false
      }
    ],
    "selectedPlayerCount": 2,
    "currentPlayer": 1,
    "diceValue": 2,
    "gameStarted": true,
    "timestamp": 1787173072598,
    "playersSeq": 30
  }
}
[2026-08-19T21:01:43.051Z] [LUDO-EVENT] players-get-response {
  "gameId": "mt0klwrsc948p4"
}
[2026-08-19T21:01:43.051Z] [LUDO-STATE] game:mt0klwrsc948p4 {
  "gameId": "mt0klwrsc948p4",
  "snapshot": {
    "gameId": "mt0klwrsc948p4",
    "players": [
      {
        "id": 0,
        "name": "Mohammad Ikram",
        "color": "#E53935",
        "avatar": "https://res.cloudinary.com/dz88yjerw/image/upload/v1786061008/y2bgpcmceri6ogm2anvw.png",
        "cover": "https://res.cloudinary.com/dz88yjerw/image/upload/v1780098021/abtk9davy21pzff2x0cd.png",
        "profileId": "67bf1e4009395add03e1e234",
        "isActive": true,
        "pieces": [
          {
            "id": 0,
            "steps": 1,
            "isHome": false,
            "isInPlay": true
          },
          {
            "id": 1,
            "steps": 6,
            "isHome": false,
            "isInPlay": true
          },
          {
            "id": 2,
            "steps": 12,
            "isHome": false,
            "isInPlay": true
          },
          {
            "id": 3,
            "steps": 0,
            "isHome": true,
            "isInPlay": false
          }
        ],
        "isOffline": false
      },
      {
        "id": 1,
        "name": "Md Atik",
        "color": "#43A047",
        "avatar": "https://res.cloudinary.com/dz88yjerw/image/upload/v1779774308/ccut8qllcbmzl6bxx0yy.png",
        "cover": "https://res.cloudinary.com/dz88yjerw/image/upload/v1759779146/gyshxw4n76fbsohz3rcz.jpg",
        "profileId": "67e431d61e4463f7adfa544e",
        "isActive": true,
        "pieces": [
          {
            "id": 0,
            "steps": 3,
            "isHome": false,
            "isInPlay": true
          },
          {
            "id": 1,
            "steps": 5,
            "isHome": false,
            "isInPlay": true
          },
          {
            "id": 2,
            "steps": 11,
            "isHome": false,
            "isInPlay": true
          },
          {
            "id": 3,
            "steps": 7,
            "isHome": false,
            "isInPlay": true
          }
        ],
        "isOffline": false
      }
    ],
    "selectedPlayerCount": 2,
    "currentPlayer": 1,
    "diceValue": 2,
    "gameStarted": true,
    "timestamp": 1787173072598,
    "playersSeq": 30
  }
}
[2026-08-19T21:01:46.052Z] [LUDO-EVENT] players-get-response {
  "gameId": "mt0klwrsc948p4"
}
[2026-08-19T21:01:46.052Z] [LUDO-STATE] game:mt0klwrsc948p4 {
  "gameId": "mt0klwrsc948p4",
  "snapshot": {
    "gameId": "mt0klwrsc948p4",
    "players": [
      {
        "id": 0,
        "name": "Mohammad Ikram",
        "color": "#E53935",
        "avatar": "https://res.cloudinary.com/dz88yjerw/image/upload/v1786061008/y2bgpcmceri6ogm2anvw.png",
        "cover": "https://res.cloudinary.com/dz88yjerw/image/upload/v1780098021/abtk9davy21pzff2x0cd.png",
        "profileId": "67bf1e4009395add03e1e234",
        "isActive": true,
        "pieces": [
          {
            "id": 0,
            "steps": 1,
            "isHome": false,
            "isInPlay": true
          },
          {
            "id": 1,
            "steps": 6,
            "isHome": false,
            "isInPlay": true
          },
          {
            "id": 2,
            "steps": 12,
            "isHome": false,
            "isInPlay": true
          },
          {
            "id": 3,
            "steps": 0,
            "isHome": true,
            "isInPlay": false
          }
        ],
        "isOffline": false
      },
      {
        "id": 1,
        "name": "Md Atik",
        "color": "#43A047",
        "avatar": "https://res.cloudinary.com/dz88yjerw/image/upload/v1779774308/ccut8qllcbmzl6bxx0yy.png",
        "cover": "https://res.cloudinary.com/dz88yjerw/image/upload/v1759779146/gyshxw4n76fbsohz3rcz.jpg",
        "profileId": "67e431d61e4463f7adfa544e",
        "isActive": true,
        "pieces": [
          {
            "id": 0,
            "steps": 3,
            "isHome": false,
            "isInPlay": true
          },
          {
            "id": 1,
            "steps": 5,
            "isHome": false,
            "isInPlay": true
          },
          {
            "id": 2,
            "steps": 11,
            "isHome": false,
            "isInPlay": true
          },
          {
            "id": 3,
            "steps": 7,
            "isHome": false,
            "isInPlay": true
          }
        ],
        "isOffline": false
      }
    ],
    "selectedPlayerCount": 2,
    "currentPlayer": 1,
    "diceValue": 2,
    "gameStarted": true,
    "timestamp": 1787173072598,
    "playersSeq": 30
  }
}
[2026-08-19T21:01:49.052Z] [LUDO-EVENT] players-get-response {
  "gameId": "mt0klwrsc948p4"
}
[2026-08-19T21:01:49.053Z] [LUDO-STATE] game:mt0klwrsc948p4 {
  "gameId": "mt0klwrsc948p4",
  "snapshot": {
    "gameId": "mt0klwrsc948p4",
    "players": [
      {
        "id": 0,
        "name": "Mohammad Ikram",
        "color": "#E53935",
        "avatar": "https://res.cloudinary.com/dz88yjerw/image/upload/v1786061008/y2bgpcmceri6ogm2anvw.png",
        "cover": "https://res.cloudinary.com/dz88yjerw/image/upload/v1780098021/abtk9davy21pzff2x0cd.png",
        "profileId": "67bf1e4009395add03e1e234",
        "isActive": true,
        "pieces": [
          {
            "id": 0,
            "steps": 1,
            "isHome": false,
            "isInPlay": true
          },
          {
            "id": 1,
            "steps": 6,
            "isHome": false,
            "isInPlay": true
          },
          {
            "id": 2,
            "steps": 12,
            "isHome": false,
            "isInPlay": true
          },
          {
            "id": 3,
            "steps": 0,
            "isHome": true,
            "isInPlay": false
          }
        ],
        "isOffline": false
      },
      {
        "id": 1,
        "name": "Md Atik",
        "color": "#43A047",
        "avatar": "https://res.cloudinary.com/dz88yjerw/image/upload/v1779774308/ccut8qllcbmzl6bxx0yy.png",
        "cover": "https://res.cloudinary.com/dz88yjerw/image/upload/v1759779146/gyshxw4n76fbsohz3rcz.jpg",
        "profileId": "67e431d61e4463f7adfa544e",
        "isActive": true,
        "pieces": [
          {
            "id": 0,
            "steps": 3,
            "isHome": false,
            "isInPlay": true
          },
          {
            "id": 1,
            "steps": 5,
            "isHome": false,
            "isInPlay": true
          },
          {
            "id": 2,
            "steps": 11,
            "isHome": false,
            "isInPlay": true
          },
          {
            "id": 3,
            "steps": 7,
            "isHome": false,
            "isInPlay": true
          }
        ],
        "isOffline": false
      }
    ],
    "selectedPlayerCount": 2,
    "currentPlayer": 1,
    "diceValue": 2,
    "gameStarted": true,
    "timestamp": 1787173072598,
    "playersSeq": 30
  }
}
[2026-08-19T21:01:52.054Z] [LUDO-EVENT] players-get-response {
  "gameId": "mt0klwrsc948p4"
}
[2026-08-19T21:01:52.055Z] [LUDO-STATE] game:mt0klwrsc948p4 {
  "gameId": "mt0klwrsc948p4",
  "snapshot": {
    "gameId": "mt0klwrsc948p4",
    "players": [
      {
        "id": 0,
        "name": "Mohammad Ikram",
        "color": "#E53935",
        "avatar": "https://res.cloudinary.com/dz88yjerw/image/upload/v1786061008/y2bgpcmceri6ogm2anvw.png",
        "cover": "https://res.cloudinary.com/dz88yjerw/image/upload/v1780098021/abtk9davy21pzff2x0cd.png",
        "profileId": "67bf1e4009395add03e1e234",
        "isActive": true,
        "pieces": [
          {
            "id": 0,
            "steps": 1,
            "isHome": false,
            "isInPlay": true
          },
          {
            "id": 1,
            "steps": 6,
            "isHome": false,
            "isInPlay": true
          },
          {
            "id": 2,
            "steps": 12,
            "isHome": false,
            "isInPlay": true
          },
          {
            "id": 3,
            "steps": 0,
            "isHome": true,
            "isInPlay": false
          }
        ],
        "isOffline": false
      },
      {
        "id": 1,
        "name": "Md Atik",
        "color": "#43A047",
        "avatar": "https://res.cloudinary.com/dz88yjerw/image/upload/v1779774308/ccut8qllcbmzl6bxx0yy.png",
        "cover": "https://res.cloudinary.com/dz88yjerw/image/upload/v1759779146/gyshxw4n76fbsohz3rcz.jpg",
        "profileId": "67e431d61e4463f7adfa544e",
        "isActive": true,
        "pieces": [
          {
            "id": 0,
            "steps": 3,
            "isHome": false,
            "isInPlay": true
          },
          {
            "id": 1,
            "steps": 5,
            "isHome": false,
            "isInPlay": true
          },
          {
            "id": 2,
            "steps": 11,
            "isHome": false,
            "isInPlay": true
          },
          {
            "id": 3,
            "steps": 7,
            "isHome": false,
            "isInPlay": true
          }
        ],
        "isOffline": false
      }
    ],
    "selectedPlayerCount": 2,
    "currentPlayer": 1,
    "diceValue": 2,
    "gameStarted": true,
    "timestamp": 1787173072598,
    "playersSeq": 30
  }
}
[2026-08-19T21:01:55.055Z] [LUDO-EVENT] players-get-response {
  "gameId": "mt0klwrsc948p4"
}
[2026-08-19T21:01:55.055Z] [LUDO-STATE] game:mt0klwrsc948p4 {
  "gameId": "mt0klwrsc948p4",
  "snapshot": {
    "gameId": "mt0klwrsc948p4",
    "players": [
      {
        "id": 0,
        "name": "Mohammad Ikram",
        "color": "#E53935",
        "avatar": "https://res.cloudinary.com/dz88yjerw/image/upload/v1786061008/y2bgpcmceri6ogm2anvw.png",
        "cover": "https://res.cloudinary.com/dz88yjerw/image/upload/v1780098021/abtk9davy21pzff2x0cd.png",
        "profileId": "67bf1e4009395add03e1e234",
        "isActive": true,
        "pieces": [
          {
            "id": 0,
            "steps": 1,
            "isHome": false,
            "isInPlay": true
          },
          {
            "id": 1,
            "steps": 6,
            "isHome": false,
            "isInPlay": true
          },
          {
            "id": 2,
            "steps": 12,
            "isHome": false,
            "isInPlay": true
          },
          {
            "id": 3,
            "steps": 0,
            "isHome": true,
            "isInPlay": false
          }
        ],
        "isOffline": false
      },
      {
        "id": 1,
        "name": "Md Atik",
        "color": "#43A047",
        "avatar": "https://res.cloudinary.com/dz88yjerw/image/upload/v1779774308/ccut8qllcbmzl6bxx0yy.png",
        "cover": "https://res.cloudinary.com/dz88yjerw/image/upload/v1759779146/gyshxw4n76fbsohz3rcz.jpg",
        "profileId": "67e431d61e4463f7adfa544e",
        "isActive": true,
        "pieces": [
          {
            "id": 0,
            "steps": 3,
            "isHome": false,
            "isInPlay": true
          },
          {
            "id": 1,
            "steps": 5,
            "isHome": false,
            "isInPlay": true
          },
          {
            "id": 2,
            "steps": 11,
            "isHome": false,
            "isInPlay": true
          },
          {
            "id": 3,
            "steps": 7,
            "isHome": false,
            "isInPlay": true
          }
        ],
        "isOffline": false
      }
    ],
    "selectedPlayerCount": 2,
    "currentPlayer": 1,
    "diceValue": 2,
    "gameStarted": true,
    "timestamp": 1787173072598,
    "playersSeq": 30
  }
}
[2026-08-19T21:01:58.056Z] [LUDO-EVENT] players-get-response {
  "gameId": "mt0klwrsc948p4"
}
[2026-08-19T21:01:58.056Z] [LUDO-STATE] game:mt0klwrsc948p4 {
  "gameId": "mt0klwrsc948p4",
  "snapshot": {
    "gameId": "mt0klwrsc948p4",
    "players": [
      {
        "id": 0,
        "name": "Mohammad Ikram",
        "color": "#E53935",
        "avatar": "https://res.cloudinary.com/dz88yjerw/image/upload/v1786061008/y2bgpcmceri6ogm2anvw.png",
        "cover": "https://res.cloudinary.com/dz88yjerw/image/upload/v1780098021/abtk9davy21pzff2x0cd.png",
        "profileId": "67bf1e4009395add03e1e234",
        "isActive": true,
        "pieces": [
          {
            "id": 0,
            "steps": 1,
            "isHome": false,
            "isInPlay": true
          },
          {
            "id": 1,
            "steps": 6,
            "isHome": false,
            "isInPlay": true
          },
          {
            "id": 2,
            "steps": 12,
            "isHome": false,
            "isInPlay": true
          },
          {
            "id": 3,
            "steps": 0,
            "isHome": true,
            "isInPlay": false
          }
        ],
        "isOffline": false
      },
      {
        "id": 1,
        "name": "Md Atik",
        "color": "#43A047",
        "avatar": "https://res.cloudinary.com/dz88yjerw/image/upload/v1779774308/ccut8qllcbmzl6bxx0yy.png",
        "cover": "https://res.cloudinary.com/dz88yjerw/image/upload/v1759779146/gyshxw4n76fbsohz3rcz.jpg",
        "profileId": "67e431d61e4463f7adfa544e",
        "isActive": true,
        "pieces": [
          {
            "id": 0,
            "steps": 3,
            "isHome": false,
            "isInPlay": true
          },
          {
            "id": 1,
            "steps": 5,
            "isHome": false,
            "isInPlay": true
          },
          {
            "id": 2,
            "steps": 11,
            "isHome": false,
            "isInPlay": true
          },
          {
            "id": 3,
            "steps": 7,
            "isHome": false,
            "isInPlay": true
          }
        ],
        "isOffline": false
      }
    ],
    "selectedPlayerCount": 2,
    "currentPlayer": 1,
    "diceValue": 2,
    "gameStarted": true,
    "timestamp": 1787173072598,
    "playersSeq": 30
  }
}
[2026-08-19T21:02:01.058Z] [LUDO-EVENT] players-get-response {
  "gameId": "mt0klwrsc948p4"
}
[2026-08-19T21:02:01.059Z] [LUDO-STATE] game:mt0klwrsc948p4 {
  "gameId": "mt0klwrsc948p4",
  "snapshot": {
    "gameId": "mt0klwrsc948p4",
    "players": [
      {
        "id": 0,
        "name": "Mohammad Ikram",
        "color": "#E53935",
        "avatar": "https://res.cloudinary.com/dz88yjerw/image/upload/v1786061008/y2bgpcmceri6ogm2anvw.png",
        "cover": "https://res.cloudinary.com/dz88yjerw/image/upload/v1780098021/abtk9davy21pzff2x0cd.png",
        "profileId": "67bf1e4009395add03e1e234",
        "isActive": true,
        "pieces": [
          {
            "id": 0,
            "steps": 1,
            "isHome": false,
            "isInPlay": true
          },
          {
            "id": 1,
            "steps": 6,
            "isHome": false,
            "isInPlay": true
          },
          {
            "id": 2,
            "steps": 12,
            "isHome": false,
            "isInPlay": true
          },
          {
            "id": 3,
            "steps": 0,
            "isHome": true,
            "isInPlay": false
          }
        ],
        "isOffline": false
      },
      {
        "id": 1,
        "name": "Md Atik",
        "color": "#43A047",
        "avatar": "https://res.cloudinary.com/dz88yjerw/image/upload/v1779774308/ccut8qllcbmzl6bxx0yy.png",
        "cover": "https://res.cloudinary.com/dz88yjerw/image/upload/v1759779146/gyshxw4n76fbsohz3rcz.jpg",
        "profileId": "67e431d61e4463f7adfa544e",
        "isActive": true,
        "pieces": [
          {
            "id": 0,
            "steps": 3,
            "isHome": false,
            "isInPlay": true
          },
          {
            "id": 1,
            "steps": 5,
            "isHome": false,
            "isInPlay": true
          },
          {
            "id": 2,
            "steps": 11,
            "isHome": false,
            "isInPlay": true
          },
          {
            "id": 3,
            "steps": 7,
            "isHome": false,
            "isInPlay": true
          }
        ],
        "isOffline": false
      }
    ],
    "selectedPlayerCount": 2,
    "currentPlayer": 1,
    "diceValue": 2,
    "gameStarted": true,
    "timestamp": 1787173072598,
    "playersSeq": 30
  }
}
[2026-08-19T21:02:04.065Z] [LUDO-EVENT] players-get-response {
  "gameId": "mt0klwrsc948p4"
}
[2026-08-19T21:02:04.066Z] [LUDO-STATE] game:mt0klwrsc948p4 {
  "gameId": "mt0klwrsc948p4",
  "snapshot": {
    "gameId": "mt0klwrsc948p4",
    "players": [
      {
        "id": 0,
        "name": "Mohammad Ikram",
        "color": "#E53935",
        "avatar": "https://res.cloudinary.com/dz88yjerw/image/upload/v1786061008/y2bgpcmceri6ogm2anvw.png",
        "cover": "https://res.cloudinary.com/dz88yjerw/image/upload/v1780098021/abtk9davy21pzff2x0cd.png",
        "profileId": "67bf1e4009395add03e1e234",
        "isActive": true,
        "pieces": [
          {
            "id": 0,
            "steps": 1,
            "isHome": false,
            "isInPlay": true
          },
          {
            "id": 1,
            "steps": 6,
            "isHome": false,
            "isInPlay": true
          },
          {
            "id": 2,
            "steps": 12,
            "isHome": false,
            "isInPlay": true
          },
          {
            "id": 3,
            "steps": 0,
            "isHome": true,
            "isInPlay": false
          }
        ],
        "isOffline": false
      },
      {
        "id": 1,
        "name": "Md Atik",
        "color": "#43A047",
        "avatar": "https://res.cloudinary.com/dz88yjerw/image/upload/v1779774308/ccut8qllcbmzl6bxx0yy.png",
        "cover": "https://res.cloudinary.com/dz88yjerw/image/upload/v1759779146/gyshxw4n76fbsohz3rcz.jpg",
        "profileId": "67e431d61e4463f7adfa544e",
        "isActive": true,
        "pieces": [
          {
            "id": 0,
            "steps": 3,
            "isHome": false,
            "isInPlay": true
          },
          {
            "id": 1,
            "steps": 5,
            "isHome": false,
            "isInPlay": true
          },
          {
            "id": 2,
            "steps": 11,
            "isHome": false,
            "isInPlay": true
          },
          {
            "id": 3,
            "steps": 7,
            "isHome": false,
            "isInPlay": true
          }
        ],
        "isOffline": false
      }
    ],
    "selectedPlayerCount": 2,
    "currentPlayer": 1,
    "diceValue": 2,
    "gameStarted": true,
    "timestamp": 1787173072598,
    "playersSeq": 30
  }
}
[2026-08-19T21:02:07.062Z] [LUDO-EVENT] players-get-response {
  "gameId": "mt0klwrsc948p4"
}
[2026-08-19T21:02:07.063Z] [LUDO-STATE] game:mt0klwrsc948p4 {
  "gameId": "mt0klwrsc948p4",
  "snapshot": {
    "gameId": "mt0klwrsc948p4",
    "players": [
      {
        "id": 0,
        "name": "Mohammad Ikram",
        "color": "#E53935",
        "avatar": "https://res.cloudinary.com/dz88yjerw/image/upload/v1786061008/y2bgpcmceri6ogm2anvw.png",
        "cover": "https://res.cloudinary.com/dz88yjerw/image/upload/v1780098021/abtk9davy21pzff2x0cd.png",
        "profileId": "67bf1e4009395add03e1e234",
        "isActive": true,
        "pieces": [
          {
            "id": 0,
            "steps": 1,
            "isHome": false,
            "isInPlay": true
          },
          {
            "id": 1,
            "steps": 6,
            "isHome": false,
            "isInPlay": true
          },
          {
            "id": 2,
            "steps": 12,
            "isHome": false,
            "isInPlay": true
          },
          {
            "id": 3,
            "steps": 0,
            "isHome": true,
            "isInPlay": false
          }
        ],
        "isOffline": false
      },
      {
        "id": 1,
        "name": "Md Atik",
        "color": "#43A047",
        "avatar": "https://res.cloudinary.com/dz88yjerw/image/upload/v1779774308/ccut8qllcbmzl6bxx0yy.png",
        "cover": "https://res.cloudinary.com/dz88yjerw/image/upload/v1759779146/gyshxw4n76fbsohz3rcz.jpg",
        "profileId": "67e431d61e4463f7adfa544e",
        "isActive": true,
        "pieces": [
          {
            "id": 0,
            "steps": 3,
            "isHome": false,
            "isInPlay": true
          },
          {
            "id": 1,
            "steps": 5,
            "isHome": false,
            "isInPlay": true
          },
          {
            "id": 2,
            "steps": 11,
            "isHome": false,
            "isInPlay": true
          },
          {
            "id": 3,
            "steps": 7,
            "isHome": false,
            "isInPlay": true
          }
        ],
        "isOffline": false
      }
    ],
    "selectedPlayerCount": 2,
    "currentPlayer": 1,
    "diceValue": 2,
    "gameStarted": true,
    "timestamp": 1787173072598,
    "playersSeq": 30
  }
}
[2026-08-19T21:02:10.062Z] [LUDO-EVENT] players-get-response {
  "gameId": "mt0klwrsc948p4"
}
[2026-08-19T21:02:10.063Z] [LUDO-STATE] game:mt0klwrsc948p4 {
  "gameId": "mt0klwrsc948p4",
  "snapshot": {
    "gameId": "mt0klwrsc948p4",
    "players": [
      {
        "id": 0,
        "name": "Mohammad Ikram",
        "color": "#E53935",
        "avatar": "https://res.cloudinary.com/dz88yjerw/image/upload/v1786061008/y2bgpcmceri6ogm2anvw.png",
        "cover": "https://res.cloudinary.com/dz88yjerw/image/upload/v1780098021/abtk9davy21pzff2x0cd.png",
        "profileId": "67bf1e4009395add03e1e234",
        "isActive": true,
        "pieces": [
          {
            "id": 0,
            "steps": 1,
            "isHome": false,
            "isInPlay": true
          },
          {
            "id": 1,
            "steps": 6,
            "isHome": false,
            "isInPlay": true
          },
          {
            "id": 2,
            "steps": 12,
            "isHome": false,
            "isInPlay": true
          },
          {
            "id": 3,
            "steps": 0,
            "isHome": true,
            "isInPlay": false
          }
        ],
        "isOffline": false
      },
      {
        "id": 1,
        "name": "Md Atik",
        "color": "#43A047",
        "avatar": "https://res.cloudinary.com/dz88yjerw/image/upload/v1779774308/ccut8qllcbmzl6bxx0yy.png",
        "cover": "https://res.cloudinary.com/dz88yjerw/image/upload/v1759779146/gyshxw4n76fbsohz3rcz.jpg",
        "profileId": "67e431d61e4463f7adfa544e",
        "isActive": true,
        "pieces": [
          {
            "id": 0,
            "steps": 3,
            "isHome": false,
            "isInPlay": true
          },
          {
            "id": 1,
            "steps": 5,
            "isHome": false,
            "isInPlay": true
          },
          {
            "id": 2,
            "steps": 11,
            "isHome": false,
            "isInPlay": true
          },
          {
            "id": 3,
            "steps": 7,
            "isHome": false,
            "isInPlay": true
          }
        ],
        "isOffline": false
      }
    ],
    "selectedPlayerCount": 2,
    "currentPlayer": 1,
    "diceValue": 2,
    "gameStarted": true,
    "timestamp": 1787173072598,
    "playersSeq": 30
  }
}
[2026-08-19T21:02:13.063Z] [LUDO-EVENT] players-get-response {
  "gameId": "mt0klwrsc948p4"
}
[2026-08-19T21:02:13.063Z] [LUDO-STATE] game:mt0klwrsc948p4 {
  "gameId": "mt0klwrsc948p4",
  "snapshot": {
    "gameId": "mt0klwrsc948p4",
    "players": [
      {
        "id": 0,
        "name": "Mohammad Ikram",
        "color": "#E53935",
        "avatar": "https://res.cloudinary.com/dz88yjerw/image/upload/v1786061008/y2bgpcmceri6ogm2anvw.png",
        "cover": "https://res.cloudinary.com/dz88yjerw/image/upload/v1780098021/abtk9davy21pzff2x0cd.png",
        "profileId": "67bf1e4009395add03e1e234",
        "isActive": true,
        "pieces": [
          {
            "id": 0,
            "steps": 1,
            "isHome": false,
            "isInPlay": true
          },
          {
            "id": 1,
            "steps": 6,
            "isHome": false,
            "isInPlay": true
          },
          {
            "id": 2,
            "steps": 12,
            "isHome": false,
            "isInPlay": true
          },
          {
            "id": 3,
            "steps": 0,
            "isHome": true,
            "isInPlay": false
          }
        ],
        "isOffline": false
      },
      {
        "id": 1,
        "name": "Md Atik",
        "color": "#43A047",
        "avatar": "https://res.cloudinary.com/dz88yjerw/image/upload/v1779774308/ccut8qllcbmzl6bxx0yy.png",
        "cover": "https://res.cloudinary.com/dz88yjerw/image/upload/v1759779146/gyshxw4n76fbsohz3rcz.jpg",
        "profileId": "67e431d61e4463f7adfa544e",
        "isActive": true,
        "pieces": [
          {
            "id": 0,
            "steps": 3,
            "isHome": false,
            "isInPlay": true
          },
          {
            "id": 1,
            "steps": 5,
            "isHome": false,
            "isInPlay": true
          },
          {
            "id": 2,
            "steps": 11,
            "isHome": false,
            "isInPlay": true
          },
          {
            "id": 3,
            "steps": 7,
            "isHome": false,
            "isInPlay": true
          }
        ],
        "isOffline": false
      }
    ],
    "selectedPlayerCount": 2,
    "currentPlayer": 1,
    "diceValue": 2,
    "gameStarted": true,
    "timestamp": 1787173072598,
    "playersSeq": 30
  }
}
[2026-08-19T21:02:16.064Z] [LUDO-EVENT] players-get-response {
  "gameId": "mt0klwrsc948p4"
}
[2026-08-19T21:02:16.064Z] [LUDO-STATE] game:mt0klwrsc948p4 {
  "gameId": "mt0klwrsc948p4",
  "snapshot": {
    "gameId": "mt0klwrsc948p4",
    "players": [
      {
        "id": 0,
        "name": "Mohammad Ikram",
        "color": "#E53935",
        "avatar": "https://res.cloudinary.com/dz88yjerw/image/upload/v1786061008/y2bgpcmceri6ogm2anvw.png",
        "cover": "https://res.cloudinary.com/dz88yjerw/image/upload/v1780098021/abtk9davy21pzff2x0cd.png",
        "profileId": "67bf1e4009395add03e1e234",
        "isActive": true,
        "pieces": [
          {
            "id": 0,
            "steps": 1,
            "isHome": false,
            "isInPlay": true
          },
          {
            "id": 1,
            "steps": 6,
            "isHome": false,
            "isInPlay": true
          },
          {
            "id": 2,
            "steps": 12,
            "isHome": false,
            "isInPlay": true
          },
          {
            "id": 3,
            "steps": 0,
            "isHome": true,
            "isInPlay": false
          }
        ],
        "isOffline": false
      },
      {
        "id": 1,
        "name": "Md Atik",
        "color": "#43A047",
        "avatar": "https://res.cloudinary.com/dz88yjerw/image/upload/v1779774308/ccut8qllcbmzl6bxx0yy.png",
        "cover": "https://res.cloudinary.com/dz88yjerw/image/upload/v1759779146/gyshxw4n76fbsohz3rcz.jpg",
        "profileId": "67e431d61e4463f7adfa544e",
        "isActive": true,
        "pieces": [
          {
            "id": 0,
            "steps": 3,
            "isHome": false,
            "isInPlay": true
          },
          {
            "id": 1,
            "steps": 5,
            "isHome": false,
            "isInPlay": true
          },
          {
            "id": 2,
            "steps": 11,
            "isHome": false,
            "isInPlay": true
          },
          {
            "id": 3,
            "steps": 7,
            "isHome": false,
            "isInPlay": true
          }
        ],
        "isOffline": false
      }
    ],
    "selectedPlayerCount": 2,
    "currentPlayer": 1,
    "diceValue": 2,
    "gameStarted": true,
    "timestamp": 1787173072598,
    "playersSeq": 30
  }
}
[2026-08-19T21:02:19.065Z] [LUDO-EVENT] players-get-response {
  "gameId": "mt0klwrsc948p4"
}
[2026-08-19T21:02:19.066Z] [LUDO-STATE] game:mt0klwrsc948p4 {
  "gameId": "mt0klwrsc948p4",
  "snapshot": {
    "gameId": "mt0klwrsc948p4",
    "players": [
      {
        "id": 0,
        "name": "Mohammad Ikram",
        "color": "#E53935",
        "avatar": "https://res.cloudinary.com/dz88yjerw/image/upload/v1786061008/y2bgpcmceri6ogm2anvw.png",
        "cover": "https://res.cloudinary.com/dz88yjerw/image/upload/v1780098021/abtk9davy21pzff2x0cd.png",
        "profileId": "67bf1e4009395add03e1e234",
        "isActive": true,
        "pieces": [
          {
            "id": 0,
            "steps": 1,
            "isHome": false,
            "isInPlay": true
          },
          {
            "id": 1,
            "steps": 6,
            "isHome": false,
            "isInPlay": true
          },
          {
            "id": 2,
            "steps": 12,
            "isHome": false,
            "isInPlay": true
          },
          {
            "id": 3,
            "steps": 0,
            "isHome": true,
            "isInPlay": false
          }
        ],
        "isOffline": false
      },
      {
        "id": 1,
        "name": "Md Atik",
        "color": "#43A047",
        "avatar": "https://res.cloudinary.com/dz88yjerw/image/upload/v1779774308/ccut8qllcbmzl6bxx0yy.png",
        "cover": "https://res.cloudinary.com/dz88yjerw/image/upload/v1759779146/gyshxw4n76fbsohz3rcz.jpg",
        "profileId": "67e431d61e4463f7adfa544e",
        "isActive": true,
        "pieces": [
          {
            "id": 0,
            "steps": 3,
            "isHome": false,
            "isInPlay": true
          },
          {
            "id": 1,
            "steps": 5,
            "isHome": false,
            "isInPlay": true
          },
          {
            "id": 2,
            "steps": 11,
            "isHome": false,
            "isInPlay": true
          },
          {
            "id": 3,
            "steps": 7,
            "isHome": false,
            "isInPlay": true
          }
        ],
        "isOffline": false
      }
    ],
    "selectedPlayerCount": 2,
    "currentPlayer": 1,
    "diceValue": 2,
    "gameStarted": true,
    "timestamp": 1787173072598,
    "playersSeq": 30
  }
}
[2026-08-19T21:02:22.068Z] [LUDO-EVENT] players-get-response {
  "gameId": "mt0klwrsc948p4"
}
[2026-08-19T21:02:22.068Z] [LUDO-STATE] game:mt0klwrsc948p4 {
  "gameId": "mt0klwrsc948p4",
  "snapshot": {
    "gameId": "mt0klwrsc948p4",
    "players": [
      {
        "id": 0,
        "name": "Mohammad Ikram",
        "color": "#E53935",
        "avatar": "https://res.cloudinary.com/dz88yjerw/image/upload/v1786061008/y2bgpcmceri6ogm2anvw.png",
        "cover": "https://res.cloudinary.com/dz88yjerw/image/upload/v1780098021/abtk9davy21pzff2x0cd.png",
        "profileId": "67bf1e4009395add03e1e234",
        "isActive": true,
        "pieces": [
          {
            "id": 0,
            "steps": 1,
            "isHome": false,
            "isInPlay": true
          },
          {
            "id": 1,
            "steps": 6,
            "isHome": false,
            "isInPlay": true
          },
          {
            "id": 2,
            "steps": 12,
            "isHome": false,
            "isInPlay": true
          },
          {
            "id": 3,
            "steps": 0,
            "isHome": true,
            "isInPlay": false
          }
        ],
        "isOffline": false
      },
      {
        "id": 1,
        "name": "Md Atik",
        "color": "#43A047",
        "avatar": "https://res.cloudinary.com/dz88yjerw/image/upload/v1779774308/ccut8qllcbmzl6bxx0yy.png",
        "cover": "https://res.cloudinary.com/dz88yjerw/image/upload/v1759779146/gyshxw4n76fbsohz3rcz.jpg",
        "profileId": "67e431d61e4463f7adfa544e",
        "isActive": true,
        "pieces": [
          {
            "id": 0,
            "steps": 3,
            "isHome": false,
            "isInPlay": true
          },
          {
            "id": 1,
            "steps": 5,
            "isHome": false,
            "isInPlay": true
          },
          {
            "id": 2,
            "steps": 11,
            "isHome": false,
            "isInPlay": true
          },
          {
            "id": 3,
            "steps": 7,
            "isHome": false,
            "isInPlay": true
          }
        ],
        "isOffline": false
      }
    ],
    "selectedPlayerCount": 2,
    "currentPlayer": 1,
    "diceValue": 2,
    "gameStarted": true,
    "timestamp": 1787173072598,
    "playersSeq": 30
  }
}
[2026-08-19T21:02:25.069Z] [LUDO-EVENT] players-get-response {
  "gameId": "mt0klwrsc948p4"
}
[2026-08-19T21:02:25.070Z] [LUDO-STATE] game:mt0klwrsc948p4 {
  "gameId": "mt0klwrsc948p4",
  "snapshot": {
    "gameId": "mt0klwrsc948p4",
    "players": [
      {
        "id": 0,
        "name": "Mohammad Ikram",
        "color": "#E53935",
        "avatar": "https://res.cloudinary.com/dz88yjerw/image/upload/v1786061008/y2bgpcmceri6ogm2anvw.png",
        "cover": "https://res.cloudinary.com/dz88yjerw/image/upload/v1780098021/abtk9davy21pzff2x0cd.png",
        "profileId": "67bf1e4009395add03e1e234",
        "isActive": true,
        "pieces": [
          {
            "id": 0,
            "steps": 1,
            "isHome": false,
            "isInPlay": true
          },
          {
            "id": 1,
            "steps": 6,
            "isHome": false,
            "isInPlay": true
          },
          {
            "id": 2,
            "steps": 12,
            "isHome": false,
            "isInPlay": true
          },
          {
            "id": 3,
            "steps": 0,
            "isHome": true,
            "isInPlay": false
          }
        ],
        "isOffline": false
      },
      {
        "id": 1,
        "name": "Md Atik",
        "color": "#43A047",
        "avatar": "https://res.cloudinary.com/dz88yjerw/image/upload/v1779774308/ccut8qllcbmzl6bxx0yy.png",
        "cover": "https://res.cloudinary.com/dz88yjerw/image/upload/v1759779146/gyshxw4n76fbsohz3rcz.jpg",
        "profileId": "67e431d61e4463f7adfa544e",
        "isActive": true,
        "pieces": [
          {
            "id": 0,
            "steps": 3,
            "isHome": false,
            "isInPlay": true
          },
          {
            "id": 1,
            "steps": 5,
            "isHome": false,
            "isInPlay": true
          },
          {
            "id": 2,
            "steps": 11,
            "isHome": false,
            "isInPlay": true
          },
          {
            "id": 3,
            "steps": 7,
            "isHome": false,
            "isInPlay": true
          }
        ],
        "isOffline": false
      }
    ],
    "selectedPlayerCount": 2,
    "currentPlayer": 1,
    "diceValue": 2,
    "gameStarted": true,
    "timestamp": 1787173072598,
    "playersSeq": 30
  }
}
[2026-08-19T21:02:28.070Z] [LUDO-EVENT] players-get-response {
  "gameId": "mt0klwrsc948p4"
}
[2026-08-19T21:02:28.071Z] [LUDO-STATE] game:mt0klwrsc948p4 {
  "gameId": "mt0klwrsc948p4",
  "snapshot": {
    "gameId": "mt0klwrsc948p4",
    "players": [
      {
        "id": 0,
        "name": "Mohammad Ikram",
        "color": "#E53935",
        "avatar": "https://res.cloudinary.com/dz88yjerw/image/upload/v1786061008/y2bgpcmceri6ogm2anvw.png",
        "cover": "https://res.cloudinary.com/dz88yjerw/image/upload/v1780098021/abtk9davy21pzff2x0cd.png",
        "profileId": "67bf1e4009395add03e1e234",
        "isActive": true,
        "pieces": [
          {
            "id": 0,
            "steps": 1,
            "isHome": false,
            "isInPlay": true
          },
          {
            "id": 1,
            "steps": 6,
            "isHome": false,
            "isInPlay": true
          },
          {
            "id": 2,
            "steps": 12,
            "isHome": false,
            "isInPlay": true
          },
          {
            "id": 3,
            "steps": 0,
            "isHome": true,
            "isInPlay": false
          }
        ],
        "isOffline": false
      },
      {
        "id": 1,
        "name": "Md Atik",
        "color": "#43A047",
        "avatar": "https://res.cloudinary.com/dz88yjerw/image/upload/v1779774308/ccut8qllcbmzl6bxx0yy.png",
        "cover": "https://res.cloudinary.com/dz88yjerw/image/upload/v1759779146/gyshxw4n76fbsohz3rcz.jpg",
        "profileId": "67e431d61e4463f7adfa544e",
        "isActive": true,
        "pieces": [
          {
            "id": 0,
            "steps": 3,
            "isHome": false,
            "isInPlay": true
          },
          {
            "id": 1,
            "steps": 5,
            "isHome": false,
            "isInPlay": true
          },
          {
            "id": 2,
            "steps": 11,
            "isHome": false,
            "isInPlay": true
          },
          {
            "id": 3,
            "steps": 7,
            "isHome": false,
            "isInPlay": true
          }
        ],
        "isOffline": false
      }
    ],
    "selectedPlayerCount": 2,
    "currentPlayer": 1,
    "diceValue": 2,
    "gameStarted": true,
    "timestamp": 1787173072598,
    "playersSeq": 30
  }
}
[2026-08-19T21:02:31.072Z] [LUDO-EVENT] players-get-response {
  "gameId": "mt0klwrsc948p4"
}
[2026-08-19T21:02:31.072Z] [LUDO-STATE] game:mt0klwrsc948p4 {
  "gameId": "mt0klwrsc948p4",
  "snapshot": {
    "gameId": "mt0klwrsc948p4",
    "players": [
      {
        "id": 0,
        "name": "Mohammad Ikram",
        "color": "#E53935",
        "avatar": "https://res.cloudinary.com/dz88yjerw/image/upload/v1786061008/y2bgpcmceri6ogm2anvw.png",
        "cover": "https://res.cloudinary.com/dz88yjerw/image/upload/v1780098021/abtk9davy21pzff2x0cd.png",
        "profileId": "67bf1e4009395add03e1e234",
        "isActive": true,
        "pieces": [
          {
            "id": 0,
            "steps": 1,
            "isHome": false,
            "isInPlay": true
          },
          {
            "id": 1,
            "steps": 6,
            "isHome": false,
            "isInPlay": true
          },
          {
            "id": 2,
            "steps": 12,
            "isHome": false,
            "isInPlay": true
          },
          {
            "id": 3,
            "steps": 0,
            "isHome": true,
            "isInPlay": false
          }
        ],
        "isOffline": false
      },
      {
        "id": 1,
        "name": "Md Atik",
        "color": "#43A047",
        "avatar": "https://res.cloudinary.com/dz88yjerw/image/upload/v1779774308/ccut8qllcbmzl6bxx0yy.png",
        "cover": "https://res.cloudinary.com/dz88yjerw/image/upload/v1759779146/gyshxw4n76fbsohz3rcz.jpg",
        "profileId": "67e431d61e4463f7adfa544e",
        "isActive": true,
        "pieces": [
          {
            "id": 0,
            "steps": 3,
            "isHome": false,
            "isInPlay": true
          },
          {
            "id": 1,
            "steps": 5,
            "isHome": false,
            "isInPlay": true
          },
          {
            "id": 2,
            "steps": 11,
            "isHome": false,
            "isInPlay": true
          },
          {
            "id": 3,
            "steps": 7,
            "isHome": false,
            "isInPlay": true
          }
        ],
        "isOffline": false
      }
    ],
    "selectedPlayerCount": 2,
    "currentPlayer": 1,
    "diceValue": 2,
    "gameStarted": true,
    "timestamp": 1787173072598,
    "playersSeq": 30
  }
}
[2026-08-19T21:02:34.073Z] [LUDO-EVENT] players-get-response {
  "gameId": "mt0klwrsc948p4"
}
[2026-08-19T21:02:34.074Z] [LUDO-STATE] game:mt0klwrsc948p4 {
  "gameId": "mt0klwrsc948p4",
  "snapshot": {
    "gameId": "mt0klwrsc948p4",
    "players": [
      {
        "id": 0,
        "name": "Mohammad Ikram",
        "color": "#E53935",
        "avatar": "https://res.cloudinary.com/dz88yjerw/image/upload/v1786061008/y2bgpcmceri6ogm2anvw.png",
        "cover": "https://res.cloudinary.com/dz88yjerw/image/upload/v1780098021/abtk9davy21pzff2x0cd.png",
        "profileId": "67bf1e4009395add03e1e234",
        "isActive": true,
        "pieces": [
          {
            "id": 0,
            "steps": 1,
            "isHome": false,
            "isInPlay": true
          },
          {
            "id": 1,
            "steps": 6,
            "isHome": false,
            "isInPlay": true
          },
          {
            "id": 2,
            "steps": 12,
            "isHome": false,
            "isInPlay": true
          },
          {
            "id": 3,
            "steps": 0,
            "isHome": true,
            "isInPlay": false
          }
        ],
        "isOffline": false
      },
      {
        "id": 1,
        "name": "Md Atik",
        "color": "#43A047",
        "avatar": "https://res.cloudinary.com/dz88yjerw/image/upload/v1779774308/ccut8qllcbmzl6bxx0yy.png",
        "cover": "https://res.cloudinary.com/dz88yjerw/image/upload/v1759779146/gyshxw4n76fbsohz3rcz.jpg",
        "profileId": "67e431d61e4463f7adfa544e",
        "isActive": true,
        "pieces": [
          {
            "id": 0,
            "steps": 3,
            "isHome": false,
            "isInPlay": true
          },
          {
            "id": 1,
            "steps": 5,
            "isHome": false,
            "isInPlay": true
          },
          {
            "id": 2,
            "steps": 11,
            "isHome": false,
            "isInPlay": true
          },
          {
            "id": 3,
            "steps": 7,
            "isHome": false,
            "isInPlay": true
          }
        ],
        "isOffline": false
      }
    ],
    "selectedPlayerCount": 2,
    "currentPlayer": 1,
    "diceValue": 2,
    "gameStarted": true,
    "timestamp": 1787173072598,
    "playersSeq": 30
  }
}
[2026-08-19T21:02:37.073Z] [LUDO-EVENT] players-get-response {
  "gameId": "mt0klwrsc948p4"
}
[2026-08-19T21:02:37.073Z] [LUDO-STATE] game:mt0klwrsc948p4 {
  "gameId": "mt0klwrsc948p4",
  "snapshot": {
    "gameId": "mt0klwrsc948p4",
    "players": [
      {
        "id": 0,
        "name": "Mohammad Ikram",
        "color": "#E53935",
        "avatar": "https://res.cloudinary.com/dz88yjerw/image/upload/v1786061008/y2bgpcmceri6ogm2anvw.png",
        "cover": "https://res.cloudinary.com/dz88yjerw/image/upload/v1780098021/abtk9davy21pzff2x0cd.png",
        "profileId": "67bf1e4009395add03e1e234",
        "isActive": true,
        "pieces": [
          {
            "id": 0,
            "steps": 1,
            "isHome": false,
            "isInPlay": true
          },
          {
            "id": 1,
            "steps": 6,
            "isHome": false,
            "isInPlay": true
          },
          {
            "id": 2,
            "steps": 12,
            "isHome": false,
            "isInPlay": true
          },
          {
            "id": 3,
            "steps": 0,
            "isHome": true,
            "isInPlay": false
          }
        ],
        "isOffline": false
      },
      {
        "id": 1,
        "name": "Md Atik",
        "color": "#43A047",
        "avatar": "https://res.cloudinary.com/dz88yjerw/image/upload/v1779774308/ccut8qllcbmzl6bxx0yy.png",
        "cover": "https://res.cloudinary.com/dz88yjerw/image/upload/v1759779146/gyshxw4n76fbsohz3rcz.jpg",
        "profileId": "67e431d61e4463f7adfa544e",
        "isActive": true,
        "pieces": [
          {
            "id": 0,
            "steps": 3,
            "isHome": false,
            "isInPlay": true
          },
          {
            "id": 1,
            "steps": 5,
            "isHome": false,
            "isInPlay": true
          },
          {
            "id": 2,
            "steps": 11,
            "isHome": false,
            "isInPlay": true
          },
          {
            "id": 3,
            "steps": 7,
            "isHome": false,
            "isInPlay": true
          }
        ],
        "isOffline": false
      }
    ],
    "selectedPlayerCount": 2,
    "currentPlayer": 1,
    "diceValue": 2,
    "gameStarted": true,
    "timestamp": 1787173072598,
    "playersSeq": 30
  }
}
[2026-08-19T21:02:40.017Z] [LUDO-EVENT] players-get-response {
  "gameId": "mt0klwrsc948p4"
}
[2026-08-19T21:02:40.017Z] [LUDO-STATE] game:mt0klwrsc948p4 {
  "gameId": "mt0klwrsc948p4",
  "snapshot": {
    "gameId": "mt0klwrsc948p4",
    "players": [
      {
        "id": 0,
        "name": "Mohammad Ikram",
        "color": "#E53935",
        "avatar": "https://res.cloudinary.com/dz88yjerw/image/upload/v1786061008/y2bgpcmceri6ogm2anvw.png",
        "cover": "https://res.cloudinary.com/dz88yjerw/image/upload/v1780098021/abtk9davy21pzff2x0cd.png",
        "profileId": "67bf1e4009395add03e1e234",
        "isActive": true,
        "pieces": [
          {
            "id": 0,
            "steps": 1,
            "isHome": false,
            "isInPlay": true
          },
          {
            "id": 1,
            "steps": 6,
            "isHome": false,
            "isInPlay": true
          },
          {
            "id": 2,
            "steps": 12,
            "isHome": false,
            "isInPlay": true
          },
          {
            "id": 3,
            "steps": 0,
            "isHome": true,
            "isInPlay": false
          }
        ],
        "isOffline": false
      },
      {
        "id": 1,
        "name": "Md Atik",
        "color": "#43A047",
        "avatar": "https://res.cloudinary.com/dz88yjerw/image/upload/v1779774308/ccut8qllcbmzl6bxx0yy.png",
        "cover": "https://res.cloudinary.com/dz88yjerw/image/upload/v1759779146/gyshxw4n76fbsohz3rcz.jpg",
        "profileId": "67e431d61e4463f7adfa544e",
        "isActive": true,
        "pieces": [
          {
            "id": 0,
            "steps": 3,
            "isHome": false,
            "isInPlay": true
          },
          {
            "id": 1,
            "steps": 5,
            "isHome": false,
            "isInPlay": true
          },
          {
            "id": 2,
            "steps": 11,
            "isHome": false,
            "isInPlay": true
          },
          {
            "id": 3,
            "steps": 7,
            "isHome": false,
            "isInPlay": true
          }
        ],
        "isOffline": false
      }
    ],
    "selectedPlayerCount": 2,
    "currentPlayer": 1,
    "diceValue": 2,
    "gameStarted": true,
    "timestamp": 1787173072598,
    "playersSeq": 30
  }
}
[2026-08-19T21:02:40.074Z] [LUDO-EVENT] players-get-response {
  "gameId": "mt0klwrsc948p4"
}
[2026-08-19T21:02:40.074Z] [LUDO-STATE] game:mt0klwrsc948p4 {
  "gameId": "mt0klwrsc948p4",
  "snapshot": {
    "gameId": "mt0klwrsc948p4",
    "players": [
      {
        "id": 0,
        "name": "Mohammad Ikram",
        "color": "#E53935",
        "avatar": "https://res.cloudinary.com/dz88yjerw/image/upload/v1786061008/y2bgpcmceri6ogm2anvw.png",
        "cover": "https://res.cloudinary.com/dz88yjerw/image/upload/v1780098021/abtk9davy21pzff2x0cd.png",
        "profileId": "67bf1e4009395add03e1e234",
        "isActive": true,
        "pieces": [
          {
            "id": 0,
            "steps": 1,
            "isHome": false,
            "isInPlay": true
          },
          {
            "id": 1,
            "steps": 6,
            "isHome": false,
            "isInPlay": true
          },
          {
            "id": 2,
            "steps": 12,
            "isHome": false,
            "isInPlay": true
          },
          {
            "id": 3,
            "steps": 0,
            "isHome": true,
            "isInPlay": false
          }
        ],
        "isOffline": false
      },
      {
        "id": 1,
        "name": "Md Atik",
        "color": "#43A047",
        "avatar": "https://res.cloudinary.com/dz88yjerw/image/upload/v1779774308/ccut8qllcbmzl6bxx0yy.png",
        "cover": "https://res.cloudinary.com/dz88yjerw/image/upload/v1759779146/gyshxw4n76fbsohz3rcz.jpg",
        "profileId": "67e431d61e4463f7adfa544e",
        "isActive": true,
        "pieces": [
          {
            "id": 0,
            "steps": 3,
            "isHome": false,
            "isInPlay": true
          },
          {
            "id": 1,
            "steps": 5,
            "isHome": false,
            "isInPlay": true
          },
          {
            "id": 2,
            "steps": 11,
            "isHome": false,
            "isInPlay": true
          },
          {
            "id": 3,
            "steps": 7,
            "isHome": false,
            "isInPlay": true
          }
        ],
        "isOffline": false
      }
    ],
    "selectedPlayerCount": 2,
    "currentPlayer": 1,
    "diceValue": 2,
    "gameStarted": true,
    "timestamp": 1787173072598,
    "playersSeq": 30
  }
}
[2026-08-19T21:02:43.075Z] [LUDO-EVENT] players-get-response {
  "gameId": "mt0klwrsc948p4"
}
[2026-08-19T21:02:43.076Z] [LUDO-STATE] game:mt0klwrsc948p4 {
  "gameId": "mt0klwrsc948p4",
  "snapshot": {
    "gameId": "mt0klwrsc948p4",
    "players": [
      {
        "id": 0,
        "name": "Mohammad Ikram",
        "color": "#E53935",
        "avatar": "https://res.cloudinary.com/dz88yjerw/image/upload/v1786061008/y2bgpcmceri6ogm2anvw.png",
        "cover": "https://res.cloudinary.com/dz88yjerw/image/upload/v1780098021/abtk9davy21pzff2x0cd.png",
        "profileId": "67bf1e4009395add03e1e234",
        "isActive": true,
        "pieces": [
          {
            "id": 0,
            "steps": 1,
            "isHome": false,
            "isInPlay": true
          },
          {
            "id": 1,
            "steps": 6,
            "isHome": false,
            "isInPlay": true
          },
          {
            "id": 2,
            "steps": 12,
            "isHome": false,
            "isInPlay": true
          },
          {
            "id": 3,
            "steps": 0,
            "isHome": true,
            "isInPlay": false
          }
        ],
        "isOffline": false
      },
      {
        "id": 1,
        "name": "Md Atik",
        "color": "#43A047",
        "avatar": "https://res.cloudinary.com/dz88yjerw/image/upload/v1779774308/ccut8qllcbmzl6bxx0yy.png",
        "cover": "https://res.cloudinary.com/dz88yjerw/image/upload/v1759779146/gyshxw4n76fbsohz3rcz.jpg",
        "profileId": "67e431d61e4463f7adfa544e",
        "isActive": true,
        "pieces": [
          {
            "id": 0,
            "steps": 3,
            "isHome": false,
            "isInPlay": true
          },
          {
            "id": 1,
            "steps": 5,
            "isHome": false,
            "isInPlay": true
          },
          {
            "id": 2,
            "steps": 11,
            "isHome": false,
            "isInPlay": true
          },
          {
            "id": 3,
            "steps": 7,
            "isHome": false,
            "isInPlay": true
          }
        ],
        "isOffline": false
      }
    ],
    "selectedPlayerCount": 2,
    "currentPlayer": 1,
    "diceValue": 2,
    "gameStarted": true,
    "timestamp": 1787173072598,
    "playersSeq": 30
  }
}
[2026-08-19T21:02:46.077Z] [LUDO-EVENT] players-get-response {
  "gameId": "mt0klwrsc948p4"
}
[2026-08-19T21:02:46.078Z] [LUDO-STATE] game:mt0klwrsc948p4 {
  "gameId": "mt0klwrsc948p4",
  "snapshot": {
    "gameId": "mt0klwrsc948p4",
    "players": [
      {
        "id": 0,
        "name": "Mohammad Ikram",
        "color": "#E53935",
        "avatar": "https://res.cloudinary.com/dz88yjerw/image/upload/v1786061008/y2bgpcmceri6ogm2anvw.png",
        "cover": "https://res.cloudinary.com/dz88yjerw/image/upload/v1780098021/abtk9davy21pzff2x0cd.png",
        "profileId": "67bf1e4009395add03e1e234",
        "isActive": true,
        "pieces": [
          {
            "id": 0,
            "steps": 1,
            "isHome": false,
            "isInPlay": true
          },
          {
            "id": 1,
            "steps": 6,
            "isHome": false,
            "isInPlay": true
          },
          {
            "id": 2,
            "steps": 12,
            "isHome": false,
            "isInPlay": true
          },
          {
            "id": 3,
            "steps": 0,
            "isHome": true,
            "isInPlay": false
          }
        ],
        "isOffline": false
      },
      {
        "id": 1,
        "name": "Md Atik",
        "color": "#43A047",
        "avatar": "https://res.cloudinary.com/dz88yjerw/image/upload/v1779774308/ccut8qllcbmzl6bxx0yy.png",
        "cover": "https://res.cloudinary.com/dz88yjerw/image/upload/v1759779146/gyshxw4n76fbsohz3rcz.jpg",
        "profileId": "67e431d61e4463f7adfa544e",
        "isActive": true,
        "pieces": [
          {
            "id": 0,
            "steps": 3,
            "isHome": false,
            "isInPlay": true
          },
          {
            "id": 1,
            "steps": 5,
            "isHome": false,
            "isInPlay": true
          },
          {
            "id": 2,
            "steps": 11,
            "isHome": false,
            "isInPlay": true
          },
          {
            "id": 3,
            "steps": 7,
            "isHome": false,
            "isInPlay": true
          }
        ],
        "isOffline": false
      }
    ],
    "selectedPlayerCount": 2,
    "currentPlayer": 1,
    "diceValue": 2,
    "gameStarted": true,
    "timestamp": 1787173072598,
    "playersSeq": 30
  }
}
[2026-08-19T21:02:49.077Z] [LUDO-EVENT] players-get-response {
  "gameId": "mt0klwrsc948p4"
}
[2026-08-19T21:02:49.078Z] [LUDO-STATE] game:mt0klwrsc948p4 {
  "gameId": "mt0klwrsc948p4",
  "snapshot": {
    "gameId": "mt0klwrsc948p4",
    "players": [
      {
        "id": 0,
        "name": "Mohammad Ikram",
        "color": "#E53935",
        "avatar": "https://res.cloudinary.com/dz88yjerw/image/upload/v1786061008/y2bgpcmceri6ogm2anvw.png",
        "cover": "https://res.cloudinary.com/dz88yjerw/image/upload/v1780098021/abtk9davy21pzff2x0cd.png",
        "profileId": "67bf1e4009395add03e1e234",
        "isActive": true,
        "pieces": [
          {
            "id": 0,
            "steps": 1,
            "isHome": false,
            "isInPlay": true
          },
          {
            "id": 1,
            "steps": 6,
            "isHome": false,
            "isInPlay": true
          },
          {
            "id": 2,
            "steps": 12,
            "isHome": false,
            "isInPlay": true
          },
          {
            "id": 3,
            "steps": 0,
            "isHome": true,
            "isInPlay": false
          }
        ],
        "isOffline": false
      },
      {
        "id": 1,
        "name": "Md Atik",
        "color": "#43A047",
        "avatar": "https://res.cloudinary.com/dz88yjerw/image/upload/v1779774308/ccut8qllcbmzl6bxx0yy.png",
        "cover": "https://res.cloudinary.com/dz88yjerw/image/upload/v1759779146/gyshxw4n76fbsohz3rcz.jpg",
        "profileId": "67e431d61e4463f7adfa544e",
        "isActive": true,
        "pieces": [
          {
            "id": 0,
            "steps": 3,
            "isHome": false,
            "isInPlay": true
          },
          {
            "id": 1,
            "steps": 5,
            "isHome": false,
            "isInPlay": true
          },
          {
            "id": 2,
            "steps": 11,
            "isHome": false,
            "isInPlay": true
          },
          {
            "id": 3,
            "steps": 7,
            "isHome": false,
            "isInPlay": true
          }
        ],
        "isOffline": false
      }
    ],
    "selectedPlayerCount": 2,
    "currentPlayer": 1,
    "diceValue": 2,
    "gameStarted": true,
    "timestamp": 1787173072598,
    "playersSeq": 30
  }
}
[2026-08-19T21:02:52.079Z] [LUDO-EVENT] players-get-response {
  "gameId": "mt0klwrsc948p4"
}
[2026-08-19T21:02:52.080Z] [LUDO-STATE] game:mt0klwrsc948p4 {
  "gameId": "mt0klwrsc948p4",
  "snapshot": {
    "gameId": "mt0klwrsc948p4",
    "players": [
      {
        "id": 0,
        "name": "Mohammad Ikram",
        "color": "#E53935",
        "avatar": "https://res.cloudinary.com/dz88yjerw/image/upload/v1786061008/y2bgpcmceri6ogm2anvw.png",
        "cover": "https://res.cloudinary.com/dz88yjerw/image/upload/v1780098021/abtk9davy21pzff2x0cd.png",
        "profileId": "67bf1e4009395add03e1e234",
        "isActive": true,
        "pieces": [
          {
            "id": 0,
            "steps": 1,
            "isHome": false,
            "isInPlay": true
          },
          {
            "id": 1,
            "steps": 6,
            "isHome": false,
            "isInPlay": true
          },
          {
            "id": 2,
            "steps": 12,
            "isHome": false,
            "isInPlay": true
          },
          {
            "id": 3,
            "steps": 0,
            "isHome": true,
            "isInPlay": false
          }
        ],
        "isOffline": false
      },
      {
        "id": 1,
        "name": "Md Atik",
        "color": "#43A047",
        "avatar": "https://res.cloudinary.com/dz88yjerw/image/upload/v1779774308/ccut8qllcbmzl6bxx0yy.png",
        "cover": "https://res.cloudinary.com/dz88yjerw/image/upload/v1759779146/gyshxw4n76fbsohz3rcz.jpg",
        "profileId": "67e431d61e4463f7adfa544e",
        "isActive": true,
        "pieces": [
          {
            "id": 0,
            "steps": 3,
            "isHome": false,
            "isInPlay": true
          },
          {
            "id": 1,
            "steps": 5,
            "isHome": false,
            "isInPlay": true
          },
          {
            "id": 2,
            "steps": 11,
            "isHome": false,
            "isInPlay": true
          },
          {
            "id": 3,
            "steps": 7,
            "isHome": false,
            "isInPlay": true
          }
        ],
        "isOffline": false
      }
    ],
    "selectedPlayerCount": 2,
    "currentPlayer": 1,
    "diceValue": 2,
    "gameStarted": true,
    "timestamp": 1787173072598,
    "playersSeq": 30
  }
}
[2026-08-19T21:02:55.080Z] [LUDO-EVENT] players-get-response {
  "gameId": "mt0klwrsc948p4"
}
[2026-08-19T21:02:55.081Z] [LUDO-STATE] game:mt0klwrsc948p4 {
  "gameId": "mt0klwrsc948p4",
  "snapshot": {
    "gameId": "mt0klwrsc948p4",
    "players": [
      {
        "id": 0,
        "name": "Mohammad Ikram",
        "color": "#E53935",
        "avatar": "https://res.cloudinary.com/dz88yjerw/image/upload/v1786061008/y2bgpcmceri6ogm2anvw.png",
        "cover": "https://res.cloudinary.com/dz88yjerw/image/upload/v1780098021/abtk9davy21pzff2x0cd.png",
        "profileId": "67bf1e4009395add03e1e234",
        "isActive": true,
        "pieces": [
          {
            "id": 0,
            "steps": 1,
            "isHome": false,
            "isInPlay": true
          },
          {
            "id": 1,
            "steps": 6,
            "isHome": false,
            "isInPlay": true
          },
          {
            "id": 2,
            "steps": 12,
            "isHome": false,
            "isInPlay": true
          },
          {
            "id": 3,
            "steps": 0,
            "isHome": true,
            "isInPlay": false
          }
        ],
        "isOffline": false
      },
      {
        "id": 1,
        "name": "Md Atik",
        "color": "#43A047",
        "avatar": "https://res.cloudinary.com/dz88yjerw/image/upload/v1779774308/ccut8qllcbmzl6bxx0yy.png",
        "cover": "https://res.cloudinary.com/dz88yjerw/image/upload/v1759779146/gyshxw4n76fbsohz3rcz.jpg",
        "profileId": "67e431d61e4463f7adfa544e",
        "isActive": true,
        "pieces": [
          {
            "id": 0,
            "steps": 3,
            "isHome": false,
            "isInPlay": true
          },
          {
            "id": 1,
            "steps": 5,
            "isHome": false,
            "isInPlay": true
          },
          {
            "id": 2,
            "steps": 11,
            "isHome": false,
            "isInPlay": true
          },
          {
            "id": 3,
            "steps": 7,
            "isHome": false,
            "isInPlay": true
          }
        ],
        "isOffline": false
      }
    ],
    "selectedPlayerCount": 2,
    "currentPlayer": 1,
    "diceValue": 2,
    "gameStarted": true,
    "timestamp": 1787173072598,
    "playersSeq": 30
  }
}
[2026-08-19T21:02:58.081Z] [LUDO-EVENT] players-get-response {
  "gameId": "mt0klwrsc948p4"
}
[2026-08-19T21:02:58.081Z] [LUDO-STATE] game:mt0klwrsc948p4 {
  "gameId": "mt0klwrsc948p4",
  "snapshot": {
    "gameId": "mt0klwrsc948p4",
    "players": [
      {
        "id": 0,
        "name": "Mohammad Ikram",
        "color": "#E53935",
        "avatar": "https://res.cloudinary.com/dz88yjerw/image/upload/v1786061008/y2bgpcmceri6ogm2anvw.png",
        "cover": "https://res.cloudinary.com/dz88yjerw/image/upload/v1780098021/abtk9davy21pzff2x0cd.png",
        "profileId": "67bf1e4009395add03e1e234",
        "isActive": true,
        "pieces": [
          {
            "id": 0,
            "steps": 1,
            "isHome": false,
            "isInPlay": true
          },
          {
            "id": 1,
            "steps": 6,
            "isHome": false,
            "isInPlay": true
          },
          {
            "id": 2,
            "steps": 12,
            "isHome": false,
            "isInPlay": true
          },
          {
            "id": 3,
            "steps": 0,
            "isHome": true,
            "isInPlay": false
          }
        ],
        "isOffline": false
      },
      {
        "id": 1,
        "name": "Md Atik",
        "color": "#43A047",
        "avatar": "https://res.cloudinary.com/dz88yjerw/image/upload/v1779774308/ccut8qllcbmzl6bxx0yy.png",
        "cover": "https://res.cloudinary.com/dz88yjerw/image/upload/v1759779146/gyshxw4n76fbsohz3rcz.jpg",
        "profileId": "67e431d61e4463f7adfa544e",
        "isActive": true,
        "pieces": [
          {
            "id": 0,
            "steps": 3,
            "isHome": false,
            "isInPlay": true
          },
          {
            "id": 1,
            "steps": 5,
            "isHome": false,
            "isInPlay": true
          },
          {
            "id": 2,
            "steps": 11,
            "isHome": false,
            "isInPlay": true
          },
          {
            "id": 3,
            "steps": 7,
            "isHome": false,
            "isInPlay": true
          }
        ],
        "isOffline": false
      }
    ],
    "selectedPlayerCount": 2,
    "currentPlayer": 1,
    "diceValue": 2,
    "gameStarted": true,
    "timestamp": 1787173072598,
    "playersSeq": 30
  }
}
[2026-08-19T21:03:01.081Z] [LUDO-EVENT] players-get-response {
  "gameId": "mt0klwrsc948p4"
}
[2026-08-19T21:03:01.081Z] [LUDO-STATE] game:mt0klwrsc948p4 {
  "gameId": "mt0klwrsc948p4",
  "snapshot": {
    "gameId": "mt0klwrsc948p4",
    "players": [
      {
        "id": 0,
        "name": "Mohammad Ikram",
        "color": "#E53935",
        "avatar": "https://res.cloudinary.com/dz88yjerw/image/upload/v1786061008/y2bgpcmceri6ogm2anvw.png",
        "cover": "https://res.cloudinary.com/dz88yjerw/image/upload/v1780098021/abtk9davy21pzff2x0cd.png",
        "profileId": "67bf1e4009395add03e1e234",
        "isActive": true,
        "pieces": [
          {
            "id": 0,
            "steps": 1,
            "isHome": false,
            "isInPlay": true
          },
          {
            "id": 1,
            "steps": 6,
            "isHome": false,
            "isInPlay": true
          },
          {
            "id": 2,
            "steps": 12,
            "isHome": false,
            "isInPlay": true
          },
          {
            "id": 3,
            "steps": 0,
            "isHome": true,
            "isInPlay": false
          }
        ],
        "isOffline": false
      },
      {
        "id": 1,
        "name": "Md Atik",
        "color": "#43A047",
        "avatar": "https://res.cloudinary.com/dz88yjerw/image/upload/v1779774308/ccut8qllcbmzl6bxx0yy.png",
        "cover": "https://res.cloudinary.com/dz88yjerw/image/upload/v1759779146/gyshxw4n76fbsohz3rcz.jpg",
        "profileId": "67e431d61e4463f7adfa544e",
        "isActive": true,
        "pieces": [
          {
            "id": 0,
            "steps": 3,
            "isHome": false,
            "isInPlay": true
          },
          {
            "id": 1,
            "steps": 5,
            "isHome": false,
            "isInPlay": true
          },
          {
            "id": 2,
            "steps": 11,
            "isHome": false,
            "isInPlay": true
          },
          {
            "id": 3,
            "steps": 7,
            "isHome": false,
            "isInPlay": true
          }
        ],
        "isOffline": false
      }
    ],
    "selectedPlayerCount": 2,
    "currentPlayer": 1,
    "diceValue": 2,
    "gameStarted": true,
    "timestamp": 1787173072598,
    "playersSeq": 30
  }
}
[2026-08-19T21:03:04.081Z] [LUDO-EVENT] players-get-response {
  "gameId": "mt0klwrsc948p4"
}
[2026-08-19T21:03:04.081Z] [LUDO-STATE] game:mt0klwrsc948p4 {
  "gameId": "mt0klwrsc948p4",
  "snapshot": {
    "gameId": "mt0klwrsc948p4",
    "players": [
      {
        "id": 0,
        "name": "Mohammad Ikram",
        "color": "#E53935",
        "avatar": "https://res.cloudinary.com/dz88yjerw/image/upload/v1786061008/y2bgpcmceri6ogm2anvw.png",
        "cover": "https://res.cloudinary.com/dz88yjerw/image/upload/v1780098021/abtk9davy21pzff2x0cd.png",
        "profileId": "67bf1e4009395add03e1e234",
        "isActive": true,
        "pieces": [
          {
            "id": 0,
            "steps": 1,
            "isHome": false,
            "isInPlay": true
          },
          {
            "id": 1,
            "steps": 6,
            "isHome": false,
            "isInPlay": true
          },
          {
            "id": 2,
            "steps": 12,
            "isHome": false,
            "isInPlay": true
          },
          {
            "id": 3,
            "steps": 0,
            "isHome": true,
            "isInPlay": false
          }
        ],
        "isOffline": false
      },
      {
        "id": 1,
        "name": "Md Atik",
        "color": "#43A047",
        "avatar": "https://res.cloudinary.com/dz88yjerw/image/upload/v1779774308/ccut8qllcbmzl6bxx0yy.png",
        "cover": "https://res.cloudinary.com/dz88yjerw/image/upload/v1759779146/gyshxw4n76fbsohz3rcz.jpg",
        "profileId": "67e431d61e4463f7adfa544e",
        "isActive": true,
        "pieces": [
          {
            "id": 0,
            "steps": 3,
            "isHome": false,
            "isInPlay": true
          },
          {
            "id": 1,
            "steps": 5,
            "isHome": false,
            "isInPlay": true
          },
          {
            "id": 2,
            "steps": 11,
            "isHome": false,
            "isInPlay": true
          },
          {
            "id": 3,
            "steps": 7,
            "isHome": false,
            "isInPlay": true
          }
        ],
        "isOffline": false
      }
    ],
    "selectedPlayerCount": 2,
    "currentPlayer": 1,
    "diceValue": 2,
    "gameStarted": true,
    "timestamp": 1787173072598,
    "playersSeq": 30
  }
}
[2026-08-19T21:03:07.083Z] [LUDO-EVENT] players-get-response {
  "gameId": "mt0klwrsc948p4"
}
[2026-08-19T21:03:07.084Z] [LUDO-STATE] game:mt0klwrsc948p4 {
  "gameId": "mt0klwrsc948p4",
  "snapshot": {
    "gameId": "mt0klwrsc948p4",
    "players": [
      {
        "id": 0,
        "name": "Mohammad Ikram",
        "color": "#E53935",
        "avatar": "https://res.cloudinary.com/dz88yjerw/image/upload/v1786061008/y2bgpcmceri6ogm2anvw.png",
        "cover": "https://res.cloudinary.com/dz88yjerw/image/upload/v1780098021/abtk9davy21pzff2x0cd.png",
        "profileId": "67bf1e4009395add03e1e234",
        "isActive": true,
        "pieces": [
          {
            "id": 0,
            "steps": 1,
            "isHome": false,
            "isInPlay": true
          },
          {
            "id": 1,
            "steps": 6,
            "isHome": false,
            "isInPlay": true
          },
          {
            "id": 2,
            "steps": 12,
            "isHome": false,
            "isInPlay": true
          },
          {
            "id": 3,
            "steps": 0,
            "isHome": true,
            "isInPlay": false
          }
        ],
        "isOffline": false
      },
      {
        "id": 1,
        "name": "Md Atik",
        "color": "#43A047",
        "avatar": "https://res.cloudinary.com/dz88yjerw/image/upload/v1779774308/ccut8qllcbmzl6bxx0yy.png",
        "cover": "https://res.cloudinary.com/dz88yjerw/image/upload/v1759779146/gyshxw4n76fbsohz3rcz.jpg",
        "profileId": "67e431d61e4463f7adfa544e",
        "isActive": true,
        "pieces": [
          {
            "id": 0,
            "steps": 3,
            "isHome": false,
            "isInPlay": true
          },
          {
            "id": 1,
            "steps": 5,
            "isHome": false,
            "isInPlay": true
          },
          {
            "id": 2,
            "steps": 11,
            "isHome": false,
            "isInPlay": true
          },
          {
            "id": 3,
            "steps": 7,
            "isHome": false,
            "isInPlay": true
          }
        ],
        "isOffline": false
      }
    ],
    "selectedPlayerCount": 2,
    "currentPlayer": 1,
    "diceValue": 2,
    "gameStarted": true,
    "timestamp": 1787173072598,
    "playersSeq": 30
  }
}
[2026-08-19T21:03:10.082Z] [LUDO-EVENT] players-get-response {
  "gameId": "mt0klwrsc948p4"
}
[2026-08-19T21:03:10.083Z] [LUDO-STATE] game:mt0klwrsc948p4 {
  "gameId": "mt0klwrsc948p4",
  "snapshot": {
    "gameId": "mt0klwrsc948p4",
    "players": [
      {
        "id": 0,
        "name": "Mohammad Ikram",
        "color": "#E53935",
        "avatar": "https://res.cloudinary.com/dz88yjerw/image/upload/v1786061008/y2bgpcmceri6ogm2anvw.png",
        "cover": "https://res.cloudinary.com/dz88yjerw/image/upload/v1780098021/abtk9davy21pzff2x0cd.png",
        "profileId": "67bf1e4009395add03e1e234",
        "isActive": true,
        "pieces": [
          {
            "id": 0,
            "steps": 1,
            "isHome": false,
            "isInPlay": true
          },
          {
            "id": 1,
            "steps": 6,
            "isHome": false,
            "isInPlay": true
          },
          {
            "id": 2,
            "steps": 12,
            "isHome": false,
            "isInPlay": true
          },
          {
            "id": 3,
            "steps": 0,
            "isHome": true,
            "isInPlay": false
          }
        ],
        "isOffline": false
      },
      {
        "id": 1,
        "name": "Md Atik",
        "color": "#43A047",
        "avatar": "https://res.cloudinary.com/dz88yjerw/image/upload/v1779774308/ccut8qllcbmzl6bxx0yy.png",
        "cover": "https://res.cloudinary.com/dz88yjerw/image/upload/v1759779146/gyshxw4n76fbsohz3rcz.jpg",
        "profileId": "67e431d61e4463f7adfa544e",
        "isActive": true,
        "pieces": [
          {
            "id": 0,
            "steps": 3,
            "isHome": false,
            "isInPlay": true
          },
          {
            "id": 1,
            "steps": 5,
            "isHome": false,
            "isInPlay": true
          },
          {
            "id": 2,
            "steps": 11,
            "isHome": false,
            "isInPlay": true
          },
          {
            "id": 3,
            "steps": 7,
            "isHome": false,
            "isInPlay": true
          }
        ],
        "isOffline": false
      }
    ],
    "selectedPlayerCount": 2,
    "currentPlayer": 1,
    "diceValue": 2,
    "gameStarted": true,
    "timestamp": 1787173072598,
    "playersSeq": 30
  }
}
[2026-08-19T21:03:13.085Z] [LUDO-EVENT] players-get-response {
  "gameId": "mt0klwrsc948p4"
}
[2026-08-19T21:03:13.086Z] [LUDO-STATE] game:mt0klwrsc948p4 {
  "gameId": "mt0klwrsc948p4",
  "snapshot": {
    "gameId": "mt0klwrsc948p4",
    "players": [
      {
        "id": 0,
        "name": "Mohammad Ikram",
        "color": "#E53935",
        "avatar": "https://res.cloudinary.com/dz88yjerw/image/upload/v1786061008/y2bgpcmceri6ogm2anvw.png",
        "cover": "https://res.cloudinary.com/dz88yjerw/image/upload/v1780098021/abtk9davy21pzff2x0cd.png",
        "profileId": "67bf1e4009395add03e1e234",
        "isActive": true,
        "pieces": [
          {
            "id": 0,
            "steps": 1,
            "isHome": false,
            "isInPlay": true
          },
          {
            "id": 1,
            "steps": 6,
            "isHome": false,
            "isInPlay": true
          },
          {
            "id": 2,
            "steps": 12,
            "isHome": false,
            "isInPlay": true
          },
          {
            "id": 3,
            "steps": 0,
            "isHome": true,
            "isInPlay": false
          }
        ],
        "isOffline": false
      },
      {
        "id": 1,
        "name": "Md Atik",
        "color": "#43A047",
        "avatar": "https://res.cloudinary.com/dz88yjerw/image/upload/v1779774308/ccut8qllcbmzl6bxx0yy.png",
        "cover": "https://res.cloudinary.com/dz88yjerw/image/upload/v1759779146/gyshxw4n76fbsohz3rcz.jpg",
        "profileId": "67e431d61e4463f7adfa544e",
        "isActive": true,
        "pieces": [
          {
            "id": 0,
            "steps": 3,
            "isHome": false,
            "isInPlay": true
          },
          {
            "id": 1,
            "steps": 5,
            "isHome": false,
            "isInPlay": true
          },
          {
            "id": 2,
            "steps": 11,
            "isHome": false,
            "isInPlay": true
          },
          {
            "id": 3,
            "steps": 7,
            "isHome": false,
            "isInPlay": true
          }
        ],
        "isOffline": false
      }
    ],
    "selectedPlayerCount": 2,
    "currentPlayer": 1,
    "diceValue": 2,
    "gameStarted": true,
    "timestamp": 1787173072598,
    "playersSeq": 30
  }
}
[2026-08-19T21:03:16.083Z] [LUDO-EVENT] players-get-response {
  "gameId": "mt0klwrsc948p4"
}
[2026-08-19T21:03:16.083Z] [LUDO-STATE] game:mt0klwrsc948p4 {
  "gameId": "mt0klwrsc948p4",
  "snapshot": {
    "gameId": "mt0klwrsc948p4",
    "players": [
      {
        "id": 0,
        "name": "Mohammad Ikram",
        "color": "#E53935",
        "avatar": "https://res.cloudinary.com/dz88yjerw/image/upload/v1786061008/y2bgpcmceri6ogm2anvw.png",
        "cover": "https://res.cloudinary.com/dz88yjerw/image/upload/v1780098021/abtk9davy21pzff2x0cd.png",
        "profileId": "67bf1e4009395add03e1e234",
        "isActive": true,
        "pieces": [
          {
            "id": 0,
            "steps": 1,
            "isHome": false,
            "isInPlay": true
          },
          {
            "id": 1,
            "steps": 6,
            "isHome": false,
            "isInPlay": true
          },
          {
            "id": 2,
            "steps": 12,
            "isHome": false,
            "isInPlay": true
          },
          {
            "id": 3,
            "steps": 0,
            "isHome": true,
            "isInPlay": false
          }
        ],
        "isOffline": false
      },
      {
        "id": 1,
        "name": "Md Atik",
        "color": "#43A047",
        "avatar": "https://res.cloudinary.com/dz88yjerw/image/upload/v1779774308/ccut8qllcbmzl6bxx0yy.png",
        "cover": "https://res.cloudinary.com/dz88yjerw/image/upload/v1759779146/gyshxw4n76fbsohz3rcz.jpg",
        "profileId": "67e431d61e4463f7adfa544e",
        "isActive": true,
        "pieces": [
          {
            "id": 0,
            "steps": 3,
            "isHome": false,
            "isInPlay": true
          },
          {
            "id": 1,
            "steps": 5,
            "isHome": false,
            "isInPlay": true
          },
          {
            "id": 2,
            "steps": 11,
            "isHome": false,
            "isInPlay": true
          },
          {
            "id": 3,
            "steps": 7,
            "isHome": false,
            "isInPlay": true
          }
        ],
        "isOffline": false
      }
    ],
    "selectedPlayerCount": 2,
    "currentPlayer": 1,
    "diceValue": 2,
    "gameStarted": true,
    "timestamp": 1787173072598,
    "playersSeq": 30
  }
}
[2026-08-19T21:03:19.083Z] [LUDO-EVENT] players-get-response {
  "gameId": "mt0klwrsc948p4"
}
[2026-08-19T21:03:19.084Z] [LUDO-STATE] game:mt0klwrsc948p4 {
  "gameId": "mt0klwrsc948p4",
  "snapshot": {
    "gameId": "mt0klwrsc948p4",
    "players": [
      {
        "id": 0,
        "name": "Mohammad Ikram",
        "color": "#E53935",
        "avatar": "https://res.cloudinary.com/dz88yjerw/image/upload/v1786061008/y2bgpcmceri6ogm2anvw.png",
        "cover": "https://res.cloudinary.com/dz88yjerw/image/upload/v1780098021/abtk9davy21pzff2x0cd.png",
        "profileId": "67bf1e4009395add03e1e234",
        "isActive": true,
        "pieces": [
          {
            "id": 0,
            "steps": 1,
            "isHome": false,
            "isInPlay": true
          },
          {
            "id": 1,
            "steps": 6,
            "isHome": false,
            "isInPlay": true
          },
          {
            "id": 2,
            "steps": 12,
            "isHome": false,
            "isInPlay": true
          },
          {
            "id": 3,
            "steps": 0,
            "isHome": true,
            "isInPlay": false
          }
        ],
        "isOffline": false
      },
      {
        "id": 1,
        "name": "Md Atik",
        "color": "#43A047",
        "avatar": "https://res.cloudinary.com/dz88yjerw/image/upload/v1779774308/ccut8qllcbmzl6bxx0yy.png",
        "cover": "https://res.cloudinary.com/dz88yjerw/image/upload/v1759779146/gyshxw4n76fbsohz3rcz.jpg",
        "profileId": "67e431d61e4463f7adfa544e",
        "isActive": true,
        "pieces": [
          {
            "id": 0,
            "steps": 3,
            "isHome": false,
            "isInPlay": true
          },
          {
            "id": 1,
            "steps": 5,
            "isHome": false,
            "isInPlay": true
          },
          {
            "id": 2,
            "steps": 11,
            "isHome": false,
            "isInPlay": true
          },
          {
            "id": 3,
            "steps": 7,
            "isHome": false,
            "isInPlay": true
          }
        ],
        "isOffline": false
      }
    ],
    "selectedPlayerCount": 2,
    "currentPlayer": 1,
    "diceValue": 2,
    "gameStarted": true,
    "timestamp": 1787173072598,
    "playersSeq": 30
  }
}
[2026-08-19T21:03:22.083Z] [LUDO-EVENT] players-get-response {
  "gameId": "mt0klwrsc948p4"
}
[2026-08-19T21:03:22.084Z] [LUDO-STATE] game:mt0klwrsc948p4 {
  "gameId": "mt0klwrsc948p4",
  "snapshot": {
    "gameId": "mt0klwrsc948p4",
    "players": [
      {
        "id": 0,
        "name": "Mohammad Ikram",
        "color": "#E53935",
        "avatar": "https://res.cloudinary.com/dz88yjerw/image/upload/v1786061008/y2bgpcmceri6ogm2anvw.png",
        "cover": "https://res.cloudinary.com/dz88yjerw/image/upload/v1780098021/abtk9davy21pzff2x0cd.png",
        "profileId": "67bf1e4009395add03e1e234",
        "isActive": true,
        "pieces": [
          {
            "id": 0,
            "steps": 1,
            "isHome": false,
            "isInPlay": true
          },
          {
            "id": 1,
            "steps": 6,
            "isHome": false,
            "isInPlay": true
          },
          {
            "id": 2,
            "steps": 12,
            "isHome": false,
            "isInPlay": true
          },
          {
            "id": 3,
            "steps": 0,
            "isHome": true,
            "isInPlay": false
          }
        ],
        "isOffline": false
      },
      {
        "id": 1,
        "name": "Md Atik",
        "color": "#43A047",
        "avatar": "https://res.cloudinary.com/dz88yjerw/image/upload/v1779774308/ccut8qllcbmzl6bxx0yy.png",
        "cover": "https://res.cloudinary.com/dz88yjerw/image/upload/v1759779146/gyshxw4n76fbsohz3rcz.jpg",
        "profileId": "67e431d61e4463f7adfa544e",
        "isActive": true,
        "pieces": [
          {
            "id": 0,
            "steps": 3,
            "isHome": false,
            "isInPlay": true
          },
          {
            "id": 1,
            "steps": 5,
            "isHome": false,
            "isInPlay": true
          },
          {
            "id": 2,
            "steps": 11,
            "isHome": false,
            "isInPlay": true
          },
          {
            "id": 3,
            "steps": 7,
            "isHome": false,
            "isInPlay": true
          }
        ],
        "isOffline": false
      }
    ],
    "selectedPlayerCount": 2,
    "currentPlayer": 1,
    "diceValue": 2,
    "gameStarted": true,
    "timestamp": 1787173072598,
    "playersSeq": 30
  }
}
[2026-08-19T21:03:26.168Z] [LUDO-EVENT] players-get-response {
  "gameId": "mt0klwrsc948p4"
}
[2026-08-19T21:03:26.169Z] [LUDO-STATE] game:mt0klwrsc948p4 {
  "gameId": "mt0klwrsc948p4",
  "snapshot": {
    "gameId": "mt0klwrsc948p4",
    "players": [
      {
        "id": 0,
        "name": "Mohammad Ikram",
        "color": "#E53935",
        "avatar": "https://res.cloudinary.com/dz88yjerw/image/upload/v1786061008/y2bgpcmceri6ogm2anvw.png",
        "cover": "https://res.cloudinary.com/dz88yjerw/image/upload/v1780098021/abtk9davy21pzff2x0cd.png",
        "profileId": "67bf1e4009395add03e1e234",
        "isActive": true,
        "pieces": [
          {
            "id": 0,
            "steps": 1,
            "isHome": false,
            "isInPlay": true
          },
          {
            "id": 1,
            "steps": 6,
            "isHome": false,
            "isInPlay": true
          },
          {
            "id": 2,
            "steps": 12,
            "isHome": false,
            "isInPlay": true
          },
          {
            "id": 3,
            "steps": 0,
            "isHome": true,
            "isInPlay": false
          }
        ],
        "isOffline": false
      },
      {
        "id": 1,
        "name": "Md Atik",
        "color": "#43A047",
        "avatar": "https://res.cloudinary.com/dz88yjerw/image/upload/v1779774308/ccut8qllcbmzl6bxx0yy.png",
        "cover": "https://res.cloudinary.com/dz88yjerw/image/upload/v1759779146/gyshxw4n76fbsohz3rcz.jpg",
        "profileId": "67e431d61e4463f7adfa544e",
        "isActive": true,
        "pieces": [
          {
            "id": 0,
            "steps": 3,
            "isHome": false,
            "isInPlay": true
          },
          {
            "id": 1,
            "steps": 5,
            "isHome": false,
            "isInPlay": true
          },
          {
            "id": 2,
            "steps": 11,
            "isHome": false,
            "isInPlay": true
          },
          {
            "id": 3,
            "steps": 7,
            "isHome": false,
            "isInPlay": true
          }
        ],
        "isOffline": false
      }
    ],
    "selectedPlayerCount": 2,
    "currentPlayer": 1,
    "diceValue": 2,
    "gameStarted": true,
    "timestamp": 1787173072598,
    "playersSeq": 30
  }
}
[2026-08-19T21:03:29.169Z] [LUDO-EVENT] players-get-response {
  "gameId": "mt0klwrsc948p4"
}
[2026-08-19T21:03:29.169Z] [LUDO-STATE] game:mt0klwrsc948p4 {
  "gameId": "mt0klwrsc948p4",
  "snapshot": {
    "gameId": "mt0klwrsc948p4",
    "players": [
      {
        "id": 0,
        "name": "Mohammad Ikram",
        "color": "#E53935",
        "avatar": "https://res.cloudinary.com/dz88yjerw/image/upload/v1786061008/y2bgpcmceri6ogm2anvw.png",
        "cover": "https://res.cloudinary.com/dz88yjerw/image/upload/v1780098021/abtk9davy21pzff2x0cd.png",
        "profileId": "67bf1e4009395add03e1e234",
        "isActive": true,
        "pieces": [
          {
            "id": 0,
            "steps": 1,
            "isHome": false,
            "isInPlay": true
          },
          {
            "id": 1,
            "steps": 6,
            "isHome": false,
            "isInPlay": true
          },
          {
            "id": 2,
            "steps": 12,
            "isHome": false,
            "isInPlay": true
          },
          {
            "id": 3,
            "steps": 0,
            "isHome": true,
            "isInPlay": false
          }
        ],
        "isOffline": false
      },
      {
        "id": 1,
        "name": "Md Atik",
        "color": "#43A047",
        "avatar": "https://res.cloudinary.com/dz88yjerw/image/upload/v1779774308/ccut8qllcbmzl6bxx0yy.png",
        "cover": "https://res.cloudinary.com/dz88yjerw/image/upload/v1759779146/gyshxw4n76fbsohz3rcz.jpg",
        "profileId": "67e431d61e4463f7adfa544e",
        "isActive": true,
        "pieces": [
          {
            "id": 0,
            "steps": 3,
            "isHome": false,
            "isInPlay": true
          },
          {
            "id": 1,
            "steps": 5,
            "isHome": false,
            "isInPlay": true
          },
          {
            "id": 2,
            "steps": 11,
            "isHome": false,
            "isInPlay": true
          },
          {
            "id": 3,
            "steps": 7,
            "isHome": false,
            "isInPlay": true
          }
        ],
        "isOffline": false
      }
    ],
    "selectedPlayerCount": 2,
    "currentPlayer": 1,
    "diceValue": 2,
    "gameStarted": true,
    "timestamp": 1787173072598,
    "playersSeq": 30
  }
}
[2026-08-19T21:03:32.170Z] [LUDO-EVENT] players-get-response {
  "gameId": "mt0klwrsc948p4"
}
[2026-08-19T21:03:32.171Z] [LUDO-STATE] game:mt0klwrsc948p4 {
  "gameId": "mt0klwrsc948p4",
  "snapshot": {
    "gameId": "mt0klwrsc948p4",
    "players": [
      {
        "id": 0,
        "name": "Mohammad Ikram",
        "color": "#E53935",
        "avatar": "https://res.cloudinary.com/dz88yjerw/image/upload/v1786061008/y2bgpcmceri6ogm2anvw.png",
        "cover": "https://res.cloudinary.com/dz88yjerw/image/upload/v1780098021/abtk9davy21pzff2x0cd.png",
        "profileId": "67bf1e4009395add03e1e234",
        "isActive": true,
        "pieces": [
          {
            "id": 0,
            "steps": 1,
            "isHome": false,
            "isInPlay": true
          },
          {
            "id": 1,
            "steps": 6,
            "isHome": false,
            "isInPlay": true
          },
          {
            "id": 2,
            "steps": 12,
            "isHome": false,
            "isInPlay": true
          },
          {
            "id": 3,
            "steps": 0,
            "isHome": true,
            "isInPlay": false
          }
        ],
        "isOffline": false
      },
      {
        "id": 1,
        "name": "Md Atik",
        "color": "#43A047",
        "avatar": "https://res.cloudinary.com/dz88yjerw/image/upload/v1779774308/ccut8qllcbmzl6bxx0yy.png",
        "cover": "https://res.cloudinary.com/dz88yjerw/image/upload/v1759779146/gyshxw4n76fbsohz3rcz.jpg",
        "profileId": "67e431d61e4463f7adfa544e",
        "isActive": true,
        "pieces": [
          {
            "id": 0,
            "steps": 3,
            "isHome": false,
            "isInPlay": true
          },
          {
            "id": 1,
            "steps": 5,
            "isHome": false,
            "isInPlay": true
          },
          {
            "id": 2,
            "steps": 11,
            "isHome": false,
            "isInPlay": true
          },
          {
            "id": 3,
            "steps": 7,
            "isHome": false,
            "isInPlay": true
          }
        ],
        "isOffline": false
      }
    ],
    "selectedPlayerCount": 2,
    "currentPlayer": 1,
    "diceValue": 2,
    "gameStarted": true,
    "timestamp": 1787173072598,
    "playersSeq": 30
  }
}
[2026-08-19T21:03:35.171Z] [LUDO-EVENT] players-get-response {
  "gameId": "mt0klwrsc948p4"
}
[2026-08-19T21:03:35.172Z] [LUDO-STATE] game:mt0klwrsc948p4 {
  "gameId": "mt0klwrsc948p4",
  "snapshot": {
    "gameId": "mt0klwrsc948p4",
    "players": [
      {
        "id": 0,
        "name": "Mohammad Ikram",
        "color": "#E53935",
        "avatar": "https://res.cloudinary.com/dz88yjerw/image/upload/v1786061008/y2bgpcmceri6ogm2anvw.png",
        "cover": "https://res.cloudinary.com/dz88yjerw/image/upload/v1780098021/abtk9davy21pzff2x0cd.png",
        "profileId": "67bf1e4009395add03e1e234",
        "isActive": true,
        "pieces": [
          {
            "id": 0,
            "steps": 1,
            "isHome": false,
            "isInPlay": true
          },
          {
            "id": 1,
            "steps": 6,
            "isHome": false,
            "isInPlay": true
          },
          {
            "id": 2,
            "steps": 12,
            "isHome": false,
            "isInPlay": true
          },
          {
            "id": 3,
            "steps": 0,
            "isHome": true,
            "isInPlay": false
          }
        ],
        "isOffline": false
      },
      {
        "id": 1,
        "name": "Md Atik",
        "color": "#43A047",
        "avatar": "https://res.cloudinary.com/dz88yjerw/image/upload/v1779774308/ccut8qllcbmzl6bxx0yy.png",
        "cover": "https://res.cloudinary.com/dz88yjerw/image/upload/v1759779146/gyshxw4n76fbsohz3rcz.jpg",
        "profileId": "67e431d61e4463f7adfa544e",
        "isActive": true,
        "pieces": [
          {
            "id": 0,
            "steps": 3,
            "isHome": false,
            "isInPlay": true
          },
          {
            "id": 1,
            "steps": 5,
            "isHome": false,
            "isInPlay": true
          },
          {
            "id": 2,
            "steps": 11,
            "isHome": false,
            "isInPlay": true
          },
          {
            "id": 3,
            "steps": 7,
            "isHome": false,
            "isInPlay": true
          }
        ],
        "isOffline": false
      }
    ],
    "selectedPlayerCount": 2,
    "currentPlayer": 1,
    "diceValue": 2,
    "gameStarted": true,
    "timestamp": 1787173072598,
    "playersSeq": 30
  }
}
[2026-08-19T21:03:38.173Z] [LUDO-EVENT] players-get-response {
  "gameId": "mt0klwrsc948p4"
}
[2026-08-19T21:03:38.174Z] [LUDO-STATE] game:mt0klwrsc948p4 {
  "gameId": "mt0klwrsc948p4",
  "snapshot": {
    "gameId": "mt0klwrsc948p4",
    "players": [
      {
        "id": 0,
        "name": "Mohammad Ikram",
        "color": "#E53935",
        "avatar": "https://res.cloudinary.com/dz88yjerw/image/upload/v1786061008/y2bgpcmceri6ogm2anvw.png",
        "cover": "https://res.cloudinary.com/dz88yjerw/image/upload/v1780098021/abtk9davy21pzff2x0cd.png",
        "profileId": "67bf1e4009395add03e1e234",
        "isActive": true,
        "pieces": [
          {
            "id": 0,
            "steps": 1,
            "isHome": false,
            "isInPlay": true
          },
          {
            "id": 1,
            "steps": 6,
            "isHome": false,
            "isInPlay": true
          },
          {
            "id": 2,
            "steps": 12,
            "isHome": false,
            "isInPlay": true
          },
          {
            "id": 3,
            "steps": 0,
            "isHome": true,
            "isInPlay": false
          }
        ],
        "isOffline": false
      },
      {
        "id": 1,
        "name": "Md Atik",
        "color": "#43A047",
        "avatar": "https://res.cloudinary.com/dz88yjerw/image/upload/v1779774308/ccut8qllcbmzl6bxx0yy.png",
        "cover": "https://res.cloudinary.com/dz88yjerw/image/upload/v1759779146/gyshxw4n76fbsohz3rcz.jpg",
        "profileId": "67e431d61e4463f7adfa544e",
        "isActive": true,
        "pieces": [
          {
            "id": 0,
            "steps": 3,
            "isHome": false,
            "isInPlay": true
          },
          {
            "id": 1,
            "steps": 5,
            "isHome": false,
            "isInPlay": true
          },
          {
            "id": 2,
            "steps": 11,
            "isHome": false,
            "isInPlay": true
          },
          {
            "id": 3,
            "steps": 7,
            "isHome": false,
            "isInPlay": true
          }
        ],
        "isOffline": false
      }
    ],
    "selectedPlayerCount": 2,
    "currentPlayer": 1,
    "diceValue": 2,
    "gameStarted": true,
    "timestamp": 1787173072598,
    "playersSeq": 30
  }
}
[2026-08-19T21:03:40.019Z] [LUDO-EVENT] players-get-response {
  "gameId": "mt0klwrsc948p4"
}
[2026-08-19T21:03:40.034Z] [LUDO-STATE] game:mt0klwrsc948p4 {
  "gameId": "mt0klwrsc948p4",
  "snapshot": {
    "gameId": "mt0klwrsc948p4",
    "players": [
      {
        "id": 0,
        "name": "Mohammad Ikram",
        "color": "#E53935",
        "avatar": "https://res.cloudinary.com/dz88yjerw/image/upload/v1786061008/y2bgpcmceri6ogm2anvw.png",
        "cover": "https://res.cloudinary.com/dz88yjerw/image/upload/v1780098021/abtk9davy21pzff2x0cd.png",
        "profileId": "67bf1e4009395add03e1e234",
        "isActive": true,
        "pieces": [
          {
            "id": 0,
            "steps": 1,
            "isHome": false,
            "isInPlay": true
          },
          {
            "id": 1,
            "steps": 6,
            "isHome": false,
            "isInPlay": true
          },
          {
            "id": 2,
            "steps": 12,
            "isHome": false,
            "isInPlay": true
          },
          {
            "id": 3,
            "steps": 0,
            "isHome": true,
            "isInPlay": false
          }
        ],
        "isOffline": false
      },
      {
        "id": 1,
        "name": "Md Atik",
        "color": "#43A047",
        "avatar": "https://res.cloudinary.com/dz88yjerw/image/upload/v1779774308/ccut8qllcbmzl6bxx0yy.png",
        "cover": "https://res.cloudinary.com/dz88yjerw/image/upload/v1759779146/gyshxw4n76fbsohz3rcz.jpg",
        "profileId": "67e431d61e4463f7adfa544e",
        "isActive": true,
        "pieces": [
          {
            "id": 0,
            "steps": 3,
            "isHome": false,
            "isInPlay": true
          },
          {
            "id": 1,
            "steps": 5,
            "isHome": false,
            "isInPlay": true
          },
          {
            "id": 2,
            "steps": 11,
            "isHome": false,
            "isInPlay": true
          },
          {
            "id": 3,
            "steps": 7,
            "isHome": false,
            "isInPlay": true
          }
        ],
        "isOffline": false
      }
    ],
    "selectedPlayerCount": 2,
    "currentPlayer": 1,
    "diceValue": 2,
    "gameStarted": true,
    "timestamp": 1787173072598,
    "playersSeq": 30
  }
}
[2026-08-19T21:03:41.174Z] [LUDO-EVENT] players-get-response {
  "gameId": "mt0klwrsc948p4"
}
[2026-08-19T21:03:41.175Z] [LUDO-STATE] game:mt0klwrsc948p4 {
  "gameId": "mt0klwrsc948p4",
  "snapshot": {
    "gameId": "mt0klwrsc948p4",
    "players": [
      {
        "id": 0,
        "name": "Mohammad Ikram",
        "color": "#E53935",
        "avatar": "https://res.cloudinary.com/dz88yjerw/image/upload/v1786061008/y2bgpcmceri6ogm2anvw.png",
        "cover": "https://res.cloudinary.com/dz88yjerw/image/upload/v1780098021/abtk9davy21pzff2x0cd.png",
        "profileId": "67bf1e4009395add03e1e234",
        "isActive": true,
        "pieces": [
          {
            "id": 0,
            "steps": 1,
            "isHome": false,
            "isInPlay": true
          },
          {
            "id": 1,
            "steps": 6,
            "isHome": false,
            "isInPlay": true
          },
          {
            "id": 2,
            "steps": 12,
            "isHome": false,
            "isInPlay": true
          },
          {
            "id": 3,
            "steps": 0,
            "isHome": true,
            "isInPlay": false
          }
        ],
        "isOffline": false
      },
      {
        "id": 1,
        "name": "Md Atik",
        "color": "#43A047",
        "avatar": "https://res.cloudinary.com/dz88yjerw/image/upload/v1779774308/ccut8qllcbmzl6bxx0yy.png",
        "cover": "https://res.cloudinary.com/dz88yjerw/image/upload/v1759779146/gyshxw4n76fbsohz3rcz.jpg",
        "profileId": "67e431d61e4463f7adfa544e",
        "isActive": true,
        "pieces": [
          {
            "id": 0,
            "steps": 3,
            "isHome": false,
            "isInPlay": true
          },
          {
            "id": 1,
            "steps": 5,
            "isHome": false,
            "isInPlay": true
          },
          {
            "id": 2,
            "steps": 11,
            "isHome": false,
            "isInPlay": true
          },
          {
            "id": 3,
            "steps": 7,
            "isHome": false,
            "isInPlay": true
          }
        ],
        "isOffline": false
      }
    ],
    "selectedPlayerCount": 2,
    "currentPlayer": 1,
    "diceValue": 2,
    "gameStarted": true,
    "timestamp": 1787173072598,
    "playersSeq": 30
  }
}
[2026-08-19T21:03:44.181Z] [LUDO-EVENT] players-get-response {
  "gameId": "mt0klwrsc948p4"
}
[2026-08-19T21:03:44.183Z] [LUDO-STATE] game:mt0klwrsc948p4 {
  "gameId": "mt0klwrsc948p4",
  "snapshot": {
    "gameId": "mt0klwrsc948p4",
    "players": [
      {
        "id": 0,
        "name": "Mohammad Ikram",
        "color": "#E53935",
        "avatar": "https://res.cloudinary.com/dz88yjerw/image/upload/v1786061008/y2bgpcmceri6ogm2anvw.png",
        "cover": "https://res.cloudinary.com/dz88yjerw/image/upload/v1780098021/abtk9davy21pzff2x0cd.png",
        "profileId": "67bf1e4009395add03e1e234",
        "isActive": true,
        "pieces": [
          {
            "id": 0,
            "steps": 1,
            "isHome": false,
            "isInPlay": true
          },
          {
            "id": 1,
            "steps": 6,
            "isHome": false,
            "isInPlay": true
          },
          {
            "id": 2,
            "steps": 12,
            "isHome": false,
            "isInPlay": true
          },
          {
            "id": 3,
            "steps": 0,
            "isHome": true,
            "isInPlay": false
          }
        ],
        "isOffline": false
      },
      {
        "id": 1,
        "name": "Md Atik",
        "color": "#43A047",
        "avatar": "https://res.cloudinary.com/dz88yjerw/image/upload/v1779774308/ccut8qllcbmzl6bxx0yy.png",
        "cover": "https://res.cloudinary.com/dz88yjerw/image/upload/v1759779146/gyshxw4n76fbsohz3rcz.jpg",
        "profileId": "67e431d61e4463f7adfa544e",
        "isActive": true,
        "pieces": [
          {
            "id": 0,
            "steps": 3,
            "isHome": false,
            "isInPlay": true
          },
          {
            "id": 1,
            "steps": 5,
            "isHome": false,
            "isInPlay": true
          },
          {
            "id": 2,
            "steps": 11,
            "isHome": false,
            "isInPlay": true
          },
          {
            "id": 3,
            "steps": 7,
            "isHome": false,
            "isInPlay": true
          }
        ],
        "isOffline": false
      }
    ],
    "selectedPlayerCount": 2,
    "currentPlayer": 1,
    "diceValue": 2,
    "gameStarted": true,
    "timestamp": 1787173072598,
    "playersSeq": 30
  }
}
[2026-08-19T21:03:47.181Z] [LUDO-EVENT] players-get-response {
  "gameId": "mt0klwrsc948p4"
}
[2026-08-19T21:03:47.182Z] [LUDO-STATE] game:mt0klwrsc948p4 {
  "gameId": "mt0klwrsc948p4",
  "snapshot": {
    "gameId": "mt0klwrsc948p4",
    "players": [
      {
        "id": 0,
        "name": "Mohammad Ikram",
        "color": "#E53935",
        "avatar": "https://res.cloudinary.com/dz88yjerw/image/upload/v1786061008/y2bgpcmceri6ogm2anvw.png",
        "cover": "https://res.cloudinary.com/dz88yjerw/image/upload/v1780098021/abtk9davy21pzff2x0cd.png",
        "profileId": "67bf1e4009395add03e1e234",
        "isActive": true,
        "pieces": [
          {
            "id": 0,
            "steps": 1,
            "isHome": false,
            "isInPlay": true
          },
          {
            "id": 1,
            "steps": 6,
            "isHome": false,
            "isInPlay": true
          },
          {
            "id": 2,
            "steps": 12,
            "isHome": false,
            "isInPlay": true
          },
          {
            "id": 3,
            "steps": 0,
            "isHome": true,
            "isInPlay": false
          }
        ],
        "isOffline": false
      },
      {
        "id": 1,
        "name": "Md Atik",
        "color": "#43A047",
        "avatar": "https://res.cloudinary.com/dz88yjerw/image/upload/v1779774308/ccut8qllcbmzl6bxx0yy.png",
        "cover": "https://res.cloudinary.com/dz88yjerw/image/upload/v1759779146/gyshxw4n76fbsohz3rcz.jpg",
        "profileId": "67e431d61e4463f7adfa544e",
        "isActive": true,
        "pieces": [
          {
            "id": 0,
            "steps": 3,
            "isHome": false,
            "isInPlay": true
          },
          {
            "id": 1,
            "steps": 5,
            "isHome": false,
            "isInPlay": true
          },
          {
            "id": 2,
            "steps": 11,
            "isHome": false,
            "isInPlay": true
          },
          {
            "id": 3,
            "steps": 7,
            "isHome": false,
            "isInPlay": true
          }
        ],
        "isOffline": false
      }
    ],
    "selectedPlayerCount": 2,
    "currentPlayer": 1,
    "diceValue": 2,
    "gameStarted": true,
    "timestamp": 1787173072598,
    "playersSeq": 30
  }
}
[2026-08-19T21:03:50.223Z] [LUDO-EVENT] players-get-response {
  "gameId": "mt0klwrsc948p4"
}
[2026-08-19T21:03:50.223Z] [LUDO-STATE] game:mt0klwrsc948p4 {
  "gameId": "mt0klwrsc948p4",
  "snapshot": {
    "gameId": "mt0klwrsc948p4",
    "players": [
      {
        "id": 0,
        "name": "Mohammad Ikram",
        "color": "#E53935",
        "avatar": "https://res.cloudinary.com/dz88yjerw/image/upload/v1786061008/y2bgpcmceri6ogm2anvw.png",
        "cover": "https://res.cloudinary.com/dz88yjerw/image/upload/v1780098021/abtk9davy21pzff2x0cd.png",
        "profileId": "67bf1e4009395add03e1e234",
        "isActive": true,
        "pieces": [
          {
            "id": 0,
            "steps": 1,
            "isHome": false,
            "isInPlay": true
          },
          {
            "id": 1,
            "steps": 6,
            "isHome": false,
            "isInPlay": true
          },
          {
            "id": 2,
            "steps": 12,
            "isHome": false,
            "isInPlay": true
          },
          {
            "id": 3,
            "steps": 0,
            "isHome": true,
            "isInPlay": false
          }
        ],
        "isOffline": false
      },
      {
        "id": 1,
        "name": "Md Atik",
        "color": "#43A047",
        "avatar": "https://res.cloudinary.com/dz88yjerw/image/upload/v1779774308/ccut8qllcbmzl6bxx0yy.png",
        "cover": "https://res.cloudinary.com/dz88yjerw/image/upload/v1759779146/gyshxw4n76fbsohz3rcz.jpg",
        "profileId": "67e431d61e4463f7adfa544e",
        "isActive": true,
        "pieces": [
          {
            "id": 0,
            "steps": 3,
            "isHome": false,
            "isInPlay": true
          },
          {
            "id": 1,
            "steps": 5,
            "isHome": false,
            "isInPlay": true
          },
          {
            "id": 2,
            "steps": 11,
            "isHome": false,
            "isInPlay": true
          },
          {
            "id": 3,
            "steps": 7,
            "isHome": false,
            "isInPlay": true
          }
        ],
        "isOffline": false
      }
    ],
    "selectedPlayerCount": 2,
    "currentPlayer": 1,
    "diceValue": 2,
    "gameStarted": true,
    "timestamp": 1787173072598,
    "playersSeq": 30
  }
}
[2026-08-19T21:03:53.230Z] [LUDO-EVENT] players-get-response {
  "gameId": "mt0klwrsc948p4"
}
[2026-08-19T21:03:53.230Z] [LUDO-STATE] game:mt0klwrsc948p4 {
  "gameId": "mt0klwrsc948p4",
  "snapshot": {
    "gameId": "mt0klwrsc948p4",
    "players": [
      {
        "id": 0,
        "name": "Mohammad Ikram",
        "color": "#E53935",
        "avatar": "https://res.cloudinary.com/dz88yjerw/image/upload/v1786061008/y2bgpcmceri6ogm2anvw.png",
        "cover": "https://res.cloudinary.com/dz88yjerw/image/upload/v1780098021/abtk9davy21pzff2x0cd.png",
        "profileId": "67bf1e4009395add03e1e234",
        "isActive": true,
        "pieces": [
          {
            "id": 0,
            "steps": 1,
            "isHome": false,
            "isInPlay": true
          },
          {
            "id": 1,
            "steps": 6,
            "isHome": false,
            "isInPlay": true
          },
          {
            "id": 2,
            "steps": 12,
            "isHome": false,
            "isInPlay": true
          },
          {
            "id": 3,
            "steps": 0,
            "isHome": true,
            "isInPlay": false
          }
        ],
        "isOffline": false
      },
      {
        "id": 1,
        "name": "Md Atik",
        "color": "#43A047",
        "avatar": "https://res.cloudinary.com/dz88yjerw/image/upload/v1779774308/ccut8qllcbmzl6bxx0yy.png",
        "cover": "https://res.cloudinary.com/dz88yjerw/image/upload/v1759779146/gyshxw4n76fbsohz3rcz.jpg",
        "profileId": "67e431d61e4463f7adfa544e",
        "isActive": true,
        "pieces": [
          {
            "id": 0,
            "steps": 3,
            "isHome": false,
            "isInPlay": true
          },
          {
            "id": 1,
            "steps": 5,
            "isHome": false,
            "isInPlay": true
          },
          {
            "id": 2,
            "steps": 11,
            "isHome": false,
            "isInPlay": true
          },
          {
            "id": 3,
            "steps": 7,
            "isHome": false,
            "isInPlay": true
          }
        ],
        "isOffline": false
      }
    ],
    "selectedPlayerCount": 2,
    "currentPlayer": 1,
    "diceValue": 2,
    "gameStarted": true,
    "timestamp": 1787173072598,
    "playersSeq": 30
  }
}
[2026-08-19T21:03:56.224Z] [LUDO-EVENT] players-get-response {
  "gameId": "mt0klwrsc948p4"
}
[2026-08-19T21:03:56.225Z] [LUDO-STATE] game:mt0klwrsc948p4 {
  "gameId": "mt0klwrsc948p4",
  "snapshot": {
    "gameId": "mt0klwrsc948p4",
    "players": [
      {
        "id": 0,
        "name": "Mohammad Ikram",
        "color": "#E53935",
        "avatar": "https://res.cloudinary.com/dz88yjerw/image/upload/v1786061008/y2bgpcmceri6ogm2anvw.png",
        "cover": "https://res.cloudinary.com/dz88yjerw/image/upload/v1780098021/abtk9davy21pzff2x0cd.png",
        "profileId": "67bf1e4009395add03e1e234",
        "isActive": true,
        "pieces": [
          {
            "id": 0,
            "steps": 1,
            "isHome": false,
            "isInPlay": true
          },
          {
            "id": 1,
            "steps": 6,
            "isHome": false,
            "isInPlay": true
          },
          {
            "id": 2,
            "steps": 12,
            "isHome": false,
            "isInPlay": true
          },
          {
            "id": 3,
            "steps": 0,
            "isHome": true,
            "isInPlay": false
          }
        ],
        "isOffline": false
      },
      {
        "id": 1,
        "name": "Md Atik",
        "color": "#43A047",
        "avatar": "https://res.cloudinary.com/dz88yjerw/image/upload/v1779774308/ccut8qllcbmzl6bxx0yy.png",
        "cover": "https://res.cloudinary.com/dz88yjerw/image/upload/v1759779146/gyshxw4n76fbsohz3rcz.jpg",
        "profileId": "67e431d61e4463f7adfa544e",
        "isActive": true,
        "pieces": [
          {
            "id": 0,
            "steps": 3,
            "isHome": false,
            "isInPlay": true
          },
          {
            "id": 1,
            "steps": 5,
            "isHome": false,
            "isInPlay": true
          },
          {
            "id": 2,
            "steps": 11,
            "isHome": false,
            "isInPlay": true
          },
          {
            "id": 3,
            "steps": 7,
            "isHome": false,
            "isInPlay": true
          }
        ],
        "isOffline": false
      }
    ],
    "selectedPlayerCount": 2,
    "currentPlayer": 1,
    "diceValue": 2,
    "gameStarted": true,
    "timestamp": 1787173072598,
    "playersSeq": 30
  }
}
[2026-08-19T21:03:59.224Z] [LUDO-EVENT] players-get-response {
  "gameId": "mt0klwrsc948p4"
}
[2026-08-19T21:03:59.225Z] [LUDO-STATE] game:mt0klwrsc948p4 {
  "gameId": "mt0klwrsc948p4",
  "snapshot": {
    "gameId": "mt0klwrsc948p4",
    "players": [
      {
        "id": 0,
        "name": "Mohammad Ikram",
        "color": "#E53935",
        "avatar": "https://res.cloudinary.com/dz88yjerw/image/upload/v1786061008/y2bgpcmceri6ogm2anvw.png",
        "cover": "https://res.cloudinary.com/dz88yjerw/image/upload/v1780098021/abtk9davy21pzff2x0cd.png",
        "profileId": "67bf1e4009395add03e1e234",
        "isActive": true,
        "pieces": [
          {
            "id": 0,
            "steps": 1,
            "isHome": false,
            "isInPlay": true
          },
          {
            "id": 1,
            "steps": 6,
            "isHome": false,
            "isInPlay": true
          },
          {
            "id": 2,
            "steps": 12,
            "isHome": false,
            "isInPlay": true
          },
          {
            "id": 3,
            "steps": 0,
            "isHome": true,
            "isInPlay": false
          }
        ],
        "isOffline": false
      },
      {
        "id": 1,
        "name": "Md Atik",
        "color": "#43A047",
        "avatar": "https://res.cloudinary.com/dz88yjerw/image/upload/v1779774308/ccut8qllcbmzl6bxx0yy.png",
        "cover": "https://res.cloudinary.com/dz88yjerw/image/upload/v1759779146/gyshxw4n76fbsohz3rcz.jpg",
        "profileId": "67e431d61e4463f7adfa544e",
        "isActive": true,
        "pieces": [
          {
            "id": 0,
            "steps": 3,
            "isHome": false,
            "isInPlay": true
          },
          {
            "id": 1,
            "steps": 5,
            "isHome": false,
            "isInPlay": true
          },
          {
            "id": 2,
            "steps": 11,
            "isHome": false,
            "isInPlay": true
          },
          {
            "id": 3,
            "steps": 7,
            "isHome": false,
            "isInPlay": true
          }
        ],
        "isOffline": false
      }
    ],
    "selectedPlayerCount": 2,
    "currentPlayer": 1,
    "diceValue": 2,
    "gameStarted": true,
    "timestamp": 1787173072598,
    "playersSeq": 30
  }
}
[2026-08-19T21:04:02.229Z] [LUDO-EVENT] players-get-response {
  "gameId": "mt0klwrsc948p4"
}
[2026-08-19T21:04:02.230Z] [LUDO-STATE] game:mt0klwrsc948p4 {
  "gameId": "mt0klwrsc948p4",
  "snapshot": {
    "gameId": "mt0klwrsc948p4",
    "players": [
      {
        "id": 0,
        "name": "Mohammad Ikram",
        "color": "#E53935",
        "avatar": "https://res.cloudinary.com/dz88yjerw/image/upload/v1786061008/y2bgpcmceri6ogm2anvw.png",
        "cover": "https://res.cloudinary.com/dz88yjerw/image/upload/v1780098021/abtk9davy21pzff2x0cd.png",
        "profileId": "67bf1e4009395add03e1e234",
        "isActive": true,
        "pieces": [
          {
            "id": 0,
            "steps": 1,
            "isHome": false,
            "isInPlay": true
          },
          {
            "id": 1,
            "steps": 6,
            "isHome": false,
            "isInPlay": true
          },
          {
            "id": 2,
            "steps": 12,
            "isHome": false,
            "isInPlay": true
          },
          {
            "id": 3,
            "steps": 0,
            "isHome": true,
            "isInPlay": false
          }
        ],
        "isOffline": false
      },
      {
        "id": 1,
        "name": "Md Atik",
        "color": "#43A047",
        "avatar": "https://res.cloudinary.com/dz88yjerw/image/upload/v1779774308/ccut8qllcbmzl6bxx0yy.png",
        "cover": "https://res.cloudinary.com/dz88yjerw/image/upload/v1759779146/gyshxw4n76fbsohz3rcz.jpg",
        "profileId": "67e431d61e4463f7adfa544e",
        "isActive": true,
        "pieces": [
          {
            "id": 0,
            "steps": 3,
            "isHome": false,
            "isInPlay": true
          },
          {
            "id": 1,
            "steps": 5,
            "isHome": false,
            "isInPlay": true
          },
          {
            "id": 2,
            "steps": 11,
            "isHome": false,
            "isInPlay": true
          },
          {
            "id": 3,
            "steps": 7,
            "isHome": false,
            "isInPlay": true
          }
        ],
        "isOffline": false
      }
    ],
    "selectedPlayerCount": 2,
    "currentPlayer": 1,
    "diceValue": 2,
    "gameStarted": true,
    "timestamp": 1787173072598,
    "playersSeq": 30
  }
}
[2026-08-19T21:04:05.231Z] [LUDO-EVENT] players-get-response {
  "gameId": "mt0klwrsc948p4"
}
[2026-08-19T21:04:05.231Z] [LUDO-STATE] game:mt0klwrsc948p4 {
  "gameId": "mt0klwrsc948p4",
  "snapshot": {
    "gameId": "mt0klwrsc948p4",
    "players": [
      {
        "id": 0,
        "name": "Mohammad Ikram",
        "color": "#E53935",
        "avatar": "https://res.cloudinary.com/dz88yjerw/image/upload/v1786061008/y2bgpcmceri6ogm2anvw.png",
        "cover": "https://res.cloudinary.com/dz88yjerw/image/upload/v1780098021/abtk9davy21pzff2x0cd.png",
        "profileId": "67bf1e4009395add03e1e234",
        "isActive": true,
        "pieces": [
          {
            "id": 0,
            "steps": 1,
            "isHome": false,
            "isInPlay": true
          },
          {
            "id": 1,
            "steps": 6,
            "isHome": false,
            "isInPlay": true
          },
          {
            "id": 2,
            "steps": 12,
            "isHome": false,
            "isInPlay": true
          },
          {
            "id": 3,
            "steps": 0,
            "isHome": true,
            "isInPlay": false
          }
        ],
        "isOffline": false
      },
      {
        "id": 1,
        "name": "Md Atik",
        "color": "#43A047",
        "avatar": "https://res.cloudinary.com/dz88yjerw/image/upload/v1779774308/ccut8qllcbmzl6bxx0yy.png",
        "cover": "https://res.cloudinary.com/dz88yjerw/image/upload/v1759779146/gyshxw4n76fbsohz3rcz.jpg",
        "profileId": "67e431d61e4463f7adfa544e",
        "isActive": true,
        "pieces": [
          {
            "id": 0,
            "steps": 3,
            "isHome": false,
            "isInPlay": true
          },
          {
            "id": 1,
            "steps": 5,
            "isHome": false,
            "isInPlay": true
          },
          {
            "id": 2,
            "steps": 11,
            "isHome": false,
            "isInPlay": true
          },
          {
            "id": 3,
            "steps": 7,
            "isHome": false,
            "isInPlay": true
          }
        ],
        "isOffline": false
      }
    ],
    "selectedPlayerCount": 2,
    "currentPlayer": 1,
    "diceValue": 2,
    "gameStarted": true,
    "timestamp": 1787173072598,
    "playersSeq": 30
  }
}
[2026-08-19T21:04:08.234Z] [LUDO-EVENT] players-get-response {
  "gameId": "mt0klwrsc948p4"
}
[2026-08-19T21:04:08.234Z] [LUDO-STATE] game:mt0klwrsc948p4 {
  "gameId": "mt0klwrsc948p4",
  "snapshot": {
    "gameId": "mt0klwrsc948p4",
    "players": [
      {
        "id": 0,
        "name": "Mohammad Ikram",
        "color": "#E53935",
        "avatar": "https://res.cloudinary.com/dz88yjerw/image/upload/v1786061008/y2bgpcmceri6ogm2anvw.png",
        "cover": "https://res.cloudinary.com/dz88yjerw/image/upload/v1780098021/abtk9davy21pzff2x0cd.png",
        "profileId": "67bf1e4009395add03e1e234",
        "isActive": true,
        "pieces": [
          {
            "id": 0,
            "steps": 1,
            "isHome": false,
            "isInPlay": true
          },
          {
            "id": 1,
            "steps": 6,
            "isHome": false,
            "isInPlay": true
          },
          {
            "id": 2,
            "steps": 12,
            "isHome": false,
            "isInPlay": true
          },
          {
            "id": 3,
            "steps": 0,
            "isHome": true,
            "isInPlay": false
          }
        ],
        "isOffline": false
      },
      {
        "id": 1,
        "name": "Md Atik",
        "color": "#43A047",
        "avatar": "https://res.cloudinary.com/dz88yjerw/image/upload/v1779774308/ccut8qllcbmzl6bxx0yy.png",
        "cover": "https://res.cloudinary.com/dz88yjerw/image/upload/v1759779146/gyshxw4n76fbsohz3rcz.jpg",
        "profileId": "67e431d61e4463f7adfa544e",
        "isActive": true,
        "pieces": [
          {
            "id": 0,
            "steps": 3,
            "isHome": false,
            "isInPlay": true
          },
          {
            "id": 1,
            "steps": 5,
            "isHome": false,
            "isInPlay": true
          },
          {
            "id": 2,
            "steps": 11,
            "isHome": false,
            "isInPlay": true
          },
          {
            "id": 3,
            "steps": 7,
            "isHome": false,
            "isInPlay": true
          }
        ],
        "isOffline": false
      }
    ],
    "selectedPlayerCount": 2,
    "currentPlayer": 1,
    "diceValue": 2,
    "gameStarted": true,
    "timestamp": 1787173072598,
    "playersSeq": 30
  }
}
[2026-08-19T21:04:11.235Z] [LUDO-EVENT] players-get-response {
  "gameId": "mt0klwrsc948p4"
}
[2026-08-19T21:04:11.236Z] [LUDO-STATE] game:mt0klwrsc948p4 {
  "gameId": "mt0klwrsc948p4",
  "snapshot": {
    "gameId": "mt0klwrsc948p4",
    "players": [
      {
        "id": 0,
        "name": "Mohammad Ikram",
        "color": "#E53935",
        "avatar": "https://res.cloudinary.com/dz88yjerw/image/upload/v1786061008/y2bgpcmceri6ogm2anvw.png",
        "cover": "https://res.cloudinary.com/dz88yjerw/image/upload/v1780098021/abtk9davy21pzff2x0cd.png",
        "profileId": "67bf1e4009395add03e1e234",
        "isActive": true,
        "pieces": [
          {
            "id": 0,
            "steps": 1,
            "isHome": false,
            "isInPlay": true
          },
          {
            "id": 1,
            "steps": 6,
            "isHome": false,
            "isInPlay": true
          },
          {
            "id": 2,
            "steps": 12,
            "isHome": false,
            "isInPlay": true
          },
          {
            "id": 3,
            "steps": 0,
            "isHome": true,
            "isInPlay": false
          }
        ],
        "isOffline": false
      },
      {
        "id": 1,
        "name": "Md Atik",
        "color": "#43A047",
        "avatar": "https://res.cloudinary.com/dz88yjerw/image/upload/v1779774308/ccut8qllcbmzl6bxx0yy.png",
        "cover": "https://res.cloudinary.com/dz88yjerw/image/upload/v1759779146/gyshxw4n76fbsohz3rcz.jpg",
        "profileId": "67e431d61e4463f7adfa544e",
        "isActive": true,
        "pieces": [
          {
            "id": 0,
            "steps": 3,
            "isHome": false,
            "isInPlay": true
          },
          {
            "id": 1,
            "steps": 5,
            "isHome": false,
            "isInPlay": true
          },
          {
            "id": 2,
            "steps": 11,
            "isHome": false,
            "isInPlay": true
          },
          {
            "id": 3,
            "steps": 7,
            "isHome": false,
            "isInPlay": true
          }
        ],
        "isOffline": false
      }
    ],
    "selectedPlayerCount": 2,
    "currentPlayer": 1,
    "diceValue": 2,
    "gameStarted": true,
    "timestamp": 1787173072598,
    "playersSeq": 30
  }
}
[2026-08-19T21:04:14.241Z] [LUDO-EVENT] players-get-response {
  "gameId": "mt0klwrsc948p4"
}
[2026-08-19T21:04:14.242Z] [LUDO-STATE] game:mt0klwrsc948p4 {
  "gameId": "mt0klwrsc948p4",
  "snapshot": {
    "gameId": "mt0klwrsc948p4",
    "players": [
      {
        "id": 0,
        "name": "Mohammad Ikram",
        "color": "#E53935",
        "avatar": "https://res.cloudinary.com/dz88yjerw/image/upload/v1786061008/y2bgpcmceri6ogm2anvw.png",
        "cover": "https://res.cloudinary.com/dz88yjerw/image/upload/v1780098021/abtk9davy21pzff2x0cd.png",
        "profileId": "67bf1e4009395add03e1e234",
        "isActive": true,
        "pieces": [
          {
            "id": 0,
            "steps": 1,
            "isHome": false,
            "isInPlay": true
          },
          {
            "id": 1,
            "steps": 6,
            "isHome": false,
            "isInPlay": true
          },
          {
            "id": 2,
            "steps": 12,
            "isHome": false,
            "isInPlay": true
          },
          {
            "id": 3,
            "steps": 0,
            "isHome": true,
            "isInPlay": false
          }
        ],
        "isOffline": false
      },
      {
        "id": 1,
        "name": "Md Atik",
        "color": "#43A047",
        "avatar": "https://res.cloudinary.com/dz88yjerw/image/upload/v1779774308/ccut8qllcbmzl6bxx0yy.png",
        "cover": "https://res.cloudinary.com/dz88yjerw/image/upload/v1759779146/gyshxw4n76fbsohz3rcz.jpg",
        "profileId": "67e431d61e4463f7adfa544e",
        "isActive": true,
        "pieces": [
          {
            "id": 0,
            "steps": 3,
            "isHome": false,
            "isInPlay": true
          },
          {
            "id": 1,
            "steps": 5,
            "isHome": false,
            "isInPlay": true
          },
          {
            "id": 2,
            "steps": 11,
            "isHome": false,
            "isInPlay": true
          },
          {
            "id": 3,
            "steps": 7,
            "isHome": false,
            "isInPlay": true
          }
        ],
        "isOffline": false
      }
    ],
    "selectedPlayerCount": 2,
    "currentPlayer": 1,
    "diceValue": 2,
    "gameStarted": true,
    "timestamp": 1787173072598,
    "playersSeq": 30
  }
}
[2026-08-19T21:04:17.240Z] [LUDO-EVENT] players-get-response {
  "gameId": "mt0klwrsc948p4"
}
[2026-08-19T21:04:17.241Z] [LUDO-STATE] game:mt0klwrsc948p4 {
  "gameId": "mt0klwrsc948p4",
  "snapshot": {
    "gameId": "mt0klwrsc948p4",
    "players": [
      {
        "id": 0,
        "name": "Mohammad Ikram",
        "color": "#E53935",
        "avatar": "https://res.cloudinary.com/dz88yjerw/image/upload/v1786061008/y2bgpcmceri6ogm2anvw.png",
        "cover": "https://res.cloudinary.com/dz88yjerw/image/upload/v1780098021/abtk9davy21pzff2x0cd.png",
        "profileId": "67bf1e4009395add03e1e234",
        "isActive": true,
        "pieces": [
          {
            "id": 0,
            "steps": 1,
            "isHome": false,
            "isInPlay": true
          },
          {
            "id": 1,
            "steps": 6,
            "isHome": false,
            "isInPlay": true
          },
          {
            "id": 2,
            "steps": 12,
            "isHome": false,
            "isInPlay": true
          },
          {
            "id": 3,
            "steps": 0,
            "isHome": true,
            "isInPlay": false
          }
        ],
        "isOffline": false
      },
      {
        "id": 1,
        "name": "Md Atik",
        "color": "#43A047",
        "avatar": "https://res.cloudinary.com/dz88yjerw/image/upload/v1779774308/ccut8qllcbmzl6bxx0yy.png",
        "cover": "https://res.cloudinary.com/dz88yjerw/image/upload/v1759779146/gyshxw4n76fbsohz3rcz.jpg",
        "profileId": "67e431d61e4463f7adfa544e",
        "isActive": true,
        "pieces": [
          {
            "id": 0,
            "steps": 3,
            "isHome": false,
            "isInPlay": true
          },
          {
            "id": 1,
            "steps": 5,
            "isHome": false,
            "isInPlay": true
          },
          {
            "id": 2,
            "steps": 11,
            "isHome": false,
            "isInPlay": true
          },
          {
            "id": 3,
            "steps": 7,
            "isHome": false,
            "isInPlay": true
          }
        ],
        "isOffline": false
      }
    ],
    "selectedPlayerCount": 2,
    "currentPlayer": 1,
    "diceValue": 2,
    "gameStarted": true,
    "timestamp": 1787173072598,
    "playersSeq": 30
  }
}
[2026-08-19T21:04:20.241Z] [LUDO-EVENT] players-get-response {
  "gameId": "mt0klwrsc948p4"
}
[2026-08-19T21:04:20.241Z] [LUDO-STATE] game:mt0klwrsc948p4 {
  "gameId": "mt0klwrsc948p4",
  "snapshot": {
    "gameId": "mt0klwrsc948p4",
    "players": [
      {
        "id": 0,
        "name": "Mohammad Ikram",
        "color": "#E53935",
        "avatar": "https://res.cloudinary.com/dz88yjerw/image/upload/v1786061008/y2bgpcmceri6ogm2anvw.png",
        "cover": "https://res.cloudinary.com/dz88yjerw/image/upload/v1780098021/abtk9davy21pzff2x0cd.png",
        "profileId": "67bf1e4009395add03e1e234",
        "isActive": true,
        "pieces": [
          {
            "id": 0,
            "steps": 1,
            "isHome": false,
            "isInPlay": true
          },
          {
            "id": 1,
            "steps": 6,
            "isHome": false,
            "isInPlay": true
          },
          {
            "id": 2,
            "steps": 12,
            "isHome": false,
            "isInPlay": true
          },
          {
            "id": 3,
            "steps": 0,
            "isHome": true,
            "isInPlay": false
          }
        ],
        "isOffline": false
      },
      {
        "id": 1,
        "name": "Md Atik",
        "color": "#43A047",
        "avatar": "https://res.cloudinary.com/dz88yjerw/image/upload/v1779774308/ccut8qllcbmzl6bxx0yy.png",
        "cover": "https://res.cloudinary.com/dz88yjerw/image/upload/v1759779146/gyshxw4n76fbsohz3rcz.jpg",
        "profileId": "67e431d61e4463f7adfa544e",
        "isActive": true,
        "pieces": [
          {
            "id": 0,
            "steps": 3,
            "isHome": false,
            "isInPlay": true
          },
          {
            "id": 1,
            "steps": 5,
            "isHome": false,
            "isInPlay": true
          },
          {
            "id": 2,
            "steps": 11,
            "isHome": false,
            "isInPlay": true
          },
          {
            "id": 3,
            "steps": 7,
            "isHome": false,
            "isInPlay": true
          }
        ],
        "isOffline": false
      }
    ],
    "selectedPlayerCount": 2,
    "currentPlayer": 1,
    "diceValue": 2,
    "gameStarted": true,
    "timestamp": 1787173072598,
    "playersSeq": 30
  }
}
[2026-08-19T21:04:23.245Z] [LUDO-EVENT] players-get-response {
  "gameId": "mt0klwrsc948p4"
}
[2026-08-19T21:04:23.245Z] [LUDO-STATE] game:mt0klwrsc948p4 {
  "gameId": "mt0klwrsc948p4",
  "snapshot": {
    "gameId": "mt0klwrsc948p4",
    "players": [
      {
        "id": 0,
        "name": "Mohammad Ikram",
        "color": "#E53935",
        "avatar": "https://res.cloudinary.com/dz88yjerw/image/upload/v1786061008/y2bgpcmceri6ogm2anvw.png",
        "cover": "https://res.cloudinary.com/dz88yjerw/image/upload/v1780098021/abtk9davy21pzff2x0cd.png",
        "profileId": "67bf1e4009395add03e1e234",
        "isActive": true,
        "pieces": [
          {
            "id": 0,
            "steps": 1,
            "isHome": false,
            "isInPlay": true
          },
          {
            "id": 1,
            "steps": 6,
            "isHome": false,
            "isInPlay": true
          },
          {
            "id": 2,
            "steps": 12,
            "isHome": false,
            "isInPlay": true
          },
          {
            "id": 3,
            "steps": 0,
            "isHome": true,
            "isInPlay": false
          }
        ],
        "isOffline": false
      },
      {
        "id": 1,
        "name": "Md Atik",
        "color": "#43A047",
        "avatar": "https://res.cloudinary.com/dz88yjerw/image/upload/v1779774308/ccut8qllcbmzl6bxx0yy.png",
        "cover": "https://res.cloudinary.com/dz88yjerw/image/upload/v1759779146/gyshxw4n76fbsohz3rcz.jpg",
        "profileId": "67e431d61e4463f7adfa544e",
        "isActive": true,
        "pieces": [
          {
            "id": 0,
            "steps": 3,
            "isHome": false,
            "isInPlay": true
          },
          {
            "id": 1,
            "steps": 5,
            "isHome": false,
            "isInPlay": true
          },
          {
            "id": 2,
            "steps": 11,
            "isHome": false,
            "isInPlay": true
          },
          {
            "id": 3,
            "steps": 7,
            "isHome": false,
            "isInPlay": true
          }
        ],
        "isOffline": false
      }
    ],
    "selectedPlayerCount": 2,
    "currentPlayer": 1,
    "diceValue": 2,
    "gameStarted": true,
    "timestamp": 1787173072598,
    "playersSeq": 30
  }
}
[2026-08-19T21:04:26.245Z] [LUDO-EVENT] players-get-response {
  "gameId": "mt0klwrsc948p4"
}
[2026-08-19T21:04:26.246Z] [LUDO-STATE] game:mt0klwrsc948p4 {
  "gameId": "mt0klwrsc948p4",
  "snapshot": {
    "gameId": "mt0klwrsc948p4",
    "players": [
      {
        "id": 0,
        "name": "Mohammad Ikram",
        "color": "#E53935",
        "avatar": "https://res.cloudinary.com/dz88yjerw/image/upload/v1786061008/y2bgpcmceri6ogm2anvw.png",
        "cover": "https://res.cloudinary.com/dz88yjerw/image/upload/v1780098021/abtk9davy21pzff2x0cd.png",
        "profileId": "67bf1e4009395add03e1e234",
        "isActive": true,
        "pieces": [
          {
            "id": 0,
            "steps": 1,
            "isHome": false,
            "isInPlay": true
          },
          {
            "id": 1,
            "steps": 6,
            "isHome": false,
            "isInPlay": true
          },
          {
            "id": 2,
            "steps": 12,
            "isHome": false,
            "isInPlay": true
          },
          {
            "id": 3,
            "steps": 0,
            "isHome": true,
            "isInPlay": false
          }
        ],
        "isOffline": false
      },
      {
        "id": 1,
        "name": "Md Atik",
        "color": "#43A047",
        "avatar": "https://res.cloudinary.com/dz88yjerw/image/upload/v1779774308/ccut8qllcbmzl6bxx0yy.png",
        "cover": "https://res.cloudinary.com/dz88yjerw/image/upload/v1759779146/gyshxw4n76fbsohz3rcz.jpg",
        "profileId": "67e431d61e4463f7adfa544e",
        "isActive": true,
        "pieces": [
          {
            "id": 0,
            "steps": 3,
            "isHome": false,
            "isInPlay": true
          },
          {
            "id": 1,
            "steps": 5,
            "isHome": false,
            "isInPlay": true
          },
          {
            "id": 2,
            "steps": 11,
            "isHome": false,
            "isInPlay": true
          },
          {
            "id": 3,
            "steps": 7,
            "isHome": false,
            "isInPlay": true
          }
        ],
        "isOffline": false
      }
    ],
    "selectedPlayerCount": 2,
    "currentPlayer": 1,
    "diceValue": 2,
    "gameStarted": true,
    "timestamp": 1787173072598,
    "playersSeq": 30
  }
}
[2026-08-19T21:04:29.247Z] [LUDO-EVENT] players-get-response {
  "gameId": "mt0klwrsc948p4"
}
[2026-08-19T21:04:29.248Z] [LUDO-STATE] game:mt0klwrsc948p4 {
  "gameId": "mt0klwrsc948p4",
  "snapshot": {
    "gameId": "mt0klwrsc948p4",
    "players": [
      {
        "id": 0,
        "name": "Mohammad Ikram",
        "color": "#E53935",
        "avatar": "https://res.cloudinary.com/dz88yjerw/image/upload/v1786061008/y2bgpcmceri6ogm2anvw.png",
        "cover": "https://res.cloudinary.com/dz88yjerw/image/upload/v1780098021/abtk9davy21pzff2x0cd.png",
        "profileId": "67bf1e4009395add03e1e234",
        "isActive": true,
        "pieces": [
          {
            "id": 0,
            "steps": 1,
            "isHome": false,
            "isInPlay": true
          },
          {
            "id": 1,
            "steps": 6,
            "isHome": false,
            "isInPlay": true
          },
          {
            "id": 2,
            "steps": 12,
            "isHome": false,
            "isInPlay": true
          },
          {
            "id": 3,
            "steps": 0,
            "isHome": true,
            "isInPlay": false
          }
        ],
        "isOffline": false
      },
      {
        "id": 1,
        "name": "Md Atik",
        "color": "#43A047",
        "avatar": "https://res.cloudinary.com/dz88yjerw/image/upload/v1779774308/ccut8qllcbmzl6bxx0yy.png",
        "cover": "https://res.cloudinary.com/dz88yjerw/image/upload/v1759779146/gyshxw4n76fbsohz3rcz.jpg",
        "profileId": "67e431d61e4463f7adfa544e",
        "isActive": true,
        "pieces": [
          {
            "id": 0,
            "steps": 3,
            "isHome": false,
            "isInPlay": true
          },
          {
            "id": 1,
            "steps": 5,
            "isHome": false,
            "isInPlay": true
          },
          {
            "id": 2,
            "steps": 11,
            "isHome": false,
            "isInPlay": true
          },
          {
            "id": 3,
            "steps": 7,
            "isHome": false,
            "isInPlay": true
          }
        ],
        "isOffline": false
      }
    ],
    "selectedPlayerCount": 2,
    "currentPlayer": 1,
    "diceValue": 2,
    "gameStarted": true,
    "timestamp": 1787173072598,
    "playersSeq": 30
  }
}
[2026-08-19T21:04:32.248Z] [LUDO-EVENT] players-get-response {
  "gameId": "mt0klwrsc948p4"
}
[2026-08-19T21:04:32.249Z] [LUDO-STATE] game:mt0klwrsc948p4 {
  "gameId": "mt0klwrsc948p4",
  "snapshot": {
    "gameId": "mt0klwrsc948p4",
    "players": [
      {
        "id": 0,
        "name": "Mohammad Ikram",
        "color": "#E53935",
        "avatar": "https://res.cloudinary.com/dz88yjerw/image/upload/v1786061008/y2bgpcmceri6ogm2anvw.png",
        "cover": "https://res.cloudinary.com/dz88yjerw/image/upload/v1780098021/abtk9davy21pzff2x0cd.png",
        "profileId": "67bf1e4009395add03e1e234",
        "isActive": true,
        "pieces": [
          {
            "id": 0,
            "steps": 1,
            "isHome": false,
            "isInPlay": true
          },
          {
            "id": 1,
            "steps": 6,
            "isHome": false,
            "isInPlay": true
          },
          {
            "id": 2,
            "steps": 12,
            "isHome": false,
            "isInPlay": true
          },
          {
            "id": 3,
            "steps": 0,
            "isHome": true,
            "isInPlay": false
          }
        ],
        "isOffline": false
      },
      {
        "id": 1,
        "name": "Md Atik",
        "color": "#43A047",
        "avatar": "https://res.cloudinary.com/dz88yjerw/image/upload/v1779774308/ccut8qllcbmzl6bxx0yy.png",
        "cover": "https://res.cloudinary.com/dz88yjerw/image/upload/v1759779146/gyshxw4n76fbsohz3rcz.jpg",
        "profileId": "67e431d61e4463f7adfa544e",
        "isActive": true,
        "pieces": [
          {
            "id": 0,
            "steps": 3,
            "isHome": false,
            "isInPlay": true
          },
          {
            "id": 1,
            "steps": 5,
            "isHome": false,
            "isInPlay": true
          },
          {
            "id": 2,
            "steps": 11,
            "isHome": false,
            "isInPlay": true
          },
          {
            "id": 3,
            "steps": 7,
            "isHome": false,
            "isInPlay": true
          }
        ],
        "isOffline": false
      }
    ],
    "selectedPlayerCount": 2,
    "currentPlayer": 1,
    "diceValue": 2,
    "gameStarted": true,
    "timestamp": 1787173072598,
    "playersSeq": 30
  }
}
[2026-08-19T21:04:35.251Z] [LUDO-EVENT] players-get-response {
  "gameId": "mt0klwrsc948p4"
}
[2026-08-19T21:04:35.251Z] [LUDO-STATE] game:mt0klwrsc948p4 {
  "gameId": "mt0klwrsc948p4",
  "snapshot": {
    "gameId": "mt0klwrsc948p4",
    "players": [
      {
        "id": 0,
        "name": "Mohammad Ikram",
        "color": "#E53935",
        "avatar": "https://res.cloudinary.com/dz88yjerw/image/upload/v1786061008/y2bgpcmceri6ogm2anvw.png",
        "cover": "https://res.cloudinary.com/dz88yjerw/image/upload/v1780098021/abtk9davy21pzff2x0cd.png",
        "profileId": "67bf1e4009395add03e1e234",
        "isActive": true,
        "pieces": [
          {
            "id": 0,
            "steps": 1,
            "isHome": false,
            "isInPlay": true
          },
          {
            "id": 1,
            "steps": 6,
            "isHome": false,
            "isInPlay": true
          },
          {
            "id": 2,
            "steps": 12,
            "isHome": false,
            "isInPlay": true
          },
          {
            "id": 3,
            "steps": 0,
            "isHome": true,
            "isInPlay": false
          }
        ],
        "isOffline": false
      },
      {
        "id": 1,
        "name": "Md Atik",
        "color": "#43A047",
        "avatar": "https://res.cloudinary.com/dz88yjerw/image/upload/v1779774308/ccut8qllcbmzl6bxx0yy.png",
        "cover": "https://res.cloudinary.com/dz88yjerw/image/upload/v1759779146/gyshxw4n76fbsohz3rcz.jpg",
        "profileId": "67e431d61e4463f7adfa544e",
        "isActive": true,
        "pieces": [
          {
            "id": 0,
            "steps": 3,
            "isHome": false,
            "isInPlay": true
          },
          {
            "id": 1,
            "steps": 5,
            "isHome": false,
            "isInPlay": true
          },
          {
            "id": 2,
            "steps": 11,
            "isHome": false,
            "isInPlay": true
          },
          {
            "id": 3,
            "steps": 7,
            "isHome": false,
            "isInPlay": true
          }
        ],
        "isOffline": false
      }
    ],
    "selectedPlayerCount": 2,
    "currentPlayer": 1,
    "diceValue": 2,
    "gameStarted": true,
    "timestamp": 1787173072598,
    "playersSeq": 30
  }
}
[2026-08-19T21:04:38.252Z] [LUDO-EVENT] players-get-response {
  "gameId": "mt0klwrsc948p4"
}
[2026-08-19T21:04:38.253Z] [LUDO-STATE] game:mt0klwrsc948p4 {
  "gameId": "mt0klwrsc948p4",
  "snapshot": {
    "gameId": "mt0klwrsc948p4",
    "players": [
      {
        "id": 0,
        "name": "Mohammad Ikram",
        "color": "#E53935",
        "avatar": "https://res.cloudinary.com/dz88yjerw/image/upload/v1786061008/y2bgpcmceri6ogm2anvw.png",
        "cover": "https://res.cloudinary.com/dz88yjerw/image/upload/v1780098021/abtk9davy21pzff2x0cd.png",
        "profileId": "67bf1e4009395add03e1e234",
        "isActive": true,
        "pieces": [
          {
            "id": 0,
            "steps": 1,
            "isHome": false,
            "isInPlay": true
          },
          {
            "id": 1,
            "steps": 6,
            "isHome": false,
            "isInPlay": true
          },
          {
            "id": 2,
            "steps": 12,
            "isHome": false,
            "isInPlay": true
          },
          {
            "id": 3,
            "steps": 0,
            "isHome": true,
            "isInPlay": false
          }
        ],
        "isOffline": false
      },
      {
        "id": 1,
        "name": "Md Atik",
        "color": "#43A047",
        "avatar": "https://res.cloudinary.com/dz88yjerw/image/upload/v1779774308/ccut8qllcbmzl6bxx0yy.png",
        "cover": "https://res.cloudinary.com/dz88yjerw/image/upload/v1759779146/gyshxw4n76fbsohz3rcz.jpg",
        "profileId": "67e431d61e4463f7adfa544e",
        "isActive": true,
        "pieces": [
          {
            "id": 0,
            "steps": 3,
            "isHome": false,
            "isInPlay": true
          },
          {
            "id": 1,
            "steps": 5,
            "isHome": false,
            "isInPlay": true
          },
          {
            "id": 2,
            "steps": 11,
            "isHome": false,
            "isInPlay": true
          },
          {
            "id": 3,
            "steps": 7,
            "isHome": false,
            "isInPlay": true
          }
        ],
        "isOffline": false
      }
    ],
    "selectedPlayerCount": 2,
    "currentPlayer": 1,
    "diceValue": 2,
    "gameStarted": true,
    "timestamp": 1787173072598,
    "playersSeq": 30
  }
}
[2026-08-19T21:04:40.025Z] [LUDO-EVENT] players-get-response {
  "gameId": "mt0klwrsc948p4"
}
[2026-08-19T21:04:40.026Z] [LUDO-STATE] game:mt0klwrsc948p4 {
  "gameId": "mt0klwrsc948p4",
  "snapshot": {
    "gameId": "mt0klwrsc948p4",
    "players": [
      {
        "id": 0,
        "name": "Mohammad Ikram",
        "color": "#E53935",
        "avatar": "https://res.cloudinary.com/dz88yjerw/image/upload/v1786061008/y2bgpcmceri6ogm2anvw.png",
        "cover": "https://res.cloudinary.com/dz88yjerw/image/upload/v1780098021/abtk9davy21pzff2x0cd.png",
        "profileId": "67bf1e4009395add03e1e234",
        "isActive": true,
        "pieces": [
          {
            "id": 0,
            "steps": 1,
            "isHome": false,
            "isInPlay": true
          },
          {
            "id": 1,
            "steps": 6,
            "isHome": false,
            "isInPlay": true
          },
          {
            "id": 2,
            "steps": 12,
            "isHome": false,
            "isInPlay": true
          },
          {
            "id": 3,
            "steps": 0,
            "isHome": true,
            "isInPlay": false
          }
        ],
        "isOffline": false
      },
      {
        "id": 1,
        "name": "Md Atik",
        "color": "#43A047",
        "avatar": "https://res.cloudinary.com/dz88yjerw/image/upload/v1779774308/ccut8qllcbmzl6bxx0yy.png",
        "cover": "https://res.cloudinary.com/dz88yjerw/image/upload/v1759779146/gyshxw4n76fbsohz3rcz.jpg",
        "profileId": "67e431d61e4463f7adfa544e",
        "isActive": true,
        "pieces": [
          {
            "id": 0,
            "steps": 3,
            "isHome": false,
            "isInPlay": true
          },
          {
            "id": 1,
            "steps": 5,
            "isHome": false,
            "isInPlay": true
          },
          {
            "id": 2,
            "steps": 11,
            "isHome": false,
            "isInPlay": true
          },
          {
            "id": 3,
            "steps": 7,
            "isHome": false,
            "isInPlay": true
          }
        ],
        "isOffline": false
      }
    ],
    "selectedPlayerCount": 2,
    "currentPlayer": 1,
    "diceValue": 2,
    "gameStarted": true,
    "timestamp": 1787173072598,
    "playersSeq": 30
  }
}
[2026-08-19T21:04:41.252Z] [LUDO-EVENT] players-get-response {
  "gameId": "mt0klwrsc948p4"
}
[2026-08-19T21:04:41.253Z] [LUDO-STATE] game:mt0klwrsc948p4 {
  "gameId": "mt0klwrsc948p4",
  "snapshot": {
    "gameId": "mt0klwrsc948p4",
    "players": [
      {
        "id": 0,
        "name": "Mohammad Ikram",
        "color": "#E53935",
        "avatar": "https://res.cloudinary.com/dz88yjerw/image/upload/v1786061008/y2bgpcmceri6ogm2anvw.png",
        "cover": "https://res.cloudinary.com/dz88yjerw/image/upload/v1780098021/abtk9davy21pzff2x0cd.png",
        "profileId": "67bf1e4009395add03e1e234",
        "isActive": true,
        "pieces": [
          {
            "id": 0,
            "steps": 1,
            "isHome": false,
            "isInPlay": true
          },
          {
            "id": 1,
            "steps": 6,
            "isHome": false,
            "isInPlay": true
          },
          {
            "id": 2,
            "steps": 12,
            "isHome": false,
            "isInPlay": true
          },
          {
            "id": 3,
            "steps": 0,
            "isHome": true,
            "isInPlay": false
          }
        ],
        "isOffline": false
      },
      {
        "id": 1,
        "name": "Md Atik",
        "color": "#43A047",
        "avatar": "https://res.cloudinary.com/dz88yjerw/image/upload/v1779774308/ccut8qllcbmzl6bxx0yy.png",
        "cover": "https://res.cloudinary.com/dz88yjerw/image/upload/v1759779146/gyshxw4n76fbsohz3rcz.jpg",
        "profileId": "67e431d61e4463f7adfa544e",
        "isActive": true,
        "pieces": [
          {
            "id": 0,
            "steps": 3,
            "isHome": false,
            "isInPlay": true
          },
          {
            "id": 1,
            "steps": 5,
            "isHome": false,
            "isInPlay": true
          },
          {
            "id": 2,
            "steps": 11,
            "isHome": false,
            "isInPlay": true
          },
          {
            "id": 3,
            "steps": 7,
            "isHome": false,
            "isInPlay": true
          }
        ],
        "isOffline": false
      }
    ],
    "selectedPlayerCount": 2,
    "currentPlayer": 1,
    "diceValue": 2,
    "gameStarted": true,
    "timestamp": 1787173072598,
    "playersSeq": 30
  }
}
[2026-08-19T21:04:44.261Z] [LUDO-EVENT] players-get-response {
  "gameId": "mt0klwrsc948p4"
}
[2026-08-19T21:04:44.261Z] [LUDO-STATE] game:mt0klwrsc948p4 {
  "gameId": "mt0klwrsc948p4",
  "snapshot": {
    "gameId": "mt0klwrsc948p4",
    "players": [
      {
        "id": 0,
        "name": "Mohammad Ikram",
        "color": "#E53935",
        "avatar": "https://res.cloudinary.com/dz88yjerw/image/upload/v1786061008/y2bgpcmceri6ogm2anvw.png",
        "cover": "https://res.cloudinary.com/dz88yjerw/image/upload/v1780098021/abtk9davy21pzff2x0cd.png",
        "profileId": "67bf1e4009395add03e1e234",
        "isActive": true,
        "pieces": [
          {
            "id": 0,
            "steps": 1,
            "isHome": false,
            "isInPlay": true
          },
          {
            "id": 1,
            "steps": 6,
            "isHome": false,
            "isInPlay": true
          },
          {
            "id": 2,
            "steps": 12,
            "isHome": false,
            "isInPlay": true
          },
          {
            "id": 3,
            "steps": 0,
            "isHome": true,
            "isInPlay": false
          }
        ],
        "isOffline": false
      },
      {
        "id": 1,
        "name": "Md Atik",
        "color": "#43A047",
        "avatar": "https://res.cloudinary.com/dz88yjerw/image/upload/v1779774308/ccut8qllcbmzl6bxx0yy.png",
        "cover": "https://res.cloudinary.com/dz88yjerw/image/upload/v1759779146/gyshxw4n76fbsohz3rcz.jpg",
        "profileId": "67e431d61e4463f7adfa544e",
        "isActive": true,
        "pieces": [
          {
            "id": 0,
            "steps": 3,
            "isHome": false,
            "isInPlay": true
          },
          {
            "id": 1,
            "steps": 5,
            "isHome": false,
            "isInPlay": true
          },
          {
            "id": 2,
            "steps": 11,
            "isHome": false,
            "isInPlay": true
          },
          {
            "id": 3,
            "steps": 7,
            "isHome": false,
            "isInPlay": true
          }
        ],
        "isOffline": false
      }
    ],
    "selectedPlayerCount": 2,
    "currentPlayer": 1,
    "diceValue": 2,
    "gameStarted": true,
    "timestamp": 1787173072598,
    "playersSeq": 30
  }
}
[2026-08-19T21:04:47.259Z] [LUDO-EVENT] players-get-response {
  "gameId": "mt0klwrsc948p4"
}
[2026-08-19T21:04:47.260Z] [LUDO-STATE] game:mt0klwrsc948p4 {
  "gameId": "mt0klwrsc948p4",
  "snapshot": {
    "gameId": "mt0klwrsc948p4",
    "players": [
      {
        "id": 0,
        "name": "Mohammad Ikram",
        "color": "#E53935",
        "avatar": "https://res.cloudinary.com/dz88yjerw/image/upload/v1786061008/y2bgpcmceri6ogm2anvw.png",
        "cover": "https://res.cloudinary.com/dz88yjerw/image/upload/v1780098021/abtk9davy21pzff2x0cd.png",
        "profileId": "67bf1e4009395add03e1e234",
        "isActive": true,
        "pieces": [
          {
            "id": 0,
            "steps": 1,
            "isHome": false,
            "isInPlay": true
          },
          {
            "id": 1,
            "steps": 6,
            "isHome": false,
            "isInPlay": true
          },
          {
            "id": 2,
            "steps": 12,
            "isHome": false,
            "isInPlay": true
          },
          {
            "id": 3,
            "steps": 0,
            "isHome": true,
            "isInPlay": false
          }
        ],
        "isOffline": false
      },
      {
        "id": 1,
        "name": "Md Atik",
        "color": "#43A047",
        "avatar": "https://res.cloudinary.com/dz88yjerw/image/upload/v1779774308/ccut8qllcbmzl6bxx0yy.png",
        "cover": "https://res.cloudinary.com/dz88yjerw/image/upload/v1759779146/gyshxw4n76fbsohz3rcz.jpg",
        "profileId": "67e431d61e4463f7adfa544e",
        "isActive": true,
        "pieces": [
          {
            "id": 0,
            "steps": 3,
            "isHome": false,
            "isInPlay": true
          },
          {
            "id": 1,
            "steps": 5,
            "isHome": false,
            "isInPlay": true
          },
          {
            "id": 2,
            "steps": 11,
            "isHome": false,
            "isInPlay": true
          },
          {
            "id": 3,
            "steps": 7,
            "isHome": false,
            "isInPlay": true
          }
        ],
        "isOffline": false
      }
    ],
    "selectedPlayerCount": 2,
    "currentPlayer": 1,
    "diceValue": 2,
    "gameStarted": true,
    "timestamp": 1787173072598,
    "playersSeq": 30
  }
}
[2026-08-19T21:04:50.260Z] [LUDO-EVENT] players-get-response {
  "gameId": "mt0klwrsc948p4"
}
[2026-08-19T21:04:50.261Z] [LUDO-STATE] game:mt0klwrsc948p4 {
  "gameId": "mt0klwrsc948p4",
  "snapshot": {
    "gameId": "mt0klwrsc948p4",
    "players": [
      {
        "id": 0,
        "name": "Mohammad Ikram",
        "color": "#E53935",
        "avatar": "https://res.cloudinary.com/dz88yjerw/image/upload/v1786061008/y2bgpcmceri6ogm2anvw.png",
        "cover": "https://res.cloudinary.com/dz88yjerw/image/upload/v1780098021/abtk9davy21pzff2x0cd.png",
        "profileId": "67bf1e4009395add03e1e234",
        "isActive": true,
        "pieces": [
          {
            "id": 0,
            "steps": 1,
            "isHome": false,
            "isInPlay": true
          },
          {
            "id": 1,
            "steps": 6,
            "isHome": false,
            "isInPlay": true
          },
          {
            "id": 2,
            "steps": 12,
            "isHome": false,
            "isInPlay": true
          },
          {
            "id": 3,
            "steps": 0,
            "isHome": true,
            "isInPlay": false
          }
        ],
        "isOffline": false
      },
      {
        "id": 1,
        "name": "Md Atik",
        "color": "#43A047",
        "avatar": "https://res.cloudinary.com/dz88yjerw/image/upload/v1779774308/ccut8qllcbmzl6bxx0yy.png",
        "cover": "https://res.cloudinary.com/dz88yjerw/image/upload/v1759779146/gyshxw4n76fbsohz3rcz.jpg",
        "profileId": "67e431d61e4463f7adfa544e",
        "isActive": true,
        "pieces": [
          {
            "id": 0,
            "steps": 3,
            "isHome": false,
            "isInPlay": true
          },
          {
            "id": 1,
            "steps": 5,
            "isHome": false,
            "isInPlay": true
          },
          {
            "id": 2,
            "steps": 11,
            "isHome": false,
            "isInPlay": true
          },
          {
            "id": 3,
            "steps": 7,
            "isHome": false,
            "isInPlay": true
          }
        ],
        "isOffline": false
      }
    ],
    "selectedPlayerCount": 2,
    "currentPlayer": 1,
    "diceValue": 2,
    "gameStarted": true,
    "timestamp": 1787173072598,
    "playersSeq": 30
  }
}
[2026-08-19T21:04:53.263Z] [LUDO-EVENT] players-get-response {
  "gameId": "mt0klwrsc948p4"
}
[2026-08-19T21:04:53.264Z] [LUDO-STATE] game:mt0klwrsc948p4 {
  "gameId": "mt0klwrsc948p4",
  "snapshot": {
    "gameId": "mt0klwrsc948p4",
    "players": [
      {
        "id": 0,
        "name": "Mohammad Ikram",
        "color": "#E53935",
        "avatar": "https://res.cloudinary.com/dz88yjerw/image/upload/v1786061008/y2bgpcmceri6ogm2anvw.png",
        "cover": "https://res.cloudinary.com/dz88yjerw/image/upload/v1780098021/abtk9davy21pzff2x0cd.png",
        "profileId": "67bf1e4009395add03e1e234",
        "isActive": true,
        "pieces": [
          {
            "id": 0,
            "steps": 1,
            "isHome": false,
            "isInPlay": true
          },
          {
            "id": 1,
            "steps": 6,
            "isHome": false,
            "isInPlay": true
          },
          {
            "id": 2,
            "steps": 12,
            "isHome": false,
            "isInPlay": true
          },
          {
            "id": 3,
            "steps": 0,
            "isHome": true,
            "isInPlay": false
          }
        ],
        "isOffline": false
      },
      {
        "id": 1,
        "name": "Md Atik",
        "color": "#43A047",
        "avatar": "https://res.cloudinary.com/dz88yjerw/image/upload/v1779774308/ccut8qllcbmzl6bxx0yy.png",
        "cover": "https://res.cloudinary.com/dz88yjerw/image/upload/v1759779146/gyshxw4n76fbsohz3rcz.jpg",
        "profileId": "67e431d61e4463f7adfa544e",
        "isActive": true,
        "pieces": [
          {
            "id": 0,
            "steps": 3,
            "isHome": false,
            "isInPlay": true
          },
          {
            "id": 1,
            "steps": 5,
            "isHome": false,
            "isInPlay": true
          },
          {
            "id": 2,
            "steps": 11,
            "isHome": false,
            "isInPlay": true
          },
          {
            "id": 3,
            "steps": 7,
            "isHome": false,
            "isInPlay": true
          }
        ],
        "isOffline": false
      }
    ],
    "selectedPlayerCount": 2,
    "currentPlayer": 1,
    "diceValue": 2,
    "gameStarted": true,
    "timestamp": 1787173072598,
    "playersSeq": 30
  }
}
[2026-08-19T21:04:56.264Z] [LUDO-EVENT] players-get-response {
  "gameId": "mt0klwrsc948p4"
}
[2026-08-19T21:04:56.264Z] [LUDO-STATE] game:mt0klwrsc948p4 {
  "gameId": "mt0klwrsc948p4",
  "snapshot": {
    "gameId": "mt0klwrsc948p4",
    "players": [
      {
        "id": 0,
        "name": "Mohammad Ikram",
        "color": "#E53935",
        "avatar": "https://res.cloudinary.com/dz88yjerw/image/upload/v1786061008/y2bgpcmceri6ogm2anvw.png",
        "cover": "https://res.cloudinary.com/dz88yjerw/image/upload/v1780098021/abtk9davy21pzff2x0cd.png",
        "profileId": "67bf1e4009395add03e1e234",
        "isActive": true,
        "pieces": [
          {
            "id": 0,
            "steps": 1,
            "isHome": false,
            "isInPlay": true
          },
          {
            "id": 1,
            "steps": 6,
            "isHome": false,
            "isInPlay": true
          },
          {
            "id": 2,
            "steps": 12,
            "isHome": false,
            "isInPlay": true
          },
          {
            "id": 3,
            "steps": 0,
            "isHome": true,
            "isInPlay": false
          }
        ],
        "isOffline": false
      },
      {
        "id": 1,
        "name": "Md Atik",
        "color": "#43A047",
        "avatar": "https://res.cloudinary.com/dz88yjerw/image/upload/v1779774308/ccut8qllcbmzl6bxx0yy.png",
        "cover": "https://res.cloudinary.com/dz88yjerw/image/upload/v1759779146/gyshxw4n76fbsohz3rcz.jpg",
        "profileId": "67e431d61e4463f7adfa544e",
        "isActive": true,
        "pieces": [
          {
            "id": 0,
            "steps": 3,
            "isHome": false,
            "isInPlay": true
          },
          {
            "id": 1,
            "steps": 5,
            "isHome": false,
            "isInPlay": true
          },
          {
            "id": 2,
            "steps": 11,
            "isHome": false,
            "isInPlay": true
          },
          {
            "id": 3,
            "steps": 7,
            "isHome": false,
            "isInPlay": true
          }
        ],
        "isOffline": false
      }
    ],
    "selectedPlayerCount": 2,
    "currentPlayer": 1,
    "diceValue": 2,
    "gameStarted": true,
    "timestamp": 1787173072598,
    "playersSeq": 30
  }
}
[2026-08-19T21:04:59.266Z] [LUDO-EVENT] players-get-response {
  "gameId": "mt0klwrsc948p4"
}
[2026-08-19T21:04:59.266Z] [LUDO-STATE] game:mt0klwrsc948p4 {
  "gameId": "mt0klwrsc948p4",
  "snapshot": {
    "gameId": "mt0klwrsc948p4",
    "players": [
      {
        "id": 0,
        "name": "Mohammad Ikram",
        "color": "#E53935",
        "avatar": "https://res.cloudinary.com/dz88yjerw/image/upload/v1786061008/y2bgpcmceri6ogm2anvw.png",
        "cover": "https://res.cloudinary.com/dz88yjerw/image/upload/v1780098021/abtk9davy21pzff2x0cd.png",
        "profileId": "67bf1e4009395add03e1e234",
        "isActive": true,
        "pieces": [
          {
            "id": 0,
            "steps": 1,
            "isHome": false,
            "isInPlay": true
          },
          {
            "id": 1,
            "steps": 6,
            "isHome": false,
            "isInPlay": true
          },
          {
            "id": 2,
            "steps": 12,
            "isHome": false,
            "isInPlay": true
          },
          {
            "id": 3,
            "steps": 0,
            "isHome": true,
            "isInPlay": false
          }
        ],
        "isOffline": false
      },
      {
        "id": 1,
        "name": "Md Atik",
        "color": "#43A047",
        "avatar": "https://res.cloudinary.com/dz88yjerw/image/upload/v1779774308/ccut8qllcbmzl6bxx0yy.png",
        "cover": "https://res.cloudinary.com/dz88yjerw/image/upload/v1759779146/gyshxw4n76fbsohz3rcz.jpg",
        "profileId": "67e431d61e4463f7adfa544e",
        "isActive": true,
        "pieces": [
          {
            "id": 0,
            "steps": 3,
            "isHome": false,
            "isInPlay": true
          },
          {
            "id": 1,
            "steps": 5,
            "isHome": false,
            "isInPlay": true
          },
          {
            "id": 2,
            "steps": 11,
            "isHome": false,
            "isInPlay": true
          },
          {
            "id": 3,
            "steps": 7,
            "isHome": false,
            "isInPlay": true
          }
        ],
        "isOffline": false
      }
    ],
    "selectedPlayerCount": 2,
    "currentPlayer": 1,
    "diceValue": 2,
    "gameStarted": true,
    "timestamp": 1787173072598,
    "playersSeq": 30
  }
}
[2026-08-19T21:05:02.269Z] [LUDO-EVENT] players-get-response {
  "gameId": "mt0klwrsc948p4"
}
[2026-08-19T21:05:02.269Z] [LUDO-STATE] game:mt0klwrsc948p4 {
  "gameId": "mt0klwrsc948p4",
  "snapshot": {
    "gameId": "mt0klwrsc948p4",
    "players": [
      {
        "id": 0,
        "name": "Mohammad Ikram",
        "color": "#E53935",
        "avatar": "https://res.cloudinary.com/dz88yjerw/image/upload/v1786061008/y2bgpcmceri6ogm2anvw.png",
        "cover": "https://res.cloudinary.com/dz88yjerw/image/upload/v1780098021/abtk9davy21pzff2x0cd.png",
        "profileId": "67bf1e4009395add03e1e234",
        "isActive": true,
        "pieces": [
          {
            "id": 0,
            "steps": 1,
            "isHome": false,
            "isInPlay": true
          },
          {
            "id": 1,
            "steps": 6,
            "isHome": false,
            "isInPlay": true
          },
          {
            "id": 2,
            "steps": 12,
            "isHome": false,
            "isInPlay": true
          },
          {
            "id": 3,
            "steps": 0,
            "isHome": true,
            "isInPlay": false
          }
        ],
        "isOffline": false
      },
      {
        "id": 1,
        "name": "Md Atik",
        "color": "#43A047",
        "avatar": "https://res.cloudinary.com/dz88yjerw/image/upload/v1779774308/ccut8qllcbmzl6bxx0yy.png",
        "cover": "https://res.cloudinary.com/dz88yjerw/image/upload/v1759779146/gyshxw4n76fbsohz3rcz.jpg",
        "profileId": "67e431d61e4463f7adfa544e",
        "isActive": true,
        "pieces": [
          {
            "id": 0,
            "steps": 3,
            "isHome": false,
            "isInPlay": true
          },
          {
            "id": 1,
            "steps": 5,
            "isHome": false,
            "isInPlay": true
          },
          {
            "id": 2,
            "steps": 11,
            "isHome": false,
            "isInPlay": true
          },
          {
            "id": 3,
            "steps": 7,
            "isHome": false,
            "isInPlay": true
          }
        ],
        "isOffline": false
      }
    ],
    "selectedPlayerCount": 2,
    "currentPlayer": 1,
    "diceValue": 2,
    "gameStarted": true,
    "timestamp": 1787173072598,
    "playersSeq": 30
  }
}
[2026-08-19T21:05:05.270Z] [LUDO-EVENT] players-get-response {
  "gameId": "mt0klwrsc948p4"
}
[2026-08-19T21:05:05.270Z] [LUDO-STATE] game:mt0klwrsc948p4 {
  "gameId": "mt0klwrsc948p4",
  "snapshot": {
    "gameId": "mt0klwrsc948p4",
    "players": [
      {
        "id": 0,
        "name": "Mohammad Ikram",
        "color": "#E53935",
        "avatar": "https://res.cloudinary.com/dz88yjerw/image/upload/v1786061008/y2bgpcmceri6ogm2anvw.png",
        "cover": "https://res.cloudinary.com/dz88yjerw/image/upload/v1780098021/abtk9davy21pzff2x0cd.png",
        "profileId": "67bf1e4009395add03e1e234",
        "isActive": true,
        "pieces": [
          {
            "id": 0,
            "steps": 1,
            "isHome": false,
            "isInPlay": true
          },
          {
            "id": 1,
            "steps": 6,
            "isHome": false,
            "isInPlay": true
          },
          {
            "id": 2,
            "steps": 12,
            "isHome": false,
            "isInPlay": true
          },
          {
            "id": 3,
            "steps": 0,
            "isHome": true,
            "isInPlay": false
          }
        ],
        "isOffline": false
      },
      {
        "id": 1,
        "name": "Md Atik",
        "color": "#43A047",
        "avatar": "https://res.cloudinary.com/dz88yjerw/image/upload/v1779774308/ccut8qllcbmzl6bxx0yy.png",
        "cover": "https://res.cloudinary.com/dz88yjerw/image/upload/v1759779146/gyshxw4n76fbsohz3rcz.jpg",
        "profileId": "67e431d61e4463f7adfa544e",
        "isActive": true,
        "pieces": [
          {
            "id": 0,
            "steps": 3,
            "isHome": false,
            "isInPlay": true
          },
          {
            "id": 1,
            "steps": 5,
            "isHome": false,
            "isInPlay": true
          },
          {
            "id": 2,
            "steps": 11,
            "isHome": false,
            "isInPlay": true
          },
          {
            "id": 3,
            "steps": 7,
            "isHome": false,
            "isInPlay": true
          }
        ],
        "isOffline": false
      }
    ],
    "selectedPlayerCount": 2,
    "currentPlayer": 1,
    "diceValue": 2,
    "gameStarted": true,
    "timestamp": 1787173072598,
    "playersSeq": 30
  }
}
[2026-08-19T21:05:08.273Z] [LUDO-EVENT] players-get-response {
  "gameId": "mt0klwrsc948p4"
}
[2026-08-19T21:05:08.273Z] [LUDO-STATE] game:mt0klwrsc948p4 {
  "gameId": "mt0klwrsc948p4",
  "snapshot": {
    "gameId": "mt0klwrsc948p4",
    "players": [
      {
        "id": 0,
        "name": "Mohammad Ikram",
        "color": "#E53935",
        "avatar": "https://res.cloudinary.com/dz88yjerw/image/upload/v1786061008/y2bgpcmceri6ogm2anvw.png",
        "cover": "https://res.cloudinary.com/dz88yjerw/image/upload/v1780098021/abtk9davy21pzff2x0cd.png",
        "profileId": "67bf1e4009395add03e1e234",
        "isActive": true,
        "pieces": [
          {
            "id": 0,
            "steps": 1,
            "isHome": false,
            "isInPlay": true
          },
          {
            "id": 1,
            "steps": 6,
            "isHome": false,
            "isInPlay": true
          },
          {
            "id": 2,
            "steps": 12,
            "isHome": false,
            "isInPlay": true
          },
          {
            "id": 3,
            "steps": 0,
            "isHome": true,
            "isInPlay": false
          }
        ],
        "isOffline": false
      },
      {
        "id": 1,
        "name": "Md Atik",
        "color": "#43A047",
        "avatar": "https://res.cloudinary.com/dz88yjerw/image/upload/v1779774308/ccut8qllcbmzl6bxx0yy.png",
        "cover": "https://res.cloudinary.com/dz88yjerw/image/upload/v1759779146/gyshxw4n76fbsohz3rcz.jpg",
        "profileId": "67e431d61e4463f7adfa544e",
        "isActive": true,
        "pieces": [
          {
            "id": 0,
            "steps": 3,
            "isHome": false,
            "isInPlay": true
          },
          {
            "id": 1,
            "steps": 5,
            "isHome": false,
            "isInPlay": true
          },
          {
            "id": 2,
            "steps": 11,
            "isHome": false,
            "isInPlay": true
          },
          {
            "id": 3,
            "steps": 7,
            "isHome": false,
            "isInPlay": true
          }
        ],
        "isOffline": false
      }
    ],
    "selectedPlayerCount": 2,
    "currentPlayer": 1,
    "diceValue": 2,
    "gameStarted": true,
    "timestamp": 1787173072598,
    "playersSeq": 30
  }
}
[2026-08-19T21:05:11.273Z] [LUDO-EVENT] players-get-response {
  "gameId": "mt0klwrsc948p4"
}
[2026-08-19T21:05:11.274Z] [LUDO-STATE] game:mt0klwrsc948p4 {
  "gameId": "mt0klwrsc948p4",
  "snapshot": {
    "gameId": "mt0klwrsc948p4",
    "players": [
      {
        "id": 0,
        "name": "Mohammad Ikram",
        "color": "#E53935",
        "avatar": "https://res.cloudinary.com/dz88yjerw/image/upload/v1786061008/y2bgpcmceri6ogm2anvw.png",
        "cover": "https://res.cloudinary.com/dz88yjerw/image/upload/v1780098021/abtk9davy21pzff2x0cd.png",
        "profileId": "67bf1e4009395add03e1e234",
        "isActive": true,
        "pieces": [
          {
            "id": 0,
            "steps": 1,
            "isHome": false,
            "isInPlay": true
          },
          {
            "id": 1,
            "steps": 6,
            "isHome": false,
            "isInPlay": true
          },
          {
            "id": 2,
            "steps": 12,
            "isHome": false,
            "isInPlay": true
          },
          {
            "id": 3,
            "steps": 0,
            "isHome": true,
            "isInPlay": false
          }
        ],
        "isOffline": false
      },
      {
        "id": 1,
        "name": "Md Atik",
        "color": "#43A047",
        "avatar": "https://res.cloudinary.com/dz88yjerw/image/upload/v1779774308/ccut8qllcbmzl6bxx0yy.png",
        "cover": "https://res.cloudinary.com/dz88yjerw/image/upload/v1759779146/gyshxw4n76fbsohz3rcz.jpg",
        "profileId": "67e431d61e4463f7adfa544e",
        "isActive": true,
        "pieces": [
          {
            "id": 0,
            "steps": 3,
            "isHome": false,
            "isInPlay": true
          },
          {
            "id": 1,
            "steps": 5,
            "isHome": false,
            "isInPlay": true
          },
          {
            "id": 2,
            "steps": 11,
            "isHome": false,
            "isInPlay": true
          },
          {
            "id": 3,
            "steps": 7,
            "isHome": false,
            "isInPlay": true
          }
        ],
        "isOffline": false
      }
    ],
    "selectedPlayerCount": 2,
    "currentPlayer": 1,
    "diceValue": 2,
    "gameStarted": true,
    "timestamp": 1787173072598,
    "playersSeq": 30
  }
}
[2026-08-19T21:05:14.275Z] [LUDO-EVENT] players-get-response {
  "gameId": "mt0klwrsc948p4"
}
[2026-08-19T21:05:14.276Z] [LUDO-STATE] game:mt0klwrsc948p4 {
  "gameId": "mt0klwrsc948p4",
  "snapshot": {
    "gameId": "mt0klwrsc948p4",
    "players": [
      {
        "id": 0,
        "name": "Mohammad Ikram",
        "color": "#E53935",
        "avatar": "https://res.cloudinary.com/dz88yjerw/image/upload/v1786061008/y2bgpcmceri6ogm2anvw.png",
        "cover": "https://res.cloudinary.com/dz88yjerw/image/upload/v1780098021/abtk9davy21pzff2x0cd.png",
        "profileId": "67bf1e4009395add03e1e234",
        "isActive": true,
        "pieces": [
          {
            "id": 0,
            "steps": 1,
            "isHome": false,
            "isInPlay": true
          },
          {
            "id": 1,
            "steps": 6,
            "isHome": false,
            "isInPlay": true
          },
          {
            "id": 2,
            "steps": 12,
            "isHome": false,
            "isInPlay": true
          },
          {
            "id": 3,
            "steps": 0,
            "isHome": true,
            "isInPlay": false
          }
        ],
        "isOffline": false
      },
      {
        "id": 1,
        "name": "Md Atik",
        "color": "#43A047",
        "avatar": "https://res.cloudinary.com/dz88yjerw/image/upload/v1779774308/ccut8qllcbmzl6bxx0yy.png",
        "cover": "https://res.cloudinary.com/dz88yjerw/image/upload/v1759779146/gyshxw4n76fbsohz3rcz.jpg",
        "profileId": "67e431d61e4463f7adfa544e",
        "isActive": true,
        "pieces": [
          {
            "id": 0,
            "steps": 3,
            "isHome": false,
            "isInPlay": true
          },
          {
            "id": 1,
            "steps": 5,
            "isHome": false,
            "isInPlay": true
          },
          {
            "id": 2,
            "steps": 11,
            "isHome": false,
            "isInPlay": true
          },
          {
            "id": 3,
            "steps": 7,
            "isHome": false,
            "isInPlay": true
          }
        ],
        "isOffline": false
      }
    ],
    "selectedPlayerCount": 2,
    "currentPlayer": 1,
    "diceValue": 2,
    "gameStarted": true,
    "timestamp": 1787173072598,
    "playersSeq": 30
  }
}
[2026-08-19T21:05:17.278Z] [LUDO-EVENT] players-get-response {
  "gameId": "mt0klwrsc948p4"
}
[2026-08-19T21:05:17.278Z] [LUDO-STATE] game:mt0klwrsc948p4 {
  "gameId": "mt0klwrsc948p4",
  "snapshot": {
    "gameId": "mt0klwrsc948p4",
    "players": [
      {
        "id": 0,
        "name": "Mohammad Ikram",
        "color": "#E53935",
        "avatar": "https://res.cloudinary.com/dz88yjerw/image/upload/v1786061008/y2bgpcmceri6ogm2anvw.png",
        "cover": "https://res.cloudinary.com/dz88yjerw/image/upload/v1780098021/abtk9davy21pzff2x0cd.png",
        "profileId": "67bf1e4009395add03e1e234",
        "isActive": true,
        "pieces": [
          {
            "id": 0,
            "steps": 1,
            "isHome": false,
            "isInPlay": true
          },
          {
            "id": 1,
            "steps": 6,
            "isHome": false,
            "isInPlay": true
          },
          {
            "id": 2,
            "steps": 12,
            "isHome": false,
            "isInPlay": true
          },
          {
            "id": 3,
            "steps": 0,
            "isHome": true,
            "isInPlay": false
          }
        ],
        "isOffline": false
      },
      {
        "id": 1,
        "name": "Md Atik",
        "color": "#43A047",
        "avatar": "https://res.cloudinary.com/dz88yjerw/image/upload/v1779774308/ccut8qllcbmzl6bxx0yy.png",
        "cover": "https://res.cloudinary.com/dz88yjerw/image/upload/v1759779146/gyshxw4n76fbsohz3rcz.jpg",
        "profileId": "67e431d61e4463f7adfa544e",
        "isActive": true,
        "pieces": [
          {
            "id": 0,
            "steps": 3,
            "isHome": false,
            "isInPlay": true
          },
          {
            "id": 1,
            "steps": 5,
            "isHome": false,
            "isInPlay": true
          },
          {
            "id": 2,
            "steps": 11,
            "isHome": false,
            "isInPlay": true
          },
          {
            "id": 3,
            "steps": 7,
            "isHome": false,
            "isInPlay": true
          }
        ],
        "isOffline": false
      }
    ],
    "selectedPlayerCount": 2,
    "currentPlayer": 1,
    "diceValue": 2,
    "gameStarted": true,
    "timestamp": 1787173072598,
    "playersSeq": 30
  }
}
[2026-08-19T21:05:20.304Z] [LUDO-EVENT] players-get-response {
  "gameId": "mt0klwrsc948p4"
}
[2026-08-19T21:05:20.305Z] [LUDO-STATE] game:mt0klwrsc948p4 {
  "gameId": "mt0klwrsc948p4",
  "snapshot": {
    "gameId": "mt0klwrsc948p4",
    "players": [
      {
        "id": 0,
        "name": "Mohammad Ikram",
        "color": "#E53935",
        "avatar": "https://res.cloudinary.com/dz88yjerw/image/upload/v1786061008/y2bgpcmceri6ogm2anvw.png",
        "cover": "https://res.cloudinary.com/dz88yjerw/image/upload/v1780098021/abtk9davy21pzff2x0cd.png",
        "profileId": "67bf1e4009395add03e1e234",
        "isActive": true,
        "pieces": [
          {
            "id": 0,
            "steps": 1,
            "isHome": false,
            "isInPlay": true
          },
          {
            "id": 1,
            "steps": 6,
            "isHome": false,
            "isInPlay": true
          },
          {
            "id": 2,
            "steps": 12,
            "isHome": false,
            "isInPlay": true
          },
          {
            "id": 3,
            "steps": 0,
            "isHome": true,
            "isInPlay": false
          }
        ],
        "isOffline": false
      },
      {
        "id": 1,
        "name": "Md Atik",
        "color": "#43A047",
        "avatar": "https://res.cloudinary.com/dz88yjerw/image/upload/v1779774308/ccut8qllcbmzl6bxx0yy.png",
        "cover": "https://res.cloudinary.com/dz88yjerw/image/upload/v1759779146/gyshxw4n76fbsohz3rcz.jpg",
        "profileId": "67e431d61e4463f7adfa544e",
        "isActive": true,
        "pieces": [
          {
            "id": 0,
            "steps": 3,
            "isHome": false,
            "isInPlay": true
          },
          {
            "id": 1,
            "steps": 5,
            "isHome": false,
            "isInPlay": true
          },
          {
            "id": 2,
            "steps": 11,
            "isHome": false,
            "isInPlay": true
          },
          {
            "id": 3,
            "steps": 7,
            "isHome": false,
            "isInPlay": true
          }
        ],
        "isOffline": false
      }
    ],
    "selectedPlayerCount": 2,
    "currentPlayer": 1,
    "diceValue": 2,
    "gameStarted": true,
    "timestamp": 1787173072598,
    "playersSeq": 30
  }
}
[2026-08-19T21:05:23.282Z] [LUDO-EVENT] players-get-response {
  "gameId": "mt0klwrsc948p4"
}
[2026-08-19T21:05:23.282Z] [LUDO-STATE] game:mt0klwrsc948p4 {
  "gameId": "mt0klwrsc948p4",
  "snapshot": {
    "gameId": "mt0klwrsc948p4",
    "players": [
      {
        "id": 0,
        "name": "Mohammad Ikram",
        "color": "#E53935",
        "avatar": "https://res.cloudinary.com/dz88yjerw/image/upload/v1786061008/y2bgpcmceri6ogm2anvw.png",
        "cover": "https://res.cloudinary.com/dz88yjerw/image/upload/v1780098021/abtk9davy21pzff2x0cd.png",
        "profileId": "67bf1e4009395add03e1e234",
        "isActive": true,
        "pieces": [
          {
            "id": 0,
            "steps": 1,
            "isHome": false,
            "isInPlay": true
          },
          {
            "id": 1,
            "steps": 6,
            "isHome": false,
            "isInPlay": true
          },
          {
            "id": 2,
            "steps": 12,
            "isHome": false,
            "isInPlay": true
          },
          {
            "id": 3,
            "steps": 0,
            "isHome": true,
            "isInPlay": false
          }
        ],
        "isOffline": false
      },
      {
        "id": 1,
        "name": "Md Atik",
        "color": "#43A047",
        "avatar": "https://res.cloudinary.com/dz88yjerw/image/upload/v1779774308/ccut8qllcbmzl6bxx0yy.png",
        "cover": "https://res.cloudinary.com/dz88yjerw/image/upload/v1759779146/gyshxw4n76fbsohz3rcz.jpg",
        "profileId": "67e431d61e4463f7adfa544e",
        "isActive": true,
        "pieces": [
          {
            "id": 0,
            "steps": 3,
            "isHome": false,
            "isInPlay": true
          },
          {
            "id": 1,
            "steps": 5,
            "isHome": false,
            "isInPlay": true
          },
          {
            "id": 2,
            "steps": 11,
            "isHome": false,
            "isInPlay": true
          },
          {
            "id": 3,
            "steps": 7,
            "isHome": false,
            "isInPlay": true
          }
        ],
        "isOffline": false
      }
    ],
    "selectedPlayerCount": 2,
    "currentPlayer": 1,
    "diceValue": 2,
    "gameStarted": true,
    "timestamp": 1787173072598,
    "playersSeq": 30
  }
}
[2026-08-19T21:05:26.284Z] [LUDO-EVENT] players-get-response {
  "gameId": "mt0klwrsc948p4"
}
[2026-08-19T21:05:26.284Z] [LUDO-STATE] game:mt0klwrsc948p4 {
  "gameId": "mt0klwrsc948p4",
  "snapshot": {
    "gameId": "mt0klwrsc948p4",
    "players": [
      {
        "id": 0,
        "name": "Mohammad Ikram",
        "color": "#E53935",
        "avatar": "https://res.cloudinary.com/dz88yjerw/image/upload/v1786061008/y2bgpcmceri6ogm2anvw.png",
        "cover": "https://res.cloudinary.com/dz88yjerw/image/upload/v1780098021/abtk9davy21pzff2x0cd.png",
        "profileId": "67bf1e4009395add03e1e234",
        "isActive": true,
        "pieces": [
          {
            "id": 0,
            "steps": 1,
            "isHome": false,
            "isInPlay": true
          },
          {
            "id": 1,
            "steps": 6,
            "isHome": false,
            "isInPlay": true
          },
          {
            "id": 2,
            "steps": 12,
            "isHome": false,
            "isInPlay": true
          },
          {
            "id": 3,
            "steps": 0,
            "isHome": true,
            "isInPlay": false
          }
        ],
        "isOffline": false
      },
      {
        "id": 1,
        "name": "Md Atik",
        "color": "#43A047",
        "avatar": "https://res.cloudinary.com/dz88yjerw/image/upload/v1779774308/ccut8qllcbmzl6bxx0yy.png",
        "cover": "https://res.cloudinary.com/dz88yjerw/image/upload/v1759779146/gyshxw4n76fbsohz3rcz.jpg",
        "profileId": "67e431d61e4463f7adfa544e",
        "isActive": true,
        "pieces": [
          {
            "id": 0,
            "steps": 3,
            "isHome": false,
            "isInPlay": true
          },
          {
            "id": 1,
            "steps": 5,
            "isHome": false,
            "isInPlay": true
          },
          {
            "id": 2,
            "steps": 11,
            "isHome": false,
            "isInPlay": true
          },
          {
            "id": 3,
            "steps": 7,
            "isHome": false,
            "isInPlay": true
          }
        ],
        "isOffline": false
      }
    ],
    "selectedPlayerCount": 2,
    "currentPlayer": 1,
    "diceValue": 2,
    "gameStarted": true,
    "timestamp": 1787173072598,
    "playersSeq": 30
  }
}
[2026-08-19T21:05:29.284Z] [LUDO-EVENT] players-get-response {
  "gameId": "mt0klwrsc948p4"
}
[2026-08-19T21:05:29.284Z] [LUDO-STATE] game:mt0klwrsc948p4 {
  "gameId": "mt0klwrsc948p4",
  "snapshot": {
    "gameId": "mt0klwrsc948p4",
    "players": [
      {
        "id": 0,
        "name": "Mohammad Ikram",
        "color": "#E53935",
        "avatar": "https://res.cloudinary.com/dz88yjerw/image/upload/v1786061008/y2bgpcmceri6ogm2anvw.png",
        "cover": "https://res.cloudinary.com/dz88yjerw/image/upload/v1780098021/abtk9davy21pzff2x0cd.png",
        "profileId": "67bf1e4009395add03e1e234",
        "isActive": true,
        "pieces": [
          {
            "id": 0,
            "steps": 1,
            "isHome": false,
            "isInPlay": true
          },
          {
            "id": 1,
            "steps": 6,
            "isHome": false,
            "isInPlay": true
          },
          {
            "id": 2,
            "steps": 12,
            "isHome": false,
            "isInPlay": true
          },
          {
            "id": 3,
            "steps": 0,
            "isHome": true,
            "isInPlay": false
          }
        ],
        "isOffline": false
      },
      {
        "id": 1,
        "name": "Md Atik",
        "color": "#43A047",
        "avatar": "https://res.cloudinary.com/dz88yjerw/image/upload/v1779774308/ccut8qllcbmzl6bxx0yy.png",
        "cover": "https://res.cloudinary.com/dz88yjerw/image/upload/v1759779146/gyshxw4n76fbsohz3rcz.jpg",
        "profileId": "67e431d61e4463f7adfa544e",
        "isActive": true,
        "pieces": [
          {
            "id": 0,
            "steps": 3,
            "isHome": false,
            "isInPlay": true
          },
          {
            "id": 1,
            "steps": 5,
            "isHome": false,
            "isInPlay": true
          },
          {
            "id": 2,
            "steps": 11,
            "isHome": false,
            "isInPlay": true
          },
          {
            "id": 3,
            "steps": 7,
            "isHome": false,
            "isInPlay": true
          }
        ],
        "isOffline": false
      }
    ],
    "selectedPlayerCount": 2,
    "currentPlayer": 1,
    "diceValue": 2,
    "gameStarted": true,
    "timestamp": 1787173072598,
    "playersSeq": 30
  }
}
[2026-08-19T21:05:32.287Z] [LUDO-EVENT] players-get-response {
  "gameId": "mt0klwrsc948p4"
}
[2026-08-19T21:05:32.287Z] [LUDO-STATE] game:mt0klwrsc948p4 {
  "gameId": "mt0klwrsc948p4",
  "snapshot": {
    "gameId": "mt0klwrsc948p4",
    "players": [
      {
        "id": 0,
        "name": "Mohammad Ikram",
        "color": "#E53935",
        "avatar": "https://res.cloudinary.com/dz88yjerw/image/upload/v1786061008/y2bgpcmceri6ogm2anvw.png",
        "cover": "https://res.cloudinary.com/dz88yjerw/image/upload/v1780098021/abtk9davy21pzff2x0cd.png",
        "profileId": "67bf1e4009395add03e1e234",
        "isActive": true,
        "pieces": [
          {
            "id": 0,
            "steps": 1,
            "isHome": false,
            "isInPlay": true
          },
          {
            "id": 1,
            "steps": 6,
            "isHome": false,
            "isInPlay": true
          },
          {
            "id": 2,
            "steps": 12,
            "isHome": false,
            "isInPlay": true
          },
          {
            "id": 3,
            "steps": 0,
            "isHome": true,
            "isInPlay": false
          }
        ],
        "isOffline": false
      },
      {
        "id": 1,
        "name": "Md Atik",
        "color": "#43A047",
        "avatar": "https://res.cloudinary.com/dz88yjerw/image/upload/v1779774308/ccut8qllcbmzl6bxx0yy.png",
        "cover": "https://res.cloudinary.com/dz88yjerw/image/upload/v1759779146/gyshxw4n76fbsohz3rcz.jpg",
        "profileId": "67e431d61e4463f7adfa544e",
        "isActive": true,
        "pieces": [
          {
            "id": 0,
            "steps": 3,
            "isHome": false,
            "isInPlay": true
          },
          {
            "id": 1,
            "steps": 5,
            "isHome": false,
            "isInPlay": true
          },
          {
            "id": 2,
            "steps": 11,
            "isHome": false,
            "isInPlay": true
          },
          {
            "id": 3,
            "steps": 7,
            "isHome": false,
            "isInPlay": true
          }
        ],
        "isOffline": false
      }
    ],
    "selectedPlayerCount": 2,
    "currentPlayer": 1,
    "diceValue": 2,
    "gameStarted": true,
    "timestamp": 1787173072598,
    "playersSeq": 30
  }
}
[2026-08-19T21:05:35.288Z] [LUDO-EVENT] players-get-response {
  "gameId": "mt0klwrsc948p4"
}
[2026-08-19T21:05:35.289Z] [LUDO-STATE] game:mt0klwrsc948p4 {
  "gameId": "mt0klwrsc948p4",
  "snapshot": {
    "gameId": "mt0klwrsc948p4",
    "players": [
      {
        "id": 0,
        "name": "Mohammad Ikram",
        "color": "#E53935",
        "avatar": "https://res.cloudinary.com/dz88yjerw/image/upload/v1786061008/y2bgpcmceri6ogm2anvw.png",
        "cover": "https://res.cloudinary.com/dz88yjerw/image/upload/v1780098021/abtk9davy21pzff2x0cd.png",
        "profileId": "67bf1e4009395add03e1e234",
        "isActive": true,
        "pieces": [
          {
            "id": 0,
            "steps": 1,
            "isHome": false,
            "isInPlay": true
          },
          {
            "id": 1,
            "steps": 6,
            "isHome": false,
            "isInPlay": true
          },
          {
            "id": 2,
            "steps": 12,
            "isHome": false,
            "isInPlay": true
          },
          {
            "id": 3,
            "steps": 0,
            "isHome": true,
            "isInPlay": false
          }
        ],
        "isOffline": false
      },
      {
        "id": 1,
        "name": "Md Atik",
        "color": "#43A047",
        "avatar": "https://res.cloudinary.com/dz88yjerw/image/upload/v1779774308/ccut8qllcbmzl6bxx0yy.png",
        "cover": "https://res.cloudinary.com/dz88yjerw/image/upload/v1759779146/gyshxw4n76fbsohz3rcz.jpg",
        "profileId": "67e431d61e4463f7adfa544e",
        "isActive": true,
        "pieces": [
          {
            "id": 0,
            "steps": 3,
            "isHome": false,
            "isInPlay": true
          },
          {
            "id": 1,
            "steps": 5,
            "isHome": false,
            "isInPlay": true
          },
          {
            "id": 2,
            "steps": 11,
            "isHome": false,
            "isInPlay": true
          },
          {
            "id": 3,
            "steps": 7,
            "isHome": false,
            "isInPlay": true
          }
        ],
        "isOffline": false
      }
    ],
    "selectedPlayerCount": 2,
    "currentPlayer": 1,
    "diceValue": 2,
    "gameStarted": true,
    "timestamp": 1787173072598,
    "playersSeq": 30
  }
}
[2026-08-19T21:05:38.289Z] [LUDO-EVENT] players-get-response {
  "gameId": "mt0klwrsc948p4"
}
[2026-08-19T21:05:38.289Z] [LUDO-STATE] game:mt0klwrsc948p4 {
  "gameId": "mt0klwrsc948p4",
  "snapshot": {
    "gameId": "mt0klwrsc948p4",
    "players": [
      {
        "id": 0,
        "name": "Mohammad Ikram",
        "color": "#E53935",
        "avatar": "https://res.cloudinary.com/dz88yjerw/image/upload/v1786061008/y2bgpcmceri6ogm2anvw.png",
        "cover": "https://res.cloudinary.com/dz88yjerw/image/upload/v1780098021/abtk9davy21pzff2x0cd.png",
        "profileId": "67bf1e4009395add03e1e234",
        "isActive": true,
        "pieces": [
          {
            "id": 0,
            "steps": 1,
            "isHome": false,
            "isInPlay": true
          },
          {
            "id": 1,
            "steps": 6,
            "isHome": false,
            "isInPlay": true
          },
          {
            "id": 2,
            "steps": 12,
            "isHome": false,
            "isInPlay": true
          },
          {
            "id": 3,
            "steps": 0,
            "isHome": true,
            "isInPlay": false
          }
        ],
        "isOffline": false
      },
      {
        "id": 1,
        "name": "Md Atik",
        "color": "#43A047",
        "avatar": "https://res.cloudinary.com/dz88yjerw/image/upload/v1779774308/ccut8qllcbmzl6bxx0yy.png",
        "cover": "https://res.cloudinary.com/dz88yjerw/image/upload/v1759779146/gyshxw4n76fbsohz3rcz.jpg",
        "profileId": "67e431d61e4463f7adfa544e",
        "isActive": true,
        "pieces": [
          {
            "id": 0,
            "steps": 3,
            "isHome": false,
            "isInPlay": true
          },
          {
            "id": 1,
            "steps": 5,
            "isHome": false,
            "isInPlay": true
          },
          {
            "id": 2,
            "steps": 11,
            "isHome": false,
            "isInPlay": true
          },
          {
            "id": 3,
            "steps": 7,
            "isHome": false,
            "isInPlay": true
          }
        ],
        "isOffline": false
      }
    ],
    "selectedPlayerCount": 2,
    "currentPlayer": 1,
    "diceValue": 2,
    "gameStarted": true,
    "timestamp": 1787173072598,
    "playersSeq": 30
  }
}
[2026-08-19T21:05:40.016Z] [LUDO-EVENT] players-get-response {
  "gameId": "mt0klwrsc948p4"
}
[2026-08-19T21:05:40.016Z] [LUDO-STATE] game:mt0klwrsc948p4 {
  "gameId": "mt0klwrsc948p4",
  "snapshot": {
    "gameId": "mt0klwrsc948p4",
    "players": [
      {
        "id": 0,
        "name": "Mohammad Ikram",
        "color": "#E53935",
        "avatar": "https://res.cloudinary.com/dz88yjerw/image/upload/v1786061008/y2bgpcmceri6ogm2anvw.png",
        "cover": "https://res.cloudinary.com/dz88yjerw/image/upload/v1780098021/abtk9davy21pzff2x0cd.png",
        "profileId": "67bf1e4009395add03e1e234",
        "isActive": true,
        "pieces": [
          {
            "id": 0,
            "steps": 1,
            "isHome": false,
            "isInPlay": true
          },
          {
            "id": 1,
            "steps": 6,
            "isHome": false,
            "isInPlay": true
          },
          {
            "id": 2,
            "steps": 12,
            "isHome": false,
            "isInPlay": true
          },
          {
            "id": 3,
            "steps": 0,
            "isHome": true,
            "isInPlay": false
          }
        ],
        "isOffline": false
      },
      {
        "id": 1,
        "name": "Md Atik",
        "color": "#43A047",
        "avatar": "https://res.cloudinary.com/dz88yjerw/image/upload/v1779774308/ccut8qllcbmzl6bxx0yy.png",
        "cover": "https://res.cloudinary.com/dz88yjerw/image/upload/v1759779146/gyshxw4n76fbsohz3rcz.jpg",
        "profileId": "67e431d61e4463f7adfa544e",
        "isActive": true,
        "pieces": [
          {
            "id": 0,
            "steps": 3,
            "isHome": false,
            "isInPlay": true
          },
          {
            "id": 1,
            "steps": 5,
            "isHome": false,
            "isInPlay": true
          },
          {
            "id": 2,
            "steps": 11,
            "isHome": false,
            "isInPlay": true
          },
          {
            "id": 3,
            "steps": 7,
            "isHome": false,
            "isInPlay": true
          }
        ],
        "isOffline": false
      }
    ],
    "selectedPlayerCount": 2,
    "currentPlayer": 1,
    "diceValue": 2,
    "gameStarted": true,
    "timestamp": 1787173072598,
    "playersSeq": 30
  }
}
[2026-08-19T21:05:41.335Z] [LUDO-EVENT] players-get-response {
  "gameId": "mt0klwrsc948p4"
}
[2026-08-19T21:05:41.336Z] [LUDO-STATE] game:mt0klwrsc948p4 {
  "gameId": "mt0klwrsc948p4",
  "snapshot": {
    "gameId": "mt0klwrsc948p4",
    "players": [
      {
        "id": 0,
        "name": "Mohammad Ikram",
        "color": "#E53935",
        "avatar": "https://res.cloudinary.com/dz88yjerw/image/upload/v1786061008/y2bgpcmceri6ogm2anvw.png",
        "cover": "https://res.cloudinary.com/dz88yjerw/image/upload/v1780098021/abtk9davy21pzff2x0cd.png",
        "profileId": "67bf1e4009395add03e1e234",
        "isActive": true,
        "pieces": [
          {
            "id": 0,
            "steps": 1,
            "isHome": false,
            "isInPlay": true
          },
          {
            "id": 1,
            "steps": 6,
            "isHome": false,
            "isInPlay": true
          },
          {
            "id": 2,
            "steps": 12,
            "isHome": false,
            "isInPlay": true
          },
          {
            "id": 3,
            "steps": 0,
            "isHome": true,
            "isInPlay": false
          }
        ],
        "isOffline": false
      },
      {
        "id": 1,
        "name": "Md Atik",
        "color": "#43A047",
        "avatar": "https://res.cloudinary.com/dz88yjerw/image/upload/v1779774308/ccut8qllcbmzl6bxx0yy.png",
        "cover": "https://res.cloudinary.com/dz88yjerw/image/upload/v1759779146/gyshxw4n76fbsohz3rcz.jpg",
        "profileId": "67e431d61e4463f7adfa544e",
        "isActive": true,
        "pieces": [
          {
            "id": 0,
            "steps": 3,
            "isHome": false,
            "isInPlay": true
          },
          {
            "id": 1,
            "steps": 5,
            "isHome": false,
            "isInPlay": true
          },
          {
            "id": 2,
            "steps": 11,
            "isHome": false,
            "isInPlay": true
          },
          {
            "id": 3,
            "steps": 7,
            "isHome": false,
            "isInPlay": true
          }
        ],
        "isOffline": false
      }
    ],
    "selectedPlayerCount": 2,
    "currentPlayer": 1,
    "diceValue": 2,
    "gameStarted": true,
    "timestamp": 1787173072598,
    "playersSeq": 30
  }
}
[2026-08-19T21:05:44.066Z] [LUDO-EVENT] players-get-response {
  "gameId": "mt0klwrsc948p4"
}
[2026-08-19T21:05:44.067Z] [LUDO-STATE] game:mt0klwrsc948p4 {
  "gameId": "mt0klwrsc948p4",
  "snapshot": {
    "gameId": "mt0klwrsc948p4",
    "players": [
      {
        "id": 0,
        "name": "Mohammad Ikram",
        "color": "#E53935",
        "avatar": "https://res.cloudinary.com/dz88yjerw/image/upload/v1786061008/y2bgpcmceri6ogm2anvw.png",
        "cover": "https://res.cloudinary.com/dz88yjerw/image/upload/v1780098021/abtk9davy21pzff2x0cd.png",
        "profileId": "67bf1e4009395add03e1e234",
        "isActive": true,
        "pieces": [
          {
            "id": 0,
            "steps": 1,
            "isHome": false,
            "isInPlay": true
          },
          {
            "id": 1,
            "steps": 6,
            "isHome": false,
            "isInPlay": true
          },
          {
            "id": 2,
            "steps": 12,
            "isHome": false,
            "isInPlay": true
          },
          {
            "id": 3,
            "steps": 0,
            "isHome": true,
            "isInPlay": false
          }
        ],
        "isOffline": false
      },
      {
        "id": 1,
        "name": "Md Atik",
        "color": "#43A047",
        "avatar": "https://res.cloudinary.com/dz88yjerw/image/upload/v1779774308/ccut8qllcbmzl6bxx0yy.png",
        "cover": "https://res.cloudinary.com/dz88yjerw/image/upload/v1759779146/gyshxw4n76fbsohz3rcz.jpg",
        "profileId": "67e431d61e4463f7adfa544e",
        "isActive": true,
        "pieces": [
          {
            "id": 0,
            "steps": 3,
            "isHome": false,
            "isInPlay": true
          },
          {
            "id": 1,
            "steps": 5,
            "isHome": false,
            "isInPlay": true
          },
          {
            "id": 2,
            "steps": 11,
            "isHome": false,
            "isInPlay": true
          },
          {
            "id": 3,
            "steps": 7,
            "isHome": false,
            "isInPlay": true
          }
        ],
        "isOffline": false
      }
    ],
    "selectedPlayerCount": 2,
    "currentPlayer": 1,
    "diceValue": 2,
    "gameStarted": true,
    "timestamp": 1787173072598,
    "playersSeq": 30
  }
}
[2026-08-19T21:05:44.311Z] [LUDO-EVENT] players-get-response {
  "gameId": "mt0klwrsc948p4"
}
[2026-08-19T21:05:44.313Z] [LUDO-STATE] game:mt0klwrsc948p4 {
  "gameId": "mt0klwrsc948p4",
  "snapshot": {
    "gameId": "mt0klwrsc948p4",
    "players": [
      {
        "id": 0,
        "name": "Mohammad Ikram",
        "color": "#E53935",
        "avatar": "https://res.cloudinary.com/dz88yjerw/image/upload/v1786061008/y2bgpcmceri6ogm2anvw.png",
        "cover": "https://res.cloudinary.com/dz88yjerw/image/upload/v1780098021/abtk9davy21pzff2x0cd.png",
        "profileId": "67bf1e4009395add03e1e234",
        "isActive": true,
        "pieces": [
          {
            "id": 0,
            "steps": 1,
            "isHome": false,
            "isInPlay": true
          },
          {
            "id": 1,
            "steps": 6,
            "isHome": false,
            "isInPlay": true
          },
          {
            "id": 2,
            "steps": 12,
            "isHome": false,
            "isInPlay": true
          },
          {
            "id": 3,
            "steps": 0,
            "isHome": true,
            "isInPlay": false
          }
        ],
        "isOffline": false
      },
      {
        "id": 1,
        "name": "Md Atik",
        "color": "#43A047",
        "avatar": "https://res.cloudinary.com/dz88yjerw/image/upload/v1779774308/ccut8qllcbmzl6bxx0yy.png",
        "cover": "https://res.cloudinary.com/dz88yjerw/image/upload/v1759779146/gyshxw4n76fbsohz3rcz.jpg",
        "profileId": "67e431d61e4463f7adfa544e",
        "isActive": true,
        "pieces": [
          {
            "id": 0,
            "steps": 3,
            "isHome": false,
            "isInPlay": true
          },
          {
            "id": 1,
            "steps": 5,
            "isHome": false,
            "isInPlay": true
          },
          {
            "id": 2,
            "steps": 11,
            "isHome": false,
            "isInPlay": true
          },
          {
            "id": 3,
            "steps": 7,
            "isHome": false,
            "isInPlay": true
          }
        ],
        "isOffline": false
      }
    ],
    "selectedPlayerCount": 2,
    "currentPlayer": 1,
    "diceValue": 2,
    "gameStarted": true,
    "timestamp": 1787173072598,
    "playersSeq": 30
  }
}
[2026-08-19T21:05:47.293Z] [LUDO-EVENT] players-get-response {
  "gameId": "mt0klwrsc948p4"
}
[2026-08-19T21:05:47.294Z] [LUDO-STATE] game:mt0klwrsc948p4 {
  "gameId": "mt0klwrsc948p4",
  "snapshot": {
    "gameId": "mt0klwrsc948p4",
    "players": [
      {
        "id": 0,
        "name": "Mohammad Ikram",
        "color": "#E53935",
        "avatar": "https://res.cloudinary.com/dz88yjerw/image/upload/v1786061008/y2bgpcmceri6ogm2anvw.png",
        "cover": "https://res.cloudinary.com/dz88yjerw/image/upload/v1780098021/abtk9davy21pzff2x0cd.png",
        "profileId": "67bf1e4009395add03e1e234",
        "isActive": true,
        "pieces": [
          {
            "id": 0,
            "steps": 1,
            "isHome": false,
            "isInPlay": true
          },
          {
            "id": 1,
            "steps": 6,
            "isHome": false,
            "isInPlay": true
          },
          {
            "id": 2,
            "steps": 12,
            "isHome": false,
            "isInPlay": true
          },
          {
            "id": 3,
            "steps": 0,
            "isHome": true,
            "isInPlay": false
          }
        ],
        "isOffline": false
      },
      {
        "id": 1,
        "name": "Md Atik",
        "color": "#43A047",
        "avatar": "https://res.cloudinary.com/dz88yjerw/image/upload/v1779774308/ccut8qllcbmzl6bxx0yy.png",
        "cover": "https://res.cloudinary.com/dz88yjerw/image/upload/v1759779146/gyshxw4n76fbsohz3rcz.jpg",
        "profileId": "67e431d61e4463f7adfa544e",
        "isActive": true,
        "pieces": [
          {
            "id": 0,
            "steps": 3,
            "isHome": false,
            "isInPlay": true
          },
          {
            "id": 1,
            "steps": 5,
            "isHome": false,
            "isInPlay": true
          },
          {
            "id": 2,
            "steps": 11,
            "isHome": false,
            "isInPlay": true
          },
          {
            "id": 3,
            "steps": 7,
            "isHome": false,
            "isInPlay": true
          }
        ],
        "isOffline": false
      }
    ],
    "selectedPlayerCount": 2,
    "currentPlayer": 1,
    "diceValue": 2,
    "gameStarted": true,
    "timestamp": 1787173072598,
    "playersSeq": 30
  }
}
[2026-08-19T21:05:50.293Z] [LUDO-EVENT] players-get-response {
  "gameId": "mt0klwrsc948p4"
}
[2026-08-19T21:05:50.294Z] [LUDO-STATE] game:mt0klwrsc948p4 {
  "gameId": "mt0klwrsc948p4",
  "snapshot": {
    "gameId": "mt0klwrsc948p4",
    "players": [
      {
        "id": 0,
        "name": "Mohammad Ikram",
        "color": "#E53935",
        "avatar": "https://res.cloudinary.com/dz88yjerw/image/upload/v1786061008/y2bgpcmceri6ogm2anvw.png",
        "cover": "https://res.cloudinary.com/dz88yjerw/image/upload/v1780098021/abtk9davy21pzff2x0cd.png",
        "profileId": "67bf1e4009395add03e1e234",
        "isActive": true,
        "pieces": [
          {
            "id": 0,
            "steps": 1,
            "isHome": false,
            "isInPlay": true
          },
          {
            "id": 1,
            "steps": 6,
            "isHome": false,
            "isInPlay": true
          },
          {
            "id": 2,
            "steps": 12,
            "isHome": false,
            "isInPlay": true
          },
          {
            "id": 3,
            "steps": 0,
            "isHome": true,
            "isInPlay": false
          }
        ],
        "isOffline": false
      },
      {
        "id": 1,
        "name": "Md Atik",
        "color": "#43A047",
        "avatar": "https://res.cloudinary.com/dz88yjerw/image/upload/v1779774308/ccut8qllcbmzl6bxx0yy.png",
        "cover": "https://res.cloudinary.com/dz88yjerw/image/upload/v1759779146/gyshxw4n76fbsohz3rcz.jpg",
        "profileId": "67e431d61e4463f7adfa544e",
        "isActive": true,
        "pieces": [
          {
            "id": 0,
            "steps": 3,
            "isHome": false,
            "isInPlay": true
          },
          {
            "id": 1,
            "steps": 5,
            "isHome": false,
            "isInPlay": true
          },
          {
            "id": 2,
            "steps": 11,
            "isHome": false,
            "isInPlay": true
          },
          {
            "id": 3,
            "steps": 7,
            "isHome": false,
            "isInPlay": true
          }
        ],
        "isOffline": false
      }
    ],
    "selectedPlayerCount": 2,
    "currentPlayer": 1,
    "diceValue": 2,
    "gameStarted": true,
    "timestamp": 1787173072598,
    "playersSeq": 30
  }
}
[2026-08-19T21:05:53.294Z] [LUDO-EVENT] players-get-response {
  "gameId": "mt0klwrsc948p4"
}
[2026-08-19T21:05:53.294Z] [LUDO-STATE] game:mt0klwrsc948p4 {
  "gameId": "mt0klwrsc948p4",
  "snapshot": {
    "gameId": "mt0klwrsc948p4",
    "players": [
      {
        "id": 0,
        "name": "Mohammad Ikram",
        "color": "#E53935",
        "avatar": "https://res.cloudinary.com/dz88yjerw/image/upload/v1786061008/y2bgpcmceri6ogm2anvw.png",
        "cover": "https://res.cloudinary.com/dz88yjerw/image/upload/v1780098021/abtk9davy21pzff2x0cd.png",
        "profileId": "67bf1e4009395add03e1e234",
        "isActive": true,
        "pieces": [
          {
            "id": 0,
            "steps": 1,
            "isHome": false,
            "isInPlay": true
          },
          {
            "id": 1,
            "steps": 6,
            "isHome": false,
            "isInPlay": true
          },
          {
            "id": 2,
            "steps": 12,
            "isHome": false,
            "isInPlay": true
          },
          {
            "id": 3,
            "steps": 0,
            "isHome": true,
            "isInPlay": false
          }
        ],
        "isOffline": false
      },
      {
        "id": 1,
        "name": "Md Atik",
        "color": "#43A047",
        "avatar": "https://res.cloudinary.com/dz88yjerw/image/upload/v1779774308/ccut8qllcbmzl6bxx0yy.png",
        "cover": "https://res.cloudinary.com/dz88yjerw/image/upload/v1759779146/gyshxw4n76fbsohz3rcz.jpg",
        "profileId": "67e431d61e4463f7adfa544e",
        "isActive": true,
        "pieces": [
          {
            "id": 0,
            "steps": 3,
            "isHome": false,
            "isInPlay": true
          },
          {
            "id": 1,
            "steps": 5,
            "isHome": false,
            "isInPlay": true
          },
          {
            "id": 2,
            "steps": 11,
            "isHome": false,
            "isInPlay": true
          },
          {
            "id": 3,
            "steps": 7,
            "isHome": false,
            "isInPlay": true
          }
        ],
        "isOffline": false
      }
    ],
    "selectedPlayerCount": 2,
    "currentPlayer": 1,
    "diceValue": 2,
    "gameStarted": true,
    "timestamp": 1787173072598,
    "playersSeq": 30
  }
}
[2026-08-19T21:05:56.294Z] [LUDO-EVENT] players-get-response {
  "gameId": "mt0klwrsc948p4"
}
[2026-08-19T21:05:56.295Z] [LUDO-STATE] game:mt0klwrsc948p4 {
  "gameId": "mt0klwrsc948p4",
  "snapshot": {
    "gameId": "mt0klwrsc948p4",
    "players": [
      {
        "id": 0,
        "name": "Mohammad Ikram",
        "color": "#E53935",
        "avatar": "https://res.cloudinary.com/dz88yjerw/image/upload/v1786061008/y2bgpcmceri6ogm2anvw.png",
        "cover": "https://res.cloudinary.com/dz88yjerw/image/upload/v1780098021/abtk9davy21pzff2x0cd.png",
        "profileId": "67bf1e4009395add03e1e234",
        "isActive": true,
        "pieces": [
          {
            "id": 0,
            "steps": 1,
            "isHome": false,
            "isInPlay": true
          },
          {
            "id": 1,
            "steps": 6,
            "isHome": false,
            "isInPlay": true
          },
          {
            "id": 2,
            "steps": 12,
            "isHome": false,
            "isInPlay": true
          },
          {
            "id": 3,
            "steps": 0,
            "isHome": true,
            "isInPlay": false
          }
        ],
        "isOffline": false
      },
      {
        "id": 1,
        "name": "Md Atik",
        "color": "#43A047",
        "avatar": "https://res.cloudinary.com/dz88yjerw/image/upload/v1779774308/ccut8qllcbmzl6bxx0yy.png",
        "cover": "https://res.cloudinary.com/dz88yjerw/image/upload/v1759779146/gyshxw4n76fbsohz3rcz.jpg",
        "profileId": "67e431d61e4463f7adfa544e",
        "isActive": true,
        "pieces": [
          {
            "id": 0,
            "steps": 3,
            "isHome": false,
            "isInPlay": true
          },
          {
            "id": 1,
            "steps": 5,
            "isHome": false,
            "isInPlay": true
          },
          {
            "id": 2,
            "steps": 11,
            "isHome": false,
            "isInPlay": true
          },
          {
            "id": 3,
            "steps": 7,
            "isHome": false,
            "isInPlay": true
          }
        ],
        "isOffline": false
      }
    ],
    "selectedPlayerCount": 2,
    "currentPlayer": 1,
    "diceValue": 2,
    "gameStarted": true,
    "timestamp": 1787173072598,
    "playersSeq": 30
  }
}
[2026-08-19T21:05:59.294Z] [LUDO-EVENT] players-get-response {
  "gameId": "mt0klwrsc948p4"
}
[2026-08-19T21:05:59.295Z] [LUDO-STATE] game:mt0klwrsc948p4 {
  "gameId": "mt0klwrsc948p4",
  "snapshot": {
    "gameId": "mt0klwrsc948p4",
    "players": [
      {
        "id": 0,
        "name": "Mohammad Ikram",
        "color": "#E53935",
        "avatar": "https://res.cloudinary.com/dz88yjerw/image/upload/v1786061008/y2bgpcmceri6ogm2anvw.png",
        "cover": "https://res.cloudinary.com/dz88yjerw/image/upload/v1780098021/abtk9davy21pzff2x0cd.png",
        "profileId": "67bf1e4009395add03e1e234",
        "isActive": true,
        "pieces": [
          {
            "id": 0,
            "steps": 1,
            "isHome": false,
            "isInPlay": true
          },
          {
            "id": 1,
            "steps": 6,
            "isHome": false,
            "isInPlay": true
          },
          {
            "id": 2,
            "steps": 12,
            "isHome": false,
            "isInPlay": true
          },
          {
            "id": 3,
            "steps": 0,
            "isHome": true,
            "isInPlay": false
          }
        ],
        "isOffline": false
      },
      {
        "id": 1,
        "name": "Md Atik",
        "color": "#43A047",
        "avatar": "https://res.cloudinary.com/dz88yjerw/image/upload/v1779774308/ccut8qllcbmzl6bxx0yy.png",
        "cover": "https://res.cloudinary.com/dz88yjerw/image/upload/v1759779146/gyshxw4n76fbsohz3rcz.jpg",
        "profileId": "67e431d61e4463f7adfa544e",
        "isActive": true,
        "pieces": [
          {
            "id": 0,
            "steps": 3,
            "isHome": false,
            "isInPlay": true
          },
          {
            "id": 1,
            "steps": 5,
            "isHome": false,
            "isInPlay": true
          },
          {
            "id": 2,
            "steps": 11,
            "isHome": false,
            "isInPlay": true
          },
          {
            "id": 3,
            "steps": 7,
            "isHome": false,
            "isInPlay": true
          }
        ],
        "isOffline": false
      }
    ],
    "selectedPlayerCount": 2,
    "currentPlayer": 1,
    "diceValue": 2,
    "gameStarted": true,
    "timestamp": 1787173072598,
    "playersSeq": 30
  }
}
[2026-08-19T21:06:05.295Z] [LUDO-EVENT] players-get-response {
  "gameId": "mt0klwrsc948p4"
}
[2026-08-19T21:06:05.296Z] [LUDO-STATE] game:mt0klwrsc948p4 {
  "gameId": "mt0klwrsc948p4",
  "snapshot": {
    "gameId": "mt0klwrsc948p4",
    "players": [
      {
        "id": 0,
        "name": "Mohammad Ikram",
        "color": "#E53935",
        "avatar": "https://res.cloudinary.com/dz88yjerw/image/upload/v1786061008/y2bgpcmceri6ogm2anvw.png",
        "cover": "https://res.cloudinary.com/dz88yjerw/image/upload/v1780098021/abtk9davy21pzff2x0cd.png",
        "profileId": "67bf1e4009395add03e1e234",
        "isActive": true,
        "pieces": [
          {
            "id": 0,
            "steps": 1,
            "isHome": false,
            "isInPlay": true
          },
          {
            "id": 1,
            "steps": 6,
            "isHome": false,
            "isInPlay": true
          },
          {
            "id": 2,
            "steps": 12,
            "isHome": false,
            "isInPlay": true
          },
          {
            "id": 3,
            "steps": 0,
            "isHome": true,
            "isInPlay": false
          }
        ],
        "isOffline": false
      },
      {
        "id": 1,
        "name": "Md Atik",
        "color": "#43A047",
        "avatar": "https://res.cloudinary.com/dz88yjerw/image/upload/v1779774308/ccut8qllcbmzl6bxx0yy.png",
        "cover": "https://res.cloudinary.com/dz88yjerw/image/upload/v1759779146/gyshxw4n76fbsohz3rcz.jpg",
        "profileId": "67e431d61e4463f7adfa544e",
        "isActive": true,
        "pieces": [
          {
            "id": 0,
            "steps": 3,
            "isHome": false,
            "isInPlay": true
          },
          {
            "id": 1,
            "steps": 5,
            "isHome": false,
            "isInPlay": true
          },
          {
            "id": 2,
            "steps": 11,
            "isHome": false,
            "isInPlay": true
          },
          {
            "id": 3,
            "steps": 7,
            "isHome": false,
            "isInPlay": true
          }
        ],
        "isOffline": false
      }
    ],
    "selectedPlayerCount": 2,
    "currentPlayer": 1,
    "diceValue": 2,
    "gameStarted": true,
    "timestamp": 1787173072598,
    "playersSeq": 30
  }
}
[2026-08-19T21:06:08.295Z] [LUDO-EVENT] players-get-response {
  "gameId": "mt0klwrsc948p4"
}
[2026-08-19T21:06:08.296Z] [LUDO-STATE] game:mt0klwrsc948p4 {
  "gameId": "mt0klwrsc948p4",
  "snapshot": {
    "gameId": "mt0klwrsc948p4",
    "players": [
      {
        "id": 0,
        "name": "Mohammad Ikram",
        "color": "#E53935",
        "avatar": "https://res.cloudinary.com/dz88yjerw/image/upload/v1786061008/y2bgpcmceri6ogm2anvw.png",
        "cover": "https://res.cloudinary.com/dz88yjerw/image/upload/v1780098021/abtk9davy21pzff2x0cd.png",
        "profileId": "67bf1e4009395add03e1e234",
        "isActive": true,
        "pieces": [
          {
            "id": 0,
            "steps": 1,
            "isHome": false,
            "isInPlay": true
          },
          {
            "id": 1,
            "steps": 6,
            "isHome": false,
            "isInPlay": true
          },
          {
            "id": 2,
            "steps": 12,
            "isHome": false,
            "isInPlay": true
          },
          {
            "id": 3,
            "steps": 0,
            "isHome": true,
            "isInPlay": false
          }
        ],
        "isOffline": false
      },
      {
        "id": 1,
        "name": "Md Atik",
        "color": "#43A047",
        "avatar": "https://res.cloudinary.com/dz88yjerw/image/upload/v1779774308/ccut8qllcbmzl6bxx0yy.png",
        "cover": "https://res.cloudinary.com/dz88yjerw/image/upload/v1759779146/gyshxw4n76fbsohz3rcz.jpg",
        "profileId": "67e431d61e4463f7adfa544e",
        "isActive": true,
        "pieces": [
          {
            "id": 0,
            "steps": 3,
            "isHome": false,
            "isInPlay": true
          },
          {
            "id": 1,
            "steps": 5,
            "isHome": false,
            "isInPlay": true
          },
          {
            "id": 2,
            "steps": 11,
            "isHome": false,
            "isInPlay": true
          },
          {
            "id": 3,
            "steps": 7,
            "isHome": false,
            "isInPlay": true
          }
        ],
        "isOffline": false
      }
    ],
    "selectedPlayerCount": 2,
    "currentPlayer": 1,
    "diceValue": 2,
    "gameStarted": true,
    "timestamp": 1787173072598,
    "playersSeq": 30
  }
}
[2026-08-19T21:06:11.463Z] [LUDO-EVENT] players-get-response {
  "gameId": "mt0klwrsc948p4"
}
[2026-08-19T21:06:11.465Z] [LUDO-STATE] game:mt0klwrsc948p4 {
  "gameId": "mt0klwrsc948p4",
  "snapshot": {
    "gameId": "mt0klwrsc948p4",
    "players": [
      {
        "id": 0,
        "name": "Mohammad Ikram",
        "color": "#E53935",
        "avatar": "https://res.cloudinary.com/dz88yjerw/image/upload/v1786061008/y2bgpcmceri6ogm2anvw.png",
        "cover": "https://res.cloudinary.com/dz88yjerw/image/upload/v1780098021/abtk9davy21pzff2x0cd.png",
        "profileId": "67bf1e4009395add03e1e234",
        "isActive": true,
        "pieces": [
          {
            "id": 0,
            "steps": 1,
            "isHome": false,
            "isInPlay": true
          },
          {
            "id": 1,
            "steps": 6,
            "isHome": false,
            "isInPlay": true
          },
          {
            "id": 2,
            "steps": 12,
            "isHome": false,
            "isInPlay": true
          },
          {
            "id": 3,
            "steps": 0,
            "isHome": true,
            "isInPlay": false
          }
        ],
        "isOffline": false
      },
      {
        "id": 1,
        "name": "Md Atik",
        "color": "#43A047",
        "avatar": "https://res.cloudinary.com/dz88yjerw/image/upload/v1779774308/ccut8qllcbmzl6bxx0yy.png",
        "cover": "https://res.cloudinary.com/dz88yjerw/image/upload/v1759779146/gyshxw4n76fbsohz3rcz.jpg",
        "profileId": "67e431d61e4463f7adfa544e",
        "isActive": true,
        "pieces": [
          {
            "id": 0,
            "steps": 3,
            "isHome": false,
            "isInPlay": true
          },
          {
            "id": 1,
            "steps": 5,
            "isHome": false,
            "isInPlay": true
          },
          {
            "id": 2,
            "steps": 11,
            "isHome": false,
            "isInPlay": true
          },
          {
            "id": 3,
            "steps": 7,
            "isHome": false,
            "isInPlay": true
          }
        ],
        "isOffline": false
      }
    ],
    "selectedPlayerCount": 2,
    "currentPlayer": 1,
    "diceValue": 2,
    "gameStarted": true,
    "timestamp": 1787173072598,
    "playersSeq": 30
  }
}
[2026-08-19T21:06:14.345Z] [LUDO-EVENT] players-get-response {
  "gameId": "mt0klwrsc948p4"
}
[2026-08-19T21:06:14.347Z] [LUDO-STATE] game:mt0klwrsc948p4 {
  "gameId": "mt0klwrsc948p4",
  "snapshot": {
    "gameId": "mt0klwrsc948p4",
    "players": [
      {
        "id": 0,
        "name": "Mohammad Ikram",
        "color": "#E53935",
        "avatar": "https://res.cloudinary.com/dz88yjerw/image/upload/v1786061008/y2bgpcmceri6ogm2anvw.png",
        "cover": "https://res.cloudinary.com/dz88yjerw/image/upload/v1780098021/abtk9davy21pzff2x0cd.png",
        "profileId": "67bf1e4009395add03e1e234",
        "isActive": true,
        "pieces": [
          {
            "id": 0,
            "steps": 1,
            "isHome": false,
            "isInPlay": true
          },
          {
            "id": 1,
            "steps": 6,
            "isHome": false,
            "isInPlay": true
          },
          {
            "id": 2,
            "steps": 12,
            "isHome": false,
            "isInPlay": true
          },
          {
            "id": 3,
            "steps": 0,
            "isHome": true,
            "isInPlay": false
          }
        ],
        "isOffline": false
      },
      {
        "id": 1,
        "name": "Md Atik",
        "color": "#43A047",
        "avatar": "https://res.cloudinary.com/dz88yjerw/image/upload/v1779774308/ccut8qllcbmzl6bxx0yy.png",
        "cover": "https://res.cloudinary.com/dz88yjerw/image/upload/v1759779146/gyshxw4n76fbsohz3rcz.jpg",
        "profileId": "67e431d61e4463f7adfa544e",
        "isActive": true,
        "pieces": [
          {
            "id": 0,
            "steps": 3,
            "isHome": false,
            "isInPlay": true
          },
          {
            "id": 1,
            "steps": 5,
            "isHome": false,
            "isInPlay": true
          },
          {
            "id": 2,
            "steps": 11,
            "isHome": false,
            "isInPlay": true
          },
          {
            "id": 3,
            "steps": 7,
            "isHome": false,
            "isInPlay": true
          }
        ],
        "isOffline": false
      }
    ],
    "selectedPlayerCount": 2,
    "currentPlayer": 1,
    "diceValue": 2,
    "gameStarted": true,
    "timestamp": 1787173072598,
    "playersSeq": 30
  }
}
[2026-08-19T21:06:17.337Z] [LUDO-EVENT] players-get-response {
  "gameId": "mt0klwrsc948p4"
}
[2026-08-19T21:06:17.337Z] [LUDO-STATE] game:mt0klwrsc948p4 {
  "gameId": "mt0klwrsc948p4",
  "snapshot": {
    "gameId": "mt0klwrsc948p4",
    "players": [
      {
        "id": 0,
        "name": "Mohammad Ikram",
        "color": "#E53935",
        "avatar": "https://res.cloudinary.com/dz88yjerw/image/upload/v1786061008/y2bgpcmceri6ogm2anvw.png",
        "cover": "https://res.cloudinary.com/dz88yjerw/image/upload/v1780098021/abtk9davy21pzff2x0cd.png",
        "profileId": "67bf1e4009395add03e1e234",
        "isActive": true,
        "pieces": [
          {
            "id": 0,
            "steps": 1,
            "isHome": false,
            "isInPlay": true
          },
          {
            "id": 1,
            "steps": 6,
            "isHome": false,
            "isInPlay": true
          },
          {
            "id": 2,
            "steps": 12,
            "isHome": false,
            "isInPlay": true
          },
          {
            "id": 3,
            "steps": 0,
            "isHome": true,
            "isInPlay": false
          }
        ],
        "isOffline": false
      },
      {
        "id": 1,
        "name": "Md Atik",
        "color": "#43A047",
        "avatar": "https://res.cloudinary.com/dz88yjerw/image/upload/v1779774308/ccut8qllcbmzl6bxx0yy.png",
        "cover": "https://res.cloudinary.com/dz88yjerw/image/upload/v1759779146/gyshxw4n76fbsohz3rcz.jpg",
        "profileId": "67e431d61e4463f7adfa544e",
        "isActive": true,
        "pieces": [
          {
            "id": 0,
            "steps": 3,
            "isHome": false,
            "isInPlay": true
          },
          {
            "id": 1,
            "steps": 5,
            "isHome": false,
            "isInPlay": true
          },
          {
            "id": 2,
            "steps": 11,
            "isHome": false,
            "isInPlay": true
          },
          {
            "id": 3,
            "steps": 7,
            "isHome": false,
            "isInPlay": true
          }
        ],
        "isOffline": false
      }
    ],
    "selectedPlayerCount": 2,
    "currentPlayer": 1,
    "diceValue": 2,
    "gameStarted": true,
    "timestamp": 1787173072598,
    "playersSeq": 30
  }
}
[2026-08-19T21:06:20.415Z] [LUDO-EVENT] players-get-response {
  "gameId": "mt0klwrsc948p4"
}
[2026-08-19T21:06:20.416Z] [LUDO-STATE] game:mt0klwrsc948p4 {
  "gameId": "mt0klwrsc948p4",
  "snapshot": {
    "gameId": "mt0klwrsc948p4",
    "players": [
      {
        "id": 0,
        "name": "Mohammad Ikram",
        "color": "#E53935",
        "avatar": "https://res.cloudinary.com/dz88yjerw/image/upload/v1786061008/y2bgpcmceri6ogm2anvw.png",
        "cover": "https://res.cloudinary.com/dz88yjerw/image/upload/v1780098021/abtk9davy21pzff2x0cd.png",
        "profileId": "67bf1e4009395add03e1e234",
        "isActive": true,
        "pieces": [
          {
            "id": 0,
            "steps": 1,
            "isHome": false,
            "isInPlay": true
          },
          {
            "id": 1,
            "steps": 6,
            "isHome": false,
            "isInPlay": true
          },
          {
            "id": 2,
            "steps": 12,
            "isHome": false,
            "isInPlay": true
          },
          {
            "id": 3,
            "steps": 0,
            "isHome": true,
            "isInPlay": false
          }
        ],
        "isOffline": false
      },
      {
        "id": 1,
        "name": "Md Atik",
        "color": "#43A047",
        "avatar": "https://res.cloudinary.com/dz88yjerw/image/upload/v1779774308/ccut8qllcbmzl6bxx0yy.png",
        "cover": "https://res.cloudinary.com/dz88yjerw/image/upload/v1759779146/gyshxw4n76fbsohz3rcz.jpg",
        "profileId": "67e431d61e4463f7adfa544e",
        "isActive": true,
        "pieces": [
          {
            "id": 0,
            "steps": 3,
            "isHome": false,
            "isInPlay": true
          },
          {
            "id": 1,
            "steps": 5,
            "isHome": false,
            "isInPlay": true
          },
          {
            "id": 2,
            "steps": 11,
            "isHome": false,
            "isInPlay": true
          },
          {
            "id": 3,
            "steps": 7,
            "isHome": false,
            "isInPlay": true
          }
        ],
        "isOffline": false
      }
    ],
    "selectedPlayerCount": 2,
    "currentPlayer": 1,
    "diceValue": 2,
    "gameStarted": true,
    "timestamp": 1787173072598,
    "playersSeq": 30
  }
}
[2026-08-19T21:06:23.356Z] [LUDO-EVENT] players-get-response {
  "gameId": "mt0klwrsc948p4"
}
[2026-08-19T21:06:23.356Z] [LUDO-STATE] game:mt0klwrsc948p4 {
  "gameId": "mt0klwrsc948p4",
  "snapshot": {
    "gameId": "mt0klwrsc948p4",
    "players": [
      {
        "id": 0,
        "name": "Mohammad Ikram",
        "color": "#E53935",
        "avatar": "https://res.cloudinary.com/dz88yjerw/image/upload/v1786061008/y2bgpcmceri6ogm2anvw.png",
        "cover": "https://res.cloudinary.com/dz88yjerw/image/upload/v1780098021/abtk9davy21pzff2x0cd.png",
        "profileId": "67bf1e4009395add03e1e234",
        "isActive": true,
        "pieces": [
          {
            "id": 0,
            "steps": 1,
            "isHome": false,
            "isInPlay": true
          },
          {
            "id": 1,
            "steps": 6,
            "isHome": false,
            "isInPlay": true
          },
          {
            "id": 2,
            "steps": 12,
            "isHome": false,
            "isInPlay": true
          },
          {
            "id": 3,
            "steps": 0,
            "isHome": true,
            "isInPlay": false
          }
        ],
        "isOffline": false
      },
      {
        "id": 1,
        "name": "Md Atik",
        "color": "#43A047",
        "avatar": "https://res.cloudinary.com/dz88yjerw/image/upload/v1779774308/ccut8qllcbmzl6bxx0yy.png",
        "cover": "https://res.cloudinary.com/dz88yjerw/image/upload/v1759779146/gyshxw4n76fbsohz3rcz.jpg",
        "profileId": "67e431d61e4463f7adfa544e",
        "isActive": true,
        "pieces": [
          {
            "id": 0,
            "steps": 3,
            "isHome": false,
            "isInPlay": true
          },
          {
            "id": 1,
            "steps": 5,
            "isHome": false,
            "isInPlay": true
          },
          {
            "id": 2,
            "steps": 11,
            "isHome": false,
            "isInPlay": true
          },
          {
            "id": 3,
            "steps": 7,
            "isHome": false,
            "isInPlay": true
          }
        ],
        "isOffline": false
      }
    ],
    "selectedPlayerCount": 2,
    "currentPlayer": 1,
    "diceValue": 2,
    "gameStarted": true,
    "timestamp": 1787173072598,
    "playersSeq": 30
  }
}
[2026-08-19T21:06:29.353Z] [LUDO-EVENT] players-get-response {
  "gameId": "mt0klwrsc948p4"
}
[2026-08-19T21:06:29.353Z] [LUDO-STATE] game:mt0klwrsc948p4 {
  "gameId": "mt0klwrsc948p4",
  "snapshot": {
    "gameId": "mt0klwrsc948p4",
    "players": [
      {
        "id": 0,
        "name": "Mohammad Ikram",
        "color": "#E53935",
        "avatar": "https://res.cloudinary.com/dz88yjerw/image/upload/v1786061008/y2bgpcmceri6ogm2anvw.png",
        "cover": "https://res.cloudinary.com/dz88yjerw/image/upload/v1780098021/abtk9davy21pzff2x0cd.png",
        "profileId": "67bf1e4009395add03e1e234",
        "isActive": true,
        "pieces": [
          {
            "id": 0,
            "steps": 1,
            "isHome": false,
            "isInPlay": true
          },
          {
            "id": 1,
            "steps": 6,
            "isHome": false,
            "isInPlay": true
          },
          {
            "id": 2,
            "steps": 12,
            "isHome": false,
            "isInPlay": true
          },
          {
            "id": 3,
            "steps": 0,
            "isHome": true,
            "isInPlay": false
          }
        ],
        "isOffline": false
      },
      {
        "id": 1,
        "name": "Md Atik",
        "color": "#43A047",
        "avatar": "https://res.cloudinary.com/dz88yjerw/image/upload/v1779774308/ccut8qllcbmzl6bxx0yy.png",
        "cover": "https://res.cloudinary.com/dz88yjerw/image/upload/v1759779146/gyshxw4n76fbsohz3rcz.jpg",
        "profileId": "67e431d61e4463f7adfa544e",
        "isActive": true,
        "pieces": [
          {
            "id": 0,
            "steps": 3,
            "isHome": false,
            "isInPlay": true
          },
          {
            "id": 1,
            "steps": 5,
            "isHome": false,
            "isInPlay": true
          },
          {
            "id": 2,
            "steps": 11,
            "isHome": false,
            "isInPlay": true
          },
          {
            "id": 3,
            "steps": 7,
            "isHome": false,
            "isInPlay": true
          }
        ],
        "isOffline": false
      }
    ],
    "selectedPlayerCount": 2,
    "currentPlayer": 1,
    "diceValue": 2,
    "gameStarted": true,
    "timestamp": 1787173072598,
    "playersSeq": 30
  }
}
[2026-08-19T21:06:32.353Z] [LUDO-EVENT] players-get-response {
  "gameId": "mt0klwrsc948p4"
}
[2026-08-19T21:06:32.354Z] [LUDO-STATE] game:mt0klwrsc948p4 {
  "gameId": "mt0klwrsc948p4",
  "snapshot": {
    "gameId": "mt0klwrsc948p4",
    "players": [
      {
        "id": 0,
        "name": "Mohammad Ikram",
        "color": "#E53935",
        "avatar": "https://res.cloudinary.com/dz88yjerw/image/upload/v1786061008/y2bgpcmceri6ogm2anvw.png",
        "cover": "https://res.cloudinary.com/dz88yjerw/image/upload/v1780098021/abtk9davy21pzff2x0cd.png",
        "profileId": "67bf1e4009395add03e1e234",
        "isActive": true,
        "pieces": [
          {
            "id": 0,
            "steps": 1,
            "isHome": false,
            "isInPlay": true
          },
          {
            "id": 1,
            "steps": 6,
            "isHome": false,
            "isInPlay": true
          },
          {
            "id": 2,
            "steps": 12,
            "isHome": false,
            "isInPlay": true
          },
          {
            "id": 3,
            "steps": 0,
            "isHome": true,
            "isInPlay": false
          }
        ],
        "isOffline": false
      },
      {
        "id": 1,
        "name": "Md Atik",
        "color": "#43A047",
        "avatar": "https://res.cloudinary.com/dz88yjerw/image/upload/v1779774308/ccut8qllcbmzl6bxx0yy.png",
        "cover": "https://res.cloudinary.com/dz88yjerw/image/upload/v1759779146/gyshxw4n76fbsohz3rcz.jpg",
        "profileId": "67e431d61e4463f7adfa544e",
        "isActive": true,
        "pieces": [
          {
            "id": 0,
            "steps": 3,
            "isHome": false,
            "isInPlay": true
          },
          {
            "id": 1,
            "steps": 5,
            "isHome": false,
            "isInPlay": true
          },
          {
            "id": 2,
            "steps": 11,
            "isHome": false,
            "isInPlay": true
          },
          {
            "id": 3,
            "steps": 7,
            "isHome": false,
            "isInPlay": true
          }
        ],
        "isOffline": false
      }
    ],
    "selectedPlayerCount": 2,
    "currentPlayer": 1,
    "diceValue": 2,
    "gameStarted": true,
    "timestamp": 1787173072598,
    "playersSeq": 30
  }
}
[2026-08-19T21:06:35.354Z] [LUDO-EVENT] players-get-response {
  "gameId": "mt0klwrsc948p4"
}
[2026-08-19T21:06:35.354Z] [LUDO-STATE] game:mt0klwrsc948p4 {
  "gameId": "mt0klwrsc948p4",
  "snapshot": {
    "gameId": "mt0klwrsc948p4",
    "players": [
      {
        "id": 0,
        "name": "Mohammad Ikram",
        "color": "#E53935",
        "avatar": "https://res.cloudinary.com/dz88yjerw/image/upload/v1786061008/y2bgpcmceri6ogm2anvw.png",
        "cover": "https://res.cloudinary.com/dz88yjerw/image/upload/v1780098021/abtk9davy21pzff2x0cd.png",
        "profileId": "67bf1e4009395add03e1e234",
        "isActive": true,
        "pieces": [
          {
            "id": 0,
            "steps": 1,
            "isHome": false,
            "isInPlay": true
          },
          {
            "id": 1,
            "steps": 6,
            "isHome": false,
            "isInPlay": true
          },
          {
            "id": 2,
            "steps": 12,
            "isHome": false,
            "isInPlay": true
          },
          {
            "id": 3,
            "steps": 0,
            "isHome": true,
            "isInPlay": false
          }
        ],
        "isOffline": false
      },
      {
        "id": 1,
        "name": "Md Atik",
        "color": "#43A047",
        "avatar": "https://res.cloudinary.com/dz88yjerw/image/upload/v1779774308/ccut8qllcbmzl6bxx0yy.png",
        "cover": "https://res.cloudinary.com/dz88yjerw/image/upload/v1759779146/gyshxw4n76fbsohz3rcz.jpg",
        "profileId": "67e431d61e4463f7adfa544e",
        "isActive": true,
        "pieces": [
          {
            "id": 0,
            "steps": 3,
            "isHome": false,
            "isInPlay": true
          },
          {
            "id": 1,
            "steps": 5,
            "isHome": false,
            "isInPlay": true
          },
          {
            "id": 2,
            "steps": 11,
            "isHome": false,
            "isInPlay": true
          },
          {
            "id": 3,
            "steps": 7,
            "isHome": false,
            "isInPlay": true
          }
        ],
        "isOffline": false
      }
    ],
    "selectedPlayerCount": 2,
    "currentPlayer": 1,
    "diceValue": 2,
    "gameStarted": true,
    "timestamp": 1787173072598,
    "playersSeq": 30
  }
}
[2026-08-19T21:06:38.355Z] [LUDO-EVENT] players-get-response {
  "gameId": "mt0klwrsc948p4"
}
[2026-08-19T21:06:38.356Z] [LUDO-STATE] game:mt0klwrsc948p4 {
  "gameId": "mt0klwrsc948p4",
  "snapshot": {
    "gameId": "mt0klwrsc948p4",
    "players": [
      {
        "id": 0,
        "name": "Mohammad Ikram",
        "color": "#E53935",
        "avatar": "https://res.cloudinary.com/dz88yjerw/image/upload/v1786061008/y2bgpcmceri6ogm2anvw.png",
        "cover": "https://res.cloudinary.com/dz88yjerw/image/upload/v1780098021/abtk9davy21pzff2x0cd.png",
        "profileId": "67bf1e4009395add03e1e234",
        "isActive": true,
        "pieces": [
          {
            "id": 0,
            "steps": 1,
            "isHome": false,
            "isInPlay": true
          },
          {
            "id": 1,
            "steps": 6,
            "isHome": false,
            "isInPlay": true
          },
          {
            "id": 2,
            "steps": 12,
            "isHome": false,
            "isInPlay": true
          },
          {
            "id": 3,
            "steps": 0,
            "isHome": true,
            "isInPlay": false
          }
        ],
        "isOffline": false
      },
      {
        "id": 1,
        "name": "Md Atik",
        "color": "#43A047",
        "avatar": "https://res.cloudinary.com/dz88yjerw/image/upload/v1779774308/ccut8qllcbmzl6bxx0yy.png",
        "cover": "https://res.cloudinary.com/dz88yjerw/image/upload/v1759779146/gyshxw4n76fbsohz3rcz.jpg",
        "profileId": "67e431d61e4463f7adfa544e",
        "isActive": true,
        "pieces": [
          {
            "id": 0,
            "steps": 3,
            "isHome": false,
            "isInPlay": true
          },
          {
            "id": 1,
            "steps": 5,
            "isHome": false,
            "isInPlay": true
          },
          {
            "id": 2,
            "steps": 11,
            "isHome": false,
            "isInPlay": true
          },
          {
            "id": 3,
            "steps": 7,
            "isHome": false,
            "isInPlay": true
          }
        ],
        "isOffline": false
      }
    ],
    "selectedPlayerCount": 2,
    "currentPlayer": 1,
    "diceValue": 2,
    "gameStarted": true,
    "timestamp": 1787173072598,
    "playersSeq": 30
  }
}
[2026-08-19T21:06:41.355Z] [LUDO-EVENT] players-get-response {
  "gameId": "mt0klwrsc948p4"
}
[2026-08-19T21:06:41.355Z] [LUDO-STATE] game:mt0klwrsc948p4 {
  "gameId": "mt0klwrsc948p4",
  "snapshot": {
    "gameId": "mt0klwrsc948p4",
    "players": [
      {
        "id": 0,
        "name": "Mohammad Ikram",
        "color": "#E53935",
        "avatar": "https://res.cloudinary.com/dz88yjerw/image/upload/v1786061008/y2bgpcmceri6ogm2anvw.png",
        "cover": "https://res.cloudinary.com/dz88yjerw/image/upload/v1780098021/abtk9davy21pzff2x0cd.png",
        "profileId": "67bf1e4009395add03e1e234",
        "isActive": true,
        "pieces": [
          {
            "id": 0,
            "steps": 1,
            "isHome": false,
            "isInPlay": true
          },
          {
            "id": 1,
            "steps": 6,
            "isHome": false,
            "isInPlay": true
          },
          {
            "id": 2,
            "steps": 12,
            "isHome": false,
            "isInPlay": true
          },
          {
            "id": 3,
            "steps": 0,
            "isHome": true,
            "isInPlay": false
          }
        ],
        "isOffline": false
      },
      {
        "id": 1,
        "name": "Md Atik",
        "color": "#43A047",
        "avatar": "https://res.cloudinary.com/dz88yjerw/image/upload/v1779774308/ccut8qllcbmzl6bxx0yy.png",
        "cover": "https://res.cloudinary.com/dz88yjerw/image/upload/v1759779146/gyshxw4n76fbsohz3rcz.jpg",
        "profileId": "67e431d61e4463f7adfa544e",
        "isActive": true,
        "pieces": [
          {
            "id": 0,
            "steps": 3,
            "isHome": false,
            "isInPlay": true
          },
          {
            "id": 1,
            "steps": 5,
            "isHome": false,
            "isInPlay": true
          },
          {
            "id": 2,
            "steps": 11,
            "isHome": false,
            "isInPlay": true
          },
          {
            "id": 3,
            "steps": 7,
            "isHome": false,
            "isInPlay": true
          }
        ],
        "isOffline": false
      }
    ],
    "selectedPlayerCount": 2,
    "currentPlayer": 1,
    "diceValue": 2,
    "gameStarted": true,
    "timestamp": 1787173072598,
    "playersSeq": 30
  }
}
[2026-08-19T21:06:44.356Z] [LUDO-EVENT] players-get-response {
  "gameId": "mt0klwrsc948p4"
}
[2026-08-19T21:06:44.357Z] [LUDO-STATE] game:mt0klwrsc948p4 {
  "gameId": "mt0klwrsc948p4",
  "snapshot": {
    "gameId": "mt0klwrsc948p4",
    "players": [
      {
        "id": 0,
        "name": "Mohammad Ikram",
        "color": "#E53935",
        "avatar": "https://res.cloudinary.com/dz88yjerw/image/upload/v1786061008/y2bgpcmceri6ogm2anvw.png",
        "cover": "https://res.cloudinary.com/dz88yjerw/image/upload/v1780098021/abtk9davy21pzff2x0cd.png",
        "profileId": "67bf1e4009395add03e1e234",
        "isActive": true,
        "pieces": [
          {
            "id": 0,
            "steps": 1,
            "isHome": false,
            "isInPlay": true
          },
          {
            "id": 1,
            "steps": 6,
            "isHome": false,
            "isInPlay": true
          },
          {
            "id": 2,
            "steps": 12,
            "isHome": false,
            "isInPlay": true
          },
          {
            "id": 3,
            "steps": 0,
            "isHome": true,
            "isInPlay": false
          }
        ],
        "isOffline": false
      },
      {
        "id": 1,
        "name": "Md Atik",
        "color": "#43A047",
        "avatar": "https://res.cloudinary.com/dz88yjerw/image/upload/v1779774308/ccut8qllcbmzl6bxx0yy.png",
        "cover": "https://res.cloudinary.com/dz88yjerw/image/upload/v1759779146/gyshxw4n76fbsohz3rcz.jpg",
        "profileId": "67e431d61e4463f7adfa544e",
        "isActive": true,
        "pieces": [
          {
            "id": 0,
            "steps": 3,
            "isHome": false,
            "isInPlay": true
          },
          {
            "id": 1,
            "steps": 5,
            "isHome": false,
            "isInPlay": true
          },
          {
            "id": 2,
            "steps": 11,
            "isHome": false,
            "isInPlay": true
          },
          {
            "id": 3,
            "steps": 7,
            "isHome": false,
            "isInPlay": true
          }
        ],
        "isOffline": false
      }
    ],
    "selectedPlayerCount": 2,
    "currentPlayer": 1,
    "diceValue": 2,
    "gameStarted": true,
    "timestamp": 1787173072598,
    "playersSeq": 30
  }
}
[2026-08-19T21:06:47.355Z] [LUDO-EVENT] players-get-response {
  "gameId": "mt0klwrsc948p4"
}
[2026-08-19T21:06:47.355Z] [LUDO-STATE] game:mt0klwrsc948p4 {
  "gameId": "mt0klwrsc948p4",
  "snapshot": {
    "gameId": "mt0klwrsc948p4",
    "players": [
      {
        "id": 0,
        "name": "Mohammad Ikram",
        "color": "#E53935",
        "avatar": "https://res.cloudinary.com/dz88yjerw/image/upload/v1786061008/y2bgpcmceri6ogm2anvw.png",
        "cover": "https://res.cloudinary.com/dz88yjerw/image/upload/v1780098021/abtk9davy21pzff2x0cd.png",
        "profileId": "67bf1e4009395add03e1e234",
        "isActive": true,
        "pieces": [
          {
            "id": 0,
            "steps": 1,
            "isHome": false,
            "isInPlay": true
          },
          {
            "id": 1,
            "steps": 6,
            "isHome": false,
            "isInPlay": true
          },
          {
            "id": 2,
            "steps": 12,
            "isHome": false,
            "isInPlay": true
          },
          {
            "id": 3,
            "steps": 0,
            "isHome": true,
            "isInPlay": false
          }
        ],
        "isOffline": false
      },
      {
        "id": 1,
        "name": "Md Atik",
        "color": "#43A047",
        "avatar": "https://res.cloudinary.com/dz88yjerw/image/upload/v1779774308/ccut8qllcbmzl6bxx0yy.png",
        "cover": "https://res.cloudinary.com/dz88yjerw/image/upload/v1759779146/gyshxw4n76fbsohz3rcz.jpg",
        "profileId": "67e431d61e4463f7adfa544e",
        "isActive": true,
        "pieces": [
          {
            "id": 0,
            "steps": 3,
            "isHome": false,
            "isInPlay": true
          },
          {
            "id": 1,
            "steps": 5,
            "isHome": false,
            "isInPlay": true
          },
          {
            "id": 2,
            "steps": 11,
            "isHome": false,
            "isInPlay": true
          },
          {
            "id": 3,
            "steps": 7,
            "isHome": false,
            "isInPlay": true
          }
        ],
        "isOffline": false
      }
    ],
    "selectedPlayerCount": 2,
    "currentPlayer": 1,
    "diceValue": 2,
    "gameStarted": true,
    "timestamp": 1787173072598,
    "playersSeq": 30
  }
}
[2026-08-19T21:06:50.357Z] [LUDO-EVENT] players-get-response {
  "gameId": "mt0klwrsc948p4"
}
[2026-08-19T21:06:50.358Z] [LUDO-STATE] game:mt0klwrsc948p4 {
  "gameId": "mt0klwrsc948p4",
  "snapshot": {
    "gameId": "mt0klwrsc948p4",
    "players": [
      {
        "id": 0,
        "name": "Mohammad Ikram",
        "color": "#E53935",
        "avatar": "https://res.cloudinary.com/dz88yjerw/image/upload/v1786061008/y2bgpcmceri6ogm2anvw.png",
        "cover": "https://res.cloudinary.com/dz88yjerw/image/upload/v1780098021/abtk9davy21pzff2x0cd.png",
        "profileId": "67bf1e4009395add03e1e234",
        "isActive": true,
        "pieces": [
          {
            "id": 0,
            "steps": 1,
            "isHome": false,
            "isInPlay": true
          },
          {
            "id": 1,
            "steps": 6,
            "isHome": false,
            "isInPlay": true
          },
          {
            "id": 2,
            "steps": 12,
            "isHome": false,
            "isInPlay": true
          },
          {
            "id": 3,
            "steps": 0,
            "isHome": true,
            "isInPlay": false
          }
        ],
        "isOffline": false
      },
      {
        "id": 1,
        "name": "Md Atik",
        "color": "#43A047",
        "avatar": "https://res.cloudinary.com/dz88yjerw/image/upload/v1779774308/ccut8qllcbmzl6bxx0yy.png",
        "cover": "https://res.cloudinary.com/dz88yjerw/image/upload/v1759779146/gyshxw4n76fbsohz3rcz.jpg",
        "profileId": "67e431d61e4463f7adfa544e",
        "isActive": true,
        "pieces": [
          {
            "id": 0,
            "steps": 3,
            "isHome": false,
            "isInPlay": true
          },
          {
            "id": 1,
            "steps": 5,
            "isHome": false,
            "isInPlay": true
          },
          {
            "id": 2,
            "steps": 11,
            "isHome": false,
            "isInPlay": true
          },
          {
            "id": 3,
            "steps": 7,
            "isHome": false,
            "isInPlay": true
          }
        ],
        "isOffline": false
      }
    ],
    "selectedPlayerCount": 2,
    "currentPlayer": 1,
    "diceValue": 2,
    "gameStarted": true,
    "timestamp": 1787173072598,
    "playersSeq": 30
  }
}
[2026-08-19T21:06:53.356Z] [LUDO-EVENT] players-get-response {
  "gameId": "mt0klwrsc948p4"
}
[2026-08-19T21:06:53.356Z] [LUDO-STATE] game:mt0klwrsc948p4 {
  "gameId": "mt0klwrsc948p4",
  "snapshot": {
    "gameId": "mt0klwrsc948p4",
    "players": [
      {
        "id": 0,
        "name": "Mohammad Ikram",
        "color": "#E53935",
        "avatar": "https://res.cloudinary.com/dz88yjerw/image/upload/v1786061008/y2bgpcmceri6ogm2anvw.png",
        "cover": "https://res.cloudinary.com/dz88yjerw/image/upload/v1780098021/abtk9davy21pzff2x0cd.png",
        "profileId": "67bf1e4009395add03e1e234",
        "isActive": true,
        "pieces": [
          {
            "id": 0,
            "steps": 1,
            "isHome": false,
            "isInPlay": true
          },
          {
            "id": 1,
            "steps": 6,
            "isHome": false,
            "isInPlay": true
          },
          {
            "id": 2,
            "steps": 12,
            "isHome": false,
            "isInPlay": true
          },
          {
            "id": 3,
            "steps": 0,
            "isHome": true,
            "isInPlay": false
          }
        ],
        "isOffline": false
      },
      {
        "id": 1,
        "name": "Md Atik",
        "color": "#43A047",
        "avatar": "https://res.cloudinary.com/dz88yjerw/image/upload/v1779774308/ccut8qllcbmzl6bxx0yy.png",
        "cover": "https://res.cloudinary.com/dz88yjerw/image/upload/v1759779146/gyshxw4n76fbsohz3rcz.jpg",
        "profileId": "67e431d61e4463f7adfa544e",
        "isActive": true,
        "pieces": [
          {
            "id": 0,
            "steps": 3,
            "isHome": false,
            "isInPlay": true
          },
          {
            "id": 1,
            "steps": 5,
            "isHome": false,
            "isInPlay": true
          },
          {
            "id": 2,
            "steps": 11,
            "isHome": false,
            "isInPlay": true
          },
          {
            "id": 3,
            "steps": 7,
            "isHome": false,
            "isInPlay": true
          }
        ],
        "isOffline": false
      }
    ],
    "selectedPlayerCount": 2,
    "currentPlayer": 1,
    "diceValue": 2,
    "gameStarted": true,
    "timestamp": 1787173072598,
    "playersSeq": 30
  }
}
[2026-08-19T21:06:56.362Z] [LUDO-EVENT] players-get-response {
  "gameId": "mt0klwrsc948p4"
}
[2026-08-19T21:06:56.363Z] [LUDO-STATE] game:mt0klwrsc948p4 {
  "gameId": "mt0klwrsc948p4",
  "snapshot": {
    "gameId": "mt0klwrsc948p4",
    "players": [
      {
        "id": 0,
        "name": "Mohammad Ikram",
        "color": "#E53935",
        "avatar": "https://res.cloudinary.com/dz88yjerw/image/upload/v1786061008/y2bgpcmceri6ogm2anvw.png",
        "cover": "https://res.cloudinary.com/dz88yjerw/image/upload/v1780098021/abtk9davy21pzff2x0cd.png",
        "profileId": "67bf1e4009395add03e1e234",
        "isActive": true,
        "pieces": [
          {
            "id": 0,
            "steps": 1,
            "isHome": false,
            "isInPlay": true
          },
          {
            "id": 1,
            "steps": 6,
            "isHome": false,
            "isInPlay": true
          },
          {
            "id": 2,
            "steps": 12,
            "isHome": false,
            "isInPlay": true
          },
          {
            "id": 3,
            "steps": 0,
            "isHome": true,
            "isInPlay": false
          }
        ],
        "isOffline": false
      },
      {
        "id": 1,
        "name": "Md Atik",
        "color": "#43A047",
        "avatar": "https://res.cloudinary.com/dz88yjerw/image/upload/v1779774308/ccut8qllcbmzl6bxx0yy.png",
        "cover": "https://res.cloudinary.com/dz88yjerw/image/upload/v1759779146/gyshxw4n76fbsohz3rcz.jpg",
        "profileId": "67e431d61e4463f7adfa544e",
        "isActive": true,
        "pieces": [
          {
            "id": 0,
            "steps": 3,
            "isHome": false,
            "isInPlay": true
          },
          {
            "id": 1,
            "steps": 5,
            "isHome": false,
            "isInPlay": true
          },
          {
            "id": 2,
            "steps": 11,
            "isHome": false,
            "isInPlay": true
          },
          {
            "id": 3,
            "steps": 7,
            "isHome": false,
            "isInPlay": true
          }
        ],
        "isOffline": false
      }
    ],
    "selectedPlayerCount": 2,
    "currentPlayer": 1,
    "diceValue": 2,
    "gameStarted": true,
    "timestamp": 1787173072598,
    "playersSeq": 30
  }
}
[2026-08-19T21:06:59.359Z] [LUDO-EVENT] players-get-response {
  "gameId": "mt0klwrsc948p4"
}
[2026-08-19T21:06:59.360Z] [LUDO-STATE] game:mt0klwrsc948p4 {
  "gameId": "mt0klwrsc948p4",
  "snapshot": {
    "gameId": "mt0klwrsc948p4",
    "players": [
      {
        "id": 0,
        "name": "Mohammad Ikram",
        "color": "#E53935",
        "avatar": "https://res.cloudinary.com/dz88yjerw/image/upload/v1786061008/y2bgpcmceri6ogm2anvw.png",
        "cover": "https://res.cloudinary.com/dz88yjerw/image/upload/v1780098021/abtk9davy21pzff2x0cd.png",
        "profileId": "67bf1e4009395add03e1e234",
        "isActive": true,
        "pieces": [
          {
            "id": 0,
            "steps": 1,
            "isHome": false,
            "isInPlay": true
          },
          {
            "id": 1,
            "steps": 6,
            "isHome": false,
            "isInPlay": true
          },
          {
            "id": 2,
            "steps": 12,
            "isHome": false,
            "isInPlay": true
          },
          {
            "id": 3,
            "steps": 0,
            "isHome": true,
            "isInPlay": false
          }
        ],
        "isOffline": false
      },
      {
        "id": 1,
        "name": "Md Atik",
        "color": "#43A047",
        "avatar": "https://res.cloudinary.com/dz88yjerw/image/upload/v1779774308/ccut8qllcbmzl6bxx0yy.png",
        "cover": "https://res.cloudinary.com/dz88yjerw/image/upload/v1759779146/gyshxw4n76fbsohz3rcz.jpg",
        "profileId": "67e431d61e4463f7adfa544e",
        "isActive": true,
        "pieces": [
          {
            "id": 0,
            "steps": 3,
            "isHome": false,
            "isInPlay": true
          },
          {
            "id": 1,
            "steps": 5,
            "isHome": false,
            "isInPlay": true
          },
          {
            "id": 2,
            "steps": 11,
            "isHome": false,
            "isInPlay": true
          },
          {
            "id": 3,
            "steps": 7,
            "isHome": false,
            "isInPlay": true
          }
        ],
        "isOffline": false
      }
    ],
    "selectedPlayerCount": 2,
    "currentPlayer": 1,
    "diceValue": 2,
    "gameStarted": true,
    "timestamp": 1787173072598,
    "playersSeq": 30
  }
}
[2026-08-19T21:07:02.360Z] [LUDO-EVENT] players-get-response {
  "gameId": "mt0klwrsc948p4"
}
[2026-08-19T21:07:02.361Z] [LUDO-STATE] game:mt0klwrsc948p4 {
  "gameId": "mt0klwrsc948p4",
  "snapshot": {
    "gameId": "mt0klwrsc948p4",
    "players": [
      {
        "id": 0,
        "name": "Mohammad Ikram",
        "color": "#E53935",
        "avatar": "https://res.cloudinary.com/dz88yjerw/image/upload/v1786061008/y2bgpcmceri6ogm2anvw.png",
        "cover": "https://res.cloudinary.com/dz88yjerw/image/upload/v1780098021/abtk9davy21pzff2x0cd.png",
        "profileId": "67bf1e4009395add03e1e234",
        "isActive": true,
        "pieces": [
          {
            "id": 0,
            "steps": 1,
            "isHome": false,
            "isInPlay": true
          },
          {
            "id": 1,
            "steps": 6,
            "isHome": false,
            "isInPlay": true
          },
          {
            "id": 2,
            "steps": 12,
            "isHome": false,
            "isInPlay": true
          },
          {
            "id": 3,
            "steps": 0,
            "isHome": true,
            "isInPlay": false
          }
        ],
        "isOffline": false
      },
      {
        "id": 1,
        "name": "Md Atik",
        "color": "#43A047",
        "avatar": "https://res.cloudinary.com/dz88yjerw/image/upload/v1779774308/ccut8qllcbmzl6bxx0yy.png",
        "cover": "https://res.cloudinary.com/dz88yjerw/image/upload/v1759779146/gyshxw4n76fbsohz3rcz.jpg",
        "profileId": "67e431d61e4463f7adfa544e",
        "isActive": true,
        "pieces": [
          {
            "id": 0,
            "steps": 3,
            "isHome": false,
            "isInPlay": true
          },
          {
            "id": 1,
            "steps": 5,
            "isHome": false,
            "isInPlay": true
          },
          {
            "id": 2,
            "steps": 11,
            "isHome": false,
            "isInPlay": true
          },
          {
            "id": 3,
            "steps": 7,
            "isHome": false,
            "isInPlay": true
          }
        ],
        "isOffline": false
      }
    ],
    "selectedPlayerCount": 2,
    "currentPlayer": 1,
    "diceValue": 2,
    "gameStarted": true,
    "timestamp": 1787173072598,
    "playersSeq": 30
  }
}
[2026-08-19T21:07:05.360Z] [LUDO-EVENT] players-get-response {
  "gameId": "mt0klwrsc948p4"
}
[2026-08-19T21:07:05.361Z] [LUDO-STATE] game:mt0klwrsc948p4 {
  "gameId": "mt0klwrsc948p4",
  "snapshot": {
    "gameId": "mt0klwrsc948p4",
    "players": [
      {
        "id": 0,
        "name": "Mohammad Ikram",
        "color": "#E53935",
        "avatar": "https://res.cloudinary.com/dz88yjerw/image/upload/v1786061008/y2bgpcmceri6ogm2anvw.png",
        "cover": "https://res.cloudinary.com/dz88yjerw/image/upload/v1780098021/abtk9davy21pzff2x0cd.png",
        "profileId": "67bf1e4009395add03e1e234",
        "isActive": true,
        "pieces": [
          {
            "id": 0,
            "steps": 1,
            "isHome": false,
            "isInPlay": true
          },
          {
            "id": 1,
            "steps": 6,
            "isHome": false,
            "isInPlay": true
          },
          {
            "id": 2,
            "steps": 12,
            "isHome": false,
            "isInPlay": true
          },
          {
            "id": 3,
            "steps": 0,
            "isHome": true,
            "isInPlay": false
          }
        ],
        "isOffline": false
      },
      {
        "id": 1,
        "name": "Md Atik",
        "color": "#43A047",
        "avatar": "https://res.cloudinary.com/dz88yjerw/image/upload/v1779774308/ccut8qllcbmzl6bxx0yy.png",
        "cover": "https://res.cloudinary.com/dz88yjerw/image/upload/v1759779146/gyshxw4n76fbsohz3rcz.jpg",
        "profileId": "67e431d61e4463f7adfa544e",
        "isActive": true,
        "pieces": [
          {
            "id": 0,
            "steps": 3,
            "isHome": false,
            "isInPlay": true
          },
          {
            "id": 1,
            "steps": 5,
            "isHome": false,
            "isInPlay": true
          },
          {
            "id": 2,
            "steps": 11,
            "isHome": false,
            "isInPlay": true
          },
          {
            "id": 3,
            "steps": 7,
            "isHome": false,
            "isInPlay": true
          }
        ],
        "isOffline": false
      }
    ],
    "selectedPlayerCount": 2,
    "currentPlayer": 1,
    "diceValue": 2,
    "gameStarted": true,
    "timestamp": 1787173072598,
    "playersSeq": 30
  }
}
[2026-08-19T21:07:08.360Z] [LUDO-EVENT] players-get-response {
  "gameId": "mt0klwrsc948p4"
}
[2026-08-19T21:07:08.361Z] [LUDO-STATE] game:mt0klwrsc948p4 {
  "gameId": "mt0klwrsc948p4",
  "snapshot": {
    "gameId": "mt0klwrsc948p4",
    "players": [
      {
        "id": 0,
        "name": "Mohammad Ikram",
        "color": "#E53935",
        "avatar": "https://res.cloudinary.com/dz88yjerw/image/upload/v1786061008/y2bgpcmceri6ogm2anvw.png",
        "cover": "https://res.cloudinary.com/dz88yjerw/image/upload/v1780098021/abtk9davy21pzff2x0cd.png",
        "profileId": "67bf1e4009395add03e1e234",
        "isActive": true,
        "pieces": [
          {
            "id": 0,
            "steps": 1,
            "isHome": false,
            "isInPlay": true
          },
          {
            "id": 1,
            "steps": 6,
            "isHome": false,
            "isInPlay": true
          },
          {
            "id": 2,
            "steps": 12,
            "isHome": false,
            "isInPlay": true
          },
          {
            "id": 3,
            "steps": 0,
            "isHome": true,
            "isInPlay": false
          }
        ],
        "isOffline": false
      },
      {
        "id": 1,
        "name": "Md Atik",
        "color": "#43A047",
        "avatar": "https://res.cloudinary.com/dz88yjerw/image/upload/v1779774308/ccut8qllcbmzl6bxx0yy.png",
        "cover": "https://res.cloudinary.com/dz88yjerw/image/upload/v1759779146/gyshxw4n76fbsohz3rcz.jpg",
        "profileId": "67e431d61e4463f7adfa544e",
        "isActive": true,
        "pieces": [
          {
            "id": 0,
            "steps": 3,
            "isHome": false,
            "isInPlay": true
          },
          {
            "id": 1,
            "steps": 5,
            "isHome": false,
            "isInPlay": true
          },
          {
            "id": 2,
            "steps": 11,
            "isHome": false,
            "isInPlay": true
          },
          {
            "id": 3,
            "steps": 7,
            "isHome": false,
            "isInPlay": true
          }
        ],
        "isOffline": false
      }
    ],
    "selectedPlayerCount": 2,
    "currentPlayer": 1,
    "diceValue": 2,
    "gameStarted": true,
    "timestamp": 1787173072598,
    "playersSeq": 30
  }
}
[2026-08-19T21:07:11.364Z] [LUDO-EVENT] players-get-response {
  "gameId": "mt0klwrsc948p4"
}
[2026-08-19T21:07:11.366Z] [LUDO-STATE] game:mt0klwrsc948p4 {
  "gameId": "mt0klwrsc948p4",
  "snapshot": {
    "gameId": "mt0klwrsc948p4",
    "players": [
      {
        "id": 0,
        "name": "Mohammad Ikram",
        "color": "#E53935",
        "avatar": "https://res.cloudinary.com/dz88yjerw/image/upload/v1786061008/y2bgpcmceri6ogm2anvw.png",
        "cover": "https://res.cloudinary.com/dz88yjerw/image/upload/v1780098021/abtk9davy21pzff2x0cd.png",
        "profileId": "67bf1e4009395add03e1e234",
        "isActive": true,
        "pieces": [
          {
            "id": 0,
            "steps": 1,
            "isHome": false,
            "isInPlay": true
          },
          {
            "id": 1,
            "steps": 6,
            "isHome": false,
            "isInPlay": true
          },
          {
            "id": 2,
            "steps": 12,
            "isHome": false,
            "isInPlay": true
          },
          {
            "id": 3,
            "steps": 0,
            "isHome": true,
            "isInPlay": false
          }
        ],
        "isOffline": false
      },
      {
        "id": 1,
        "name": "Md Atik",
        "color": "#43A047",
        "avatar": "https://res.cloudinary.com/dz88yjerw/image/upload/v1779774308/ccut8qllcbmzl6bxx0yy.png",
        "cover": "https://res.cloudinary.com/dz88yjerw/image/upload/v1759779146/gyshxw4n76fbsohz3rcz.jpg",
        "profileId": "67e431d61e4463f7adfa544e",
        "isActive": true,
        "pieces": [
          {
            "id": 0,
            "steps": 3,
            "isHome": false,
            "isInPlay": true
          },
          {
            "id": 1,
            "steps": 5,
            "isHome": false,
            "isInPlay": true
          },
          {
            "id": 2,
            "steps": 11,
            "isHome": false,
            "isInPlay": true
          },
          {
            "id": 3,
            "steps": 7,
            "isHome": false,
            "isInPlay": true
          }
        ],
        "isOffline": false
      }
    ],
    "selectedPlayerCount": 2,
    "currentPlayer": 1,
    "diceValue": 2,
    "gameStarted": true,
    "timestamp": 1787173072598,
    "playersSeq": 30
  }
}
[2026-08-19T21:07:14.361Z] [LUDO-EVENT] players-get-response {
  "gameId": "mt0klwrsc948p4"
}
[2026-08-19T21:07:14.361Z] [LUDO-STATE] game:mt0klwrsc948p4 {
  "gameId": "mt0klwrsc948p4",
  "snapshot": {
    "gameId": "mt0klwrsc948p4",
    "players": [
      {
        "id": 0,
        "name": "Mohammad Ikram",
        "color": "#E53935",
        "avatar": "https://res.cloudinary.com/dz88yjerw/image/upload/v1786061008/y2bgpcmceri6ogm2anvw.png",
        "cover": "https://res.cloudinary.com/dz88yjerw/image/upload/v1780098021/abtk9davy21pzff2x0cd.png",
        "profileId": "67bf1e4009395add03e1e234",
        "isActive": true,
        "pieces": [
          {
            "id": 0,
            "steps": 1,
            "isHome": false,
            "isInPlay": true
          },
          {
            "id": 1,
            "steps": 6,
            "isHome": false,
            "isInPlay": true
          },
          {
            "id": 2,
            "steps": 12,
            "isHome": false,
            "isInPlay": true
          },
          {
            "id": 3,
            "steps": 0,
            "isHome": true,
            "isInPlay": false
          }
        ],
        "isOffline": false
      },
      {
        "id": 1,
        "name": "Md Atik",
        "color": "#43A047",
        "avatar": "https://res.cloudinary.com/dz88yjerw/image/upload/v1779774308/ccut8qllcbmzl6bxx0yy.png",
        "cover": "https://res.cloudinary.com/dz88yjerw/image/upload/v1759779146/gyshxw4n76fbsohz3rcz.jpg",
        "profileId": "67e431d61e4463f7adfa544e",
        "isActive": true,
        "pieces": [
          {
            "id": 0,
            "steps": 3,
            "isHome": false,
            "isInPlay": true
          },
          {
            "id": 1,
            "steps": 5,
            "isHome": false,
            "isInPlay": true
          },
          {
            "id": 2,
            "steps": 11,
            "isHome": false,
            "isInPlay": true
          },
          {
            "id": 3,
            "steps": 7,
            "isHome": false,
            "isInPlay": true
          }
        ],
        "isOffline": false
      }
    ],
    "selectedPlayerCount": 2,
    "currentPlayer": 1,
    "diceValue": 2,
    "gameStarted": true,
    "timestamp": 1787173072598,
    "playersSeq": 30
  }
}
[2026-08-19T21:07:17.361Z] [LUDO-EVENT] players-get-response {
  "gameId": "mt0klwrsc948p4"
}
[2026-08-19T21:07:17.362Z] [LUDO-STATE] game:mt0klwrsc948p4 {
  "gameId": "mt0klwrsc948p4",
  "snapshot": {
    "gameId": "mt0klwrsc948p4",
    "players": [
      {
        "id": 0,
        "name": "Mohammad Ikram",
        "color": "#E53935",
        "avatar": "https://res.cloudinary.com/dz88yjerw/image/upload/v1786061008/y2bgpcmceri6ogm2anvw.png",
        "cover": "https://res.cloudinary.com/dz88yjerw/image/upload/v1780098021/abtk9davy21pzff2x0cd.png",
        "profileId": "67bf1e4009395add03e1e234",
        "isActive": true,
        "pieces": [
          {
            "id": 0,
            "steps": 1,
            "isHome": false,
            "isInPlay": true
          },
          {
            "id": 1,
            "steps": 6,
            "isHome": false,
            "isInPlay": true
          },
          {
            "id": 2,
            "steps": 12,
            "isHome": false,
            "isInPlay": true
          },
          {
            "id": 3,
            "steps": 0,
            "isHome": true,
            "isInPlay": false
          }
        ],
        "isOffline": false
      },
      {
        "id": 1,
        "name": "Md Atik",
        "color": "#43A047",
        "avatar": "https://res.cloudinary.com/dz88yjerw/image/upload/v1779774308/ccut8qllcbmzl6bxx0yy.png",
        "cover": "https://res.cloudinary.com/dz88yjerw/image/upload/v1759779146/gyshxw4n76fbsohz3rcz.jpg",
        "profileId": "67e431d61e4463f7adfa544e",
        "isActive": true,
        "pieces": [
          {
            "id": 0,
            "steps": 3,
            "isHome": false,
            "isInPlay": true
          },
          {
            "id": 1,
            "steps": 5,
            "isHome": false,
            "isInPlay": true
          },
          {
            "id": 2,
            "steps": 11,
            "isHome": false,
            "isInPlay": true
          },
          {
            "id": 3,
            "steps": 7,
            "isHome": false,
            "isInPlay": true
          }
        ],
        "isOffline": false
      }
    ],
    "selectedPlayerCount": 2,
    "currentPlayer": 1,
    "diceValue": 2,
    "gameStarted": true,
    "timestamp": 1787173072598,
    "playersSeq": 30
  }
}
[2026-08-19T21:07:20.361Z] [LUDO-EVENT] players-get-response {
  "gameId": "mt0klwrsc948p4"
}
[2026-08-19T21:07:20.362Z] [LUDO-STATE] game:mt0klwrsc948p4 {
  "gameId": "mt0klwrsc948p4",
  "snapshot": {
    "gameId": "mt0klwrsc948p4",
    "players": [
      {
        "id": 0,
        "name": "Mohammad Ikram",
        "color": "#E53935",
        "avatar": "https://res.cloudinary.com/dz88yjerw/image/upload/v1786061008/y2bgpcmceri6ogm2anvw.png",
        "cover": "https://res.cloudinary.com/dz88yjerw/image/upload/v1780098021/abtk9davy21pzff2x0cd.png",
        "profileId": "67bf1e4009395add03e1e234",
        "isActive": true,
        "pieces": [
          {
            "id": 0,
            "steps": 1,
            "isHome": false,
            "isInPlay": true
          },
          {
            "id": 1,
            "steps": 6,
            "isHome": false,
            "isInPlay": true
          },
          {
            "id": 2,
            "steps": 12,
            "isHome": false,
            "isInPlay": true
          },
          {
            "id": 3,
            "steps": 0,
            "isHome": true,
            "isInPlay": false
          }
        ],
        "isOffline": false
      },
      {
        "id": 1,
        "name": "Md Atik",
        "color": "#43A047",
        "avatar": "https://res.cloudinary.com/dz88yjerw/image/upload/v1779774308/ccut8qllcbmzl6bxx0yy.png",
        "cover": "https://res.cloudinary.com/dz88yjerw/image/upload/v1759779146/gyshxw4n76fbsohz3rcz.jpg",
        "profileId": "67e431d61e4463f7adfa544e",
        "isActive": true,
        "pieces": [
          {
            "id": 0,
            "steps": 3,
            "isHome": false,
            "isInPlay": true
          },
          {
            "id": 1,
            "steps": 5,
            "isHome": false,
            "isInPlay": true
          },
          {
            "id": 2,
            "steps": 11,
            "isHome": false,
            "isInPlay": true
          },
          {
            "id": 3,
            "steps": 7,
            "isHome": false,
            "isInPlay": true
          }
        ],
        "isOffline": false
      }
    ],
    "selectedPlayerCount": 2,
    "currentPlayer": 1,
    "diceValue": 2,
    "gameStarted": true,
    "timestamp": 1787173072598,
    "playersSeq": 30
  }
}
[2026-08-19T21:07:23.361Z] [LUDO-EVENT] players-get-response {
  "gameId": "mt0klwrsc948p4"
}
[2026-08-19T21:07:23.362Z] [LUDO-STATE] game:mt0klwrsc948p4 {
  "gameId": "mt0klwrsc948p4",
  "snapshot": {
    "gameId": "mt0klwrsc948p4",
    "players": [
      {
        "id": 0,
        "name": "Mohammad Ikram",
        "color": "#E53935",
        "avatar": "https://res.cloudinary.com/dz88yjerw/image/upload/v1786061008/y2bgpcmceri6ogm2anvw.png",
        "cover": "https://res.cloudinary.com/dz88yjerw/image/upload/v1780098021/abtk9davy21pzff2x0cd.png",
        "profileId": "67bf1e4009395add03e1e234",
        "isActive": true,
        "pieces": [
          {
            "id": 0,
            "steps": 1,
            "isHome": false,
            "isInPlay": true
          },
          {
            "id": 1,
            "steps": 6,
            "isHome": false,
            "isInPlay": true
          },
          {
            "id": 2,
            "steps": 12,
            "isHome": false,
            "isInPlay": true
          },
          {
            "id": 3,
            "steps": 0,
            "isHome": true,
            "isInPlay": false
          }
        ],
        "isOffline": false
      },
      {
        "id": 1,
        "name": "Md Atik",
        "color": "#43A047",
        "avatar": "https://res.cloudinary.com/dz88yjerw/image/upload/v1779774308/ccut8qllcbmzl6bxx0yy.png",
        "cover": "https://res.cloudinary.com/dz88yjerw/image/upload/v1759779146/gyshxw4n76fbsohz3rcz.jpg",
        "profileId": "67e431d61e4463f7adfa544e",
        "isActive": true,
        "pieces": [
          {
            "id": 0,
            "steps": 3,
            "isHome": false,
            "isInPlay": true
          },
          {
            "id": 1,
            "steps": 5,
            "isHome": false,
            "isInPlay": true
          },
          {
            "id": 2,
            "steps": 11,
            "isHome": false,
            "isInPlay": true
          },
          {
            "id": 3,
            "steps": 7,
            "isHome": false,
            "isInPlay": true
          }
        ],
        "isOffline": false
      }
    ],
    "selectedPlayerCount": 2,
    "currentPlayer": 1,
    "diceValue": 2,
    "gameStarted": true,
    "timestamp": 1787173072598,
    "playersSeq": 30
  }
}
[2026-08-19T21:07:26.362Z] [LUDO-EVENT] players-get-response {
  "gameId": "mt0klwrsc948p4"
}
[2026-08-19T21:07:26.362Z] [LUDO-STATE] game:mt0klwrsc948p4 {
  "gameId": "mt0klwrsc948p4",
  "snapshot": {
    "gameId": "mt0klwrsc948p4",
    "players": [
      {
        "id": 0,
        "name": "Mohammad Ikram",
        "color": "#E53935",
        "avatar": "https://res.cloudinary.com/dz88yjerw/image/upload/v1786061008/y2bgpcmceri6ogm2anvw.png",
        "cover": "https://res.cloudinary.com/dz88yjerw/image/upload/v1780098021/abtk9davy21pzff2x0cd.png",
        "profileId": "67bf1e4009395add03e1e234",
        "isActive": true,
        "pieces": [
          {
            "id": 0,
            "steps": 1,
            "isHome": false,
            "isInPlay": true
          },
          {
            "id": 1,
            "steps": 6,
            "isHome": false,
            "isInPlay": true
          },
          {
            "id": 2,
            "steps": 12,
            "isHome": false,
            "isInPlay": true
          },
          {
            "id": 3,
            "steps": 0,
            "isHome": true,
            "isInPlay": false
          }
        ],
        "isOffline": false
      },
      {
        "id": 1,
        "name": "Md Atik",
        "color": "#43A047",
        "avatar": "https://res.cloudinary.com/dz88yjerw/image/upload/v1779774308/ccut8qllcbmzl6bxx0yy.png",
        "cover": "https://res.cloudinary.com/dz88yjerw/image/upload/v1759779146/gyshxw4n76fbsohz3rcz.jpg",
        "profileId": "67e431d61e4463f7adfa544e",
        "isActive": true,
        "pieces": [
          {
            "id": 0,
            "steps": 3,
            "isHome": false,
            "isInPlay": true
          },
          {
            "id": 1,
            "steps": 5,
            "isHome": false,
            "isInPlay": true
          },
          {
            "id": 2,
            "steps": 11,
            "isHome": false,
            "isInPlay": true
          },
          {
            "id": 3,
            "steps": 7,
            "isHome": false,
            "isInPlay": true
          }
        ],
        "isOffline": false
      }
    ],
    "selectedPlayerCount": 2,
    "currentPlayer": 1,
    "diceValue": 2,
    "gameStarted": true,
    "timestamp": 1787173072598,
    "playersSeq": 30
  }
}
[2026-08-19T21:07:29.382Z] [LUDO-EVENT] players-get-response {
  "gameId": "mt0klwrsc948p4"
}
[2026-08-19T21:07:29.382Z] [LUDO-STATE] game:mt0klwrsc948p4 {
  "gameId": "mt0klwrsc948p4",
  "snapshot": {
    "gameId": "mt0klwrsc948p4",
    "players": [
      {
        "id": 0,
        "name": "Mohammad Ikram",
        "color": "#E53935",
        "avatar": "https://res.cloudinary.com/dz88yjerw/image/upload/v1786061008/y2bgpcmceri6ogm2anvw.png",
        "cover": "https://res.cloudinary.com/dz88yjerw/image/upload/v1780098021/abtk9davy21pzff2x0cd.png",
        "profileId": "67bf1e4009395add03e1e234",
        "isActive": true,
        "pieces": [
          {
            "id": 0,
            "steps": 1,
            "isHome": false,
            "isInPlay": true
          },
          {
            "id": 1,
            "steps": 6,
            "isHome": false,
            "isInPlay": true
          },
          {
            "id": 2,
            "steps": 12,
            "isHome": false,
            "isInPlay": true
          },
          {
            "id": 3,
            "steps": 0,
            "isHome": true,
            "isInPlay": false
          }
        ],
        "isOffline": false
      },
      {
        "id": 1,
        "name": "Md Atik",
        "color": "#43A047",
        "avatar": "https://res.cloudinary.com/dz88yjerw/image/upload/v1779774308/ccut8qllcbmzl6bxx0yy.png",
        "cover": "https://res.cloudinary.com/dz88yjerw/image/upload/v1759779146/gyshxw4n76fbsohz3rcz.jpg",
        "profileId": "67e431d61e4463f7adfa544e",
        "isActive": true,
        "pieces": [
          {
            "id": 0,
            "steps": 3,
            "isHome": false,
            "isInPlay": true
          },
          {
            "id": 1,
            "steps": 5,
            "isHome": false,
            "isInPlay": true
          },
          {
            "id": 2,
            "steps": 11,
            "isHome": false,
            "isInPlay": true
          },
          {
            "id": 3,
            "steps": 7,
            "isHome": false,
            "isInPlay": true
          }
        ],
        "isOffline": false
      }
    ],
    "selectedPlayerCount": 2,
    "currentPlayer": 1,
    "diceValue": 2,
    "gameStarted": true,
    "timestamp": 1787173072598,
    "playersSeq": 30
  }
}
[2026-08-19T21:07:32.380Z] [LUDO-EVENT] players-get-response {
  "gameId": "mt0klwrsc948p4"
}
[2026-08-19T21:07:32.381Z] [LUDO-STATE] game:mt0klwrsc948p4 {
  "gameId": "mt0klwrsc948p4",
  "snapshot": {
    "gameId": "mt0klwrsc948p4",
    "players": [
      {
        "id": 0,
        "name": "Mohammad Ikram",
        "color": "#E53935",
        "avatar": "https://res.cloudinary.com/dz88yjerw/image/upload/v1786061008/y2bgpcmceri6ogm2anvw.png",
        "cover": "https://res.cloudinary.com/dz88yjerw/image/upload/v1780098021/abtk9davy21pzff2x0cd.png",
        "profileId": "67bf1e4009395add03e1e234",
        "isActive": true,
        "pieces": [
          {
            "id": 0,
            "steps": 1,
            "isHome": false,
            "isInPlay": true
          },
          {
            "id": 1,
            "steps": 6,
            "isHome": false,
            "isInPlay": true
          },
          {
            "id": 2,
            "steps": 12,
            "isHome": false,
            "isInPlay": true
          },
          {
            "id": 3,
            "steps": 0,
            "isHome": true,
            "isInPlay": false
          }
        ],
        "isOffline": false
      },
      {
        "id": 1,
        "name": "Md Atik",
        "color": "#43A047",
        "avatar": "https://res.cloudinary.com/dz88yjerw/image/upload/v1779774308/ccut8qllcbmzl6bxx0yy.png",
        "cover": "https://res.cloudinary.com/dz88yjerw/image/upload/v1759779146/gyshxw4n76fbsohz3rcz.jpg",
        "profileId": "67e431d61e4463f7adfa544e",
        "isActive": true,
        "pieces": [
          {
            "id": 0,
            "steps": 3,
            "isHome": false,
            "isInPlay": true
          },
          {
            "id": 1,
            "steps": 5,
            "isHome": false,
            "isInPlay": true
          },
          {
            "id": 2,
            "steps": 11,
            "isHome": false,
            "isInPlay": true
          },
          {
            "id": 3,
            "steps": 7,
            "isHome": false,
            "isInPlay": true
          }
        ],
        "isOffline": false
      }
    ],
    "selectedPlayerCount": 2,
    "currentPlayer": 1,
    "diceValue": 2,
    "gameStarted": true,
    "timestamp": 1787173072598,
    "playersSeq": 30
  }
}
[2026-08-19T21:07:35.380Z] [LUDO-EVENT] players-get-response {
  "gameId": "mt0klwrsc948p4"
}
[2026-08-19T21:07:35.381Z] [LUDO-STATE] game:mt0klwrsc948p4 {
  "gameId": "mt0klwrsc948p4",
  "snapshot": {
    "gameId": "mt0klwrsc948p4",
    "players": [
      {
        "id": 0,
        "name": "Mohammad Ikram",
        "color": "#E53935",
        "avatar": "https://res.cloudinary.com/dz88yjerw/image/upload/v1786061008/y2bgpcmceri6ogm2anvw.png",
        "cover": "https://res.cloudinary.com/dz88yjerw/image/upload/v1780098021/abtk9davy21pzff2x0cd.png",
        "profileId": "67bf1e4009395add03e1e234",
        "isActive": true,
        "pieces": [
          {
            "id": 0,
            "steps": 1,
            "isHome": false,
            "isInPlay": true
          },
          {
            "id": 1,
            "steps": 6,
            "isHome": false,
            "isInPlay": true
          },
          {
            "id": 2,
            "steps": 12,
            "isHome": false,
            "isInPlay": true
          },
          {
            "id": 3,
            "steps": 0,
            "isHome": true,
            "isInPlay": false
          }
        ],
        "isOffline": false
      },
      {
        "id": 1,
        "name": "Md Atik",
        "color": "#43A047",
        "avatar": "https://res.cloudinary.com/dz88yjerw/image/upload/v1779774308/ccut8qllcbmzl6bxx0yy.png",
        "cover": "https://res.cloudinary.com/dz88yjerw/image/upload/v1759779146/gyshxw4n76fbsohz3rcz.jpg",
        "profileId": "67e431d61e4463f7adfa544e",
        "isActive": true,
        "pieces": [
          {
            "id": 0,
            "steps": 3,
            "isHome": false,
            "isInPlay": true
          },
          {
            "id": 1,
            "steps": 5,
            "isHome": false,
            "isInPlay": true
          },
          {
            "id": 2,
            "steps": 11,
            "isHome": false,
            "isInPlay": true
          },
          {
            "id": 3,
            "steps": 7,
            "isHome": false,
            "isInPlay": true
          }
        ],
        "isOffline": false
      }
    ],
    "selectedPlayerCount": 2,
    "currentPlayer": 1,
    "diceValue": 2,
    "gameStarted": true,
    "timestamp": 1787173072598,
    "playersSeq": 30
  }
}
[2026-08-19T21:07:38.380Z] [LUDO-EVENT] players-get-response {
  "gameId": "mt0klwrsc948p4"
}
[2026-08-19T21:07:38.381Z] [LUDO-STATE] game:mt0klwrsc948p4 {
  "gameId": "mt0klwrsc948p4",
  "snapshot": {
    "gameId": "mt0klwrsc948p4",
    "players": [
      {
        "id": 0,
        "name": "Mohammad Ikram",
        "color": "#E53935",
        "avatar": "https://res.cloudinary.com/dz88yjerw/image/upload/v1786061008/y2bgpcmceri6ogm2anvw.png",
        "cover": "https://res.cloudinary.com/dz88yjerw/image/upload/v1780098021/abtk9davy21pzff2x0cd.png",
        "profileId": "67bf1e4009395add03e1e234",
        "isActive": true,
        "pieces": [
          {
            "id": 0,
            "steps": 1,
            "isHome": false,
            "isInPlay": true
          },
          {
            "id": 1,
            "steps": 6,
            "isHome": false,
            "isInPlay": true
          },
          {
            "id": 2,
            "steps": 12,
            "isHome": false,
            "isInPlay": true
          },
          {
            "id": 3,
            "steps": 0,
            "isHome": true,
            "isInPlay": false
          }
        ],
        "isOffline": false
      },
      {
        "id": 1,
        "name": "Md Atik",
        "color": "#43A047",
        "avatar": "https://res.cloudinary.com/dz88yjerw/image/upload/v1779774308/ccut8qllcbmzl6bxx0yy.png",
        "cover": "https://res.cloudinary.com/dz88yjerw/image/upload/v1759779146/gyshxw4n76fbsohz3rcz.jpg",
        "profileId": "67e431d61e4463f7adfa544e",
        "isActive": true,
        "pieces": [
          {
            "id": 0,
            "steps": 3,
            "isHome": false,
            "isInPlay": true
          },
          {
            "id": 1,
            "steps": 5,
            "isHome": false,
            "isInPlay": true
          },
          {
            "id": 2,
            "steps": 11,
            "isHome": false,
            "isInPlay": true
          },
          {
            "id": 3,
            "steps": 7,
            "isHome": false,
            "isInPlay": true
          }
        ],
        "isOffline": false
      }
    ],
    "selectedPlayerCount": 2,
    "currentPlayer": 1,
    "diceValue": 2,
    "gameStarted": true,
    "timestamp": 1787173072598,
    "playersSeq": 30
  }
}
[2026-08-19T21:07:41.381Z] [LUDO-EVENT] players-get-response {
  "gameId": "mt0klwrsc948p4"
}
[2026-08-19T21:07:41.381Z] [LUDO-STATE] game:mt0klwrsc948p4 {
  "gameId": "mt0klwrsc948p4",
  "snapshot": {
    "gameId": "mt0klwrsc948p4",
    "players": [
      {
        "id": 0,
        "name": "Mohammad Ikram",
        "color": "#E53935",
        "avatar": "https://res.cloudinary.com/dz88yjerw/image/upload/v1786061008/y2bgpcmceri6ogm2anvw.png",
        "cover": "https://res.cloudinary.com/dz88yjerw/image/upload/v1780098021/abtk9davy21pzff2x0cd.png",
        "profileId": "67bf1e4009395add03e1e234",
        "isActive": true,
        "pieces": [
          {
            "id": 0,
            "steps": 1,
            "isHome": false,
            "isInPlay": true
          },
          {
            "id": 1,
            "steps": 6,
            "isHome": false,
            "isInPlay": true
          },
          {
            "id": 2,
            "steps": 12,
            "isHome": false,
            "isInPlay": true
          },
          {
            "id": 3,
            "steps": 0,
            "isHome": true,
            "isInPlay": false
          }
        ],
        "isOffline": false
      },
      {
        "id": 1,
        "name": "Md Atik",
        "color": "#43A047",
        "avatar": "https://res.cloudinary.com/dz88yjerw/image/upload/v1779774308/ccut8qllcbmzl6bxx0yy.png",
        "cover": "https://res.cloudinary.com/dz88yjerw/image/upload/v1759779146/gyshxw4n76fbsohz3rcz.jpg",
        "profileId": "67e431d61e4463f7adfa544e",
        "isActive": true,
        "pieces": [
          {
            "id": 0,
            "steps": 3,
            "isHome": false,
            "isInPlay": true
          },
          {
            "id": 1,
            "steps": 5,
            "isHome": false,
            "isInPlay": true
          },
          {
            "id": 2,
            "steps": 11,
            "isHome": false,
            "isInPlay": true
          },
          {
            "id": 3,
            "steps": 7,
            "isHome": false,
            "isInPlay": true
          }
        ],
        "isOffline": false
      }
    ],
    "selectedPlayerCount": 2,
    "currentPlayer": 1,
    "diceValue": 2,
    "gameStarted": true,
    "timestamp": 1787173072598,
    "playersSeq": 30
  }
}
[2026-08-19T21:07:44.381Z] [LUDO-EVENT] players-get-response {
  "gameId": "mt0klwrsc948p4"
}
[2026-08-19T21:07:44.381Z] [LUDO-STATE] game:mt0klwrsc948p4 {
  "gameId": "mt0klwrsc948p4",
  "snapshot": {
    "gameId": "mt0klwrsc948p4",
    "players": [
      {
        "id": 0,
        "name": "Mohammad Ikram",
        "color": "#E53935",
        "avatar": "https://res.cloudinary.com/dz88yjerw/image/upload/v1786061008/y2bgpcmceri6ogm2anvw.png",
        "cover": "https://res.cloudinary.com/dz88yjerw/image/upload/v1780098021/abtk9davy21pzff2x0cd.png",
        "profileId": "67bf1e4009395add03e1e234",
        "isActive": true,
        "pieces": [
          {
            "id": 0,
            "steps": 1,
            "isHome": false,
            "isInPlay": true
          },
          {
            "id": 1,
            "steps": 6,
            "isHome": false,
            "isInPlay": true
          },
          {
            "id": 2,
            "steps": 12,
            "isHome": false,
            "isInPlay": true
          },
          {
            "id": 3,
            "steps": 0,
            "isHome": true,
            "isInPlay": false
          }
        ],
        "isOffline": false
      },
      {
        "id": 1,
        "name": "Md Atik",
        "color": "#43A047",
        "avatar": "https://res.cloudinary.com/dz88yjerw/image/upload/v1779774308/ccut8qllcbmzl6bxx0yy.png",
        "cover": "https://res.cloudinary.com/dz88yjerw/image/upload/v1759779146/gyshxw4n76fbsohz3rcz.jpg",
        "profileId": "67e431d61e4463f7adfa544e",
        "isActive": true,
        "pieces": [
          {
            "id": 0,
            "steps": 3,
            "isHome": false,
            "isInPlay": true
          },
          {
            "id": 1,
            "steps": 5,
            "isHome": false,
            "isInPlay": true
          },
          {
            "id": 2,
            "steps": 11,
            "isHome": false,
            "isInPlay": true
          },
          {
            "id": 3,
            "steps": 7,
            "isHome": false,
            "isInPlay": true
          }
        ],
        "isOffline": false
      }
    ],
    "selectedPlayerCount": 2,
    "currentPlayer": 1,
    "diceValue": 2,
    "gameStarted": true,
    "timestamp": 1787173072598,
    "playersSeq": 30
  }
}
[2026-08-19T21:07:47.383Z] [LUDO-EVENT] players-get-response {
  "gameId": "mt0klwrsc948p4"
}
[2026-08-19T21:07:47.384Z] [LUDO-STATE] game:mt0klwrsc948p4 {
  "gameId": "mt0klwrsc948p4",
  "snapshot": {
    "gameId": "mt0klwrsc948p4",
    "players": [
      {
        "id": 0,
        "name": "Mohammad Ikram",
        "color": "#E53935",
        "avatar": "https://res.cloudinary.com/dz88yjerw/image/upload/v1786061008/y2bgpcmceri6ogm2anvw.png",
        "cover": "https://res.cloudinary.com/dz88yjerw/image/upload/v1780098021/abtk9davy21pzff2x0cd.png",
        "profileId": "67bf1e4009395add03e1e234",
        "isActive": true,
        "pieces": [
          {
            "id": 0,
            "steps": 1,
            "isHome": false,
            "isInPlay": true
          },
          {
            "id": 1,
            "steps": 6,
            "isHome": false,
            "isInPlay": true
          },
          {
            "id": 2,
            "steps": 12,
            "isHome": false,
            "isInPlay": true
          },
          {
            "id": 3,
            "steps": 0,
            "isHome": true,
            "isInPlay": false
          }
        ],
        "isOffline": false
      },
      {
        "id": 1,
        "name": "Md Atik",
        "color": "#43A047",
        "avatar": "https://res.cloudinary.com/dz88yjerw/image/upload/v1779774308/ccut8qllcbmzl6bxx0yy.png",
        "cover": "https://res.cloudinary.com/dz88yjerw/image/upload/v1759779146/gyshxw4n76fbsohz3rcz.jpg",
        "profileId": "67e431d61e4463f7adfa544e",
        "isActive": true,
        "pieces": [
          {
            "id": 0,
            "steps": 3,
            "isHome": false,
            "isInPlay": true
          },
          {
            "id": 1,
            "steps": 5,
            "isHome": false,
            "isInPlay": true
          },
          {
            "id": 2,
            "steps": 11,
            "isHome": false,
            "isInPlay": true
          },
          {
            "id": 3,
            "steps": 7,
            "isHome": false,
            "isInPlay": true
          }
        ],
        "isOffline": false
      }
    ],
    "selectedPlayerCount": 2,
    "currentPlayer": 1,
    "diceValue": 2,
    "gameStarted": true,
    "timestamp": 1787173072598,
    "playersSeq": 30
  }
}
[2026-08-19T21:07:50.385Z] [LUDO-EVENT] players-get-response {
  "gameId": "mt0klwrsc948p4"
}
[2026-08-19T21:07:50.386Z] [LUDO-STATE] game:mt0klwrsc948p4 {
  "gameId": "mt0klwrsc948p4",
  "snapshot": {
    "gameId": "mt0klwrsc948p4",
    "players": [
      {
        "id": 0,
        "name": "Mohammad Ikram",
        "color": "#E53935",
        "avatar": "https://res.cloudinary.com/dz88yjerw/image/upload/v1786061008/y2bgpcmceri6ogm2anvw.png",
        "cover": "https://res.cloudinary.com/dz88yjerw/image/upload/v1780098021/abtk9davy21pzff2x0cd.png",
        "profileId": "67bf1e4009395add03e1e234",
        "isActive": true,
        "pieces": [
          {
            "id": 0,
            "steps": 1,
            "isHome": false,
            "isInPlay": true
          },
          {
            "id": 1,
            "steps": 6,
            "isHome": false,
            "isInPlay": true
          },
          {
            "id": 2,
            "steps": 12,
            "isHome": false,
            "isInPlay": true
          },
          {
            "id": 3,
            "steps": 0,
            "isHome": true,
            "isInPlay": false
          }
        ],
        "isOffline": false
      },
      {
        "id": 1,
        "name": "Md Atik",
        "color": "#43A047",
        "avatar": "https://res.cloudinary.com/dz88yjerw/image/upload/v1779774308/ccut8qllcbmzl6bxx0yy.png",
        "cover": "https://res.cloudinary.com/dz88yjerw/image/upload/v1759779146/gyshxw4n76fbsohz3rcz.jpg",
        "profileId": "67e431d61e4463f7adfa544e",
        "isActive": true,
        "pieces": [
          {
            "id": 0,
            "steps": 3,
            "isHome": false,
            "isInPlay": true
          },
          {
            "id": 1,
            "steps": 5,
            "isHome": false,
            "isInPlay": true
          },
          {
            "id": 2,
            "steps": 11,
            "isHome": false,
            "isInPlay": true
          },
          {
            "id": 3,
            "steps": 7,
            "isHome": false,
            "isInPlay": true
          }
        ],
        "isOffline": false
      }
    ],
    "selectedPlayerCount": 2,
    "currentPlayer": 1,
    "diceValue": 2,
    "gameStarted": true,
    "timestamp": 1787173072598,
    "playersSeq": 30
  }
}
[2026-08-19T21:07:53.387Z] [LUDO-EVENT] players-get-response {
  "gameId": "mt0klwrsc948p4"
}
[2026-08-19T21:07:53.387Z] [LUDO-STATE] game:mt0klwrsc948p4 {
  "gameId": "mt0klwrsc948p4",
  "snapshot": {
    "gameId": "mt0klwrsc948p4",
    "players": [
      {
        "id": 0,
        "name": "Mohammad Ikram",
        "color": "#E53935",
        "avatar": "https://res.cloudinary.com/dz88yjerw/image/upload/v1786061008/y2bgpcmceri6ogm2anvw.png",
        "cover": "https://res.cloudinary.com/dz88yjerw/image/upload/v1780098021/abtk9davy21pzff2x0cd.png",
        "profileId": "67bf1e4009395add03e1e234",
        "isActive": true,
        "pieces": [
          {
            "id": 0,
            "steps": 1,
            "isHome": false,
            "isInPlay": true
          },
          {
            "id": 1,
            "steps": 6,
            "isHome": false,
            "isInPlay": true
          },
          {
            "id": 2,
            "steps": 12,
            "isHome": false,
            "isInPlay": true
          },
          {
            "id": 3,
            "steps": 0,
            "isHome": true,
            "isInPlay": false
          }
        ],
        "isOffline": false
      },
      {
        "id": 1,
        "name": "Md Atik",
        "color": "#43A047",
        "avatar": "https://res.cloudinary.com/dz88yjerw/image/upload/v1779774308/ccut8qllcbmzl6bxx0yy.png",
        "cover": "https://res.cloudinary.com/dz88yjerw/image/upload/v1759779146/gyshxw4n76fbsohz3rcz.jpg",
        "profileId": "67e431d61e4463f7adfa544e",
        "isActive": true,
        "pieces": [
          {
            "id": 0,
            "steps": 3,
            "isHome": false,
            "isInPlay": true
          },
          {
            "id": 1,
            "steps": 5,
            "isHome": false,
            "isInPlay": true
          },
          {
            "id": 2,
            "steps": 11,
            "isHome": false,
            "isInPlay": true
          },
          {
            "id": 3,
            "steps": 7,
            "isHome": false,
            "isInPlay": true
          }
        ],
        "isOffline": false
      }
    ],
    "selectedPlayerCount": 2,
    "currentPlayer": 1,
    "diceValue": 2,
    "gameStarted": true,
    "timestamp": 1787173072598,
    "playersSeq": 30
  }
}
[2026-08-19T21:07:56.387Z] [LUDO-EVENT] players-get-response {
  "gameId": "mt0klwrsc948p4"
}
[2026-08-19T21:07:56.388Z] [LUDO-STATE] game:mt0klwrsc948p4 {
  "gameId": "mt0klwrsc948p4",
  "snapshot": {
    "gameId": "mt0klwrsc948p4",
    "players": [
      {
        "id": 0,
        "name": "Mohammad Ikram",
        "color": "#E53935",
        "avatar": "https://res.cloudinary.com/dz88yjerw/image/upload/v1786061008/y2bgpcmceri6ogm2anvw.png",
        "cover": "https://res.cloudinary.com/dz88yjerw/image/upload/v1780098021/abtk9davy21pzff2x0cd.png",
        "profileId": "67bf1e4009395add03e1e234",
        "isActive": true,
        "pieces": [
          {
            "id": 0,
            "steps": 1,
            "isHome": false,
            "isInPlay": true
          },
          {
            "id": 1,
            "steps": 6,
            "isHome": false,
            "isInPlay": true
          },
          {
            "id": 2,
            "steps": 12,
            "isHome": false,
            "isInPlay": true
          },
          {
            "id": 3,
            "steps": 0,
            "isHome": true,
            "isInPlay": false
          }
        ],
        "isOffline": false
      },
      {
        "id": 1,
        "name": "Md Atik",
        "color": "#43A047",
        "avatar": "https://res.cloudinary.com/dz88yjerw/image/upload/v1779774308/ccut8qllcbmzl6bxx0yy.png",
        "cover": "https://res.cloudinary.com/dz88yjerw/image/upload/v1759779146/gyshxw4n76fbsohz3rcz.jpg",
        "profileId": "67e431d61e4463f7adfa544e",
        "isActive": true,
        "pieces": [
          {
            "id": 0,
            "steps": 3,
            "isHome": false,
            "isInPlay": true
          },
          {
            "id": 1,
            "steps": 5,
            "isHome": false,
            "isInPlay": true
          },
          {
            "id": 2,
            "steps": 11,
            "isHome": false,
            "isInPlay": true
          },
          {
            "id": 3,
            "steps": 7,
            "isHome": false,
            "isInPlay": true
          }
        ],
        "isOffline": false
      }
    ],
    "selectedPlayerCount": 2,
    "currentPlayer": 1,
    "diceValue": 2,
    "gameStarted": true,
    "timestamp": 1787173072598,
    "playersSeq": 30
  }
}
[2026-08-19T21:31:20.602Z] [LUDO-EVENT] accept {
  "socketId": "QM_gsG1p1yixDrnbAAAK",
  "effectiveProfileId": "67e431d61e4463f7adfa544e",
  "payload": {
    "gameId": "mt0lw75w7xs6u4",
    "slotIndex": 1,
    "friend": {
      "_id": "67e431d61e4463f7adfa544e",
      "fullName": "Md Atik",
      "profilePic": "https://res.cloudinary.com/dz88yjerw/image/upload/v1779774308/ccut8qllcbmzl6bxx0yy.png",
      "coverPic": "https://res.cloudinary.com/dz88yjerw/image/upload/v1759779146/gyshxw4n76fbsohz3rcz.jpg"
    },
    "from": "67bf1e4009395add03e1e234"
  },
  "room": "ludo_mt0lw75w7xs6u4",
  "roomSize": 1
}
[2026-08-19T21:31:20.627Z] [LUDO-EVENT] accepted-emitted {
  "room": "ludo_mt0lw75w7xs6u4",
  "roomSize": 1,
  "payload": {
    "gameId": "mt0lw75w7xs6u4",
    "slotIndex": 1,
    "friend": {
      "_id": "67e431d61e4463f7adfa544e",
      "fullName": "Md Atik",
      "profilePic": "https://res.cloudinary.com/dz88yjerw/image/upload/v1779774308/ccut8qllcbmzl6bxx0yy.png",
      "coverPic": "https://res.cloudinary.com/dz88yjerw/image/upload/v1759779146/gyshxw4n76fbsohz3rcz.jpg"
    },
    "from": "67bf1e4009395add03e1e234",
    "serverTs": 1787175080626
  }
}
[2026-08-19T21:31:23.468Z] [LUDO-EVENT] accept {
  "socketId": "QM_gsG1p1yixDrnbAAAK",
  "effectiveProfileId": "67e431d61e4463f7adfa544e",
  "payload": {
    "gameId": "mt0lw75w7xs6u4",
    "slotIndex": 1,
    "friend": {
      "_id": "67e431d61e4463f7adfa544e",
      "fullName": "Md Atik",
      "profilePic": "https://res.cloudinary.com/dz88yjerw/image/upload/v1779774308/ccut8qllcbmzl6bxx0yy.png",
      "coverPic": "https://res.cloudinary.com/dz88yjerw/image/upload/v1759779146/gyshxw4n76fbsohz3rcz.jpg"
    },
    "from": "67bf1e4009395add03e1e234"
  },
  "room": "ludo_mt0lw75w7xs6u4",
  "roomSize": 1
}
[2026-08-19T21:31:23.473Z] [LUDO-EVENT] accepted-emitted {
  "room": "ludo_mt0lw75w7xs6u4",
  "roomSize": 1,
  "payload": {
    "gameId": "mt0lw75w7xs6u4",
    "slotIndex": 1,
    "friend": {
      "_id": "67e431d61e4463f7adfa544e",
      "fullName": "Md Atik",
      "profilePic": "https://res.cloudinary.com/dz88yjerw/image/upload/v1779774308/ccut8qllcbmzl6bxx0yy.png",
      "coverPic": "https://res.cloudinary.com/dz88yjerw/image/upload/v1759779146/gyshxw4n76fbsohz3rcz.jpg"
    },
    "from": "67bf1e4009395add03e1e234",
    "serverTs": 1787175083472
  }
}
[2026-08-19T21:31:24.517Z] [LUDO-EVENT] accept {
  "socketId": "QM_gsG1p1yixDrnbAAAK",
  "effectiveProfileId": "67e431d61e4463f7adfa544e",
  "payload": {
    "gameId": "mt0lw75w7xs6u4",
    "slotIndex": 1,
    "friend": {
      "_id": "67e431d61e4463f7adfa544e",
      "fullName": "Md Atik",
      "profilePic": "https://res.cloudinary.com/dz88yjerw/image/upload/v1779774308/ccut8qllcbmzl6bxx0yy.png",
      "coverPic": "https://res.cloudinary.com/dz88yjerw/image/upload/v1759779146/gyshxw4n76fbsohz3rcz.jpg"
    },
    "from": "67bf1e4009395add03e1e234"
  },
  "room": "ludo_mt0lw75w7xs6u4",
  "roomSize": 1
}
[2026-08-19T21:31:24.529Z] [LUDO-EVENT] accepted-emitted {
  "room": "ludo_mt0lw75w7xs6u4",
  "roomSize": 1,
  "payload": {
    "gameId": "mt0lw75w7xs6u4",
    "slotIndex": 1,
    "friend": {
      "_id": "67e431d61e4463f7adfa544e",
      "fullName": "Md Atik",
      "profilePic": "https://res.cloudinary.com/dz88yjerw/image/upload/v1779774308/ccut8qllcbmzl6bxx0yy.png",
      "coverPic": "https://res.cloudinary.com/dz88yjerw/image/upload/v1759779146/gyshxw4n76fbsohz3rcz.jpg"
    },
    "from": "67bf1e4009395add03e1e234",
    "serverTs": 1787175084526
  }
}
[2026-08-19T21:31:25.107Z] [LUDO-EVENT] accept {
  "socketId": "QM_gsG1p1yixDrnbAAAK",
  "effectiveProfileId": "67e431d61e4463f7adfa544e",
  "payload": {
    "gameId": "mt0lw75w7xs6u4",
    "slotIndex": 1,
    "friend": {
      "_id": "67e431d61e4463f7adfa544e",
      "fullName": "Md Atik",
      "profilePic": "https://res.cloudinary.com/dz88yjerw/image/upload/v1779774308/ccut8qllcbmzl6bxx0yy.png",
      "coverPic": "https://res.cloudinary.com/dz88yjerw/image/upload/v1759779146/gyshxw4n76fbsohz3rcz.jpg"
    },
    "from": "67bf1e4009395add03e1e234"
  },
  "room": "ludo_mt0lw75w7xs6u4",
  "roomSize": 1
}
[2026-08-19T21:31:25.112Z] [LUDO-EVENT] accepted-emitted {
  "room": "ludo_mt0lw75w7xs6u4",
  "roomSize": 1,
  "payload": {
    "gameId": "mt0lw75w7xs6u4",
    "slotIndex": 1,
    "friend": {
      "_id": "67e431d61e4463f7adfa544e",
      "fullName": "Md Atik",
      "profilePic": "https://res.cloudinary.com/dz88yjerw/image/upload/v1779774308/ccut8qllcbmzl6bxx0yy.png",
      "coverPic": "https://res.cloudinary.com/dz88yjerw/image/upload/v1759779146/gyshxw4n76fbsohz3rcz.jpg"
    },
    "from": "67bf1e4009395add03e1e234",
    "serverTs": 1787175085111
  }
}
[2026-08-19T21:31:25.562Z] [LUDO-EVENT] accept {
  "socketId": "QM_gsG1p1yixDrnbAAAK",
  "effectiveProfileId": "67e431d61e4463f7adfa544e",
  "payload": {
    "gameId": "mt0lw75w7xs6u4",
    "slotIndex": 1,
    "friend": {
      "_id": "67e431d61e4463f7adfa544e",
      "fullName": "Md Atik",
      "profilePic": "https://res.cloudinary.com/dz88yjerw/image/upload/v1779774308/ccut8qllcbmzl6bxx0yy.png",
      "coverPic": "https://res.cloudinary.com/dz88yjerw/image/upload/v1759779146/gyshxw4n76fbsohz3rcz.jpg"
    },
    "from": "67bf1e4009395add03e1e234"
  },
  "room": "ludo_mt0lw75w7xs6u4",
  "roomSize": 1
}
[2026-08-19T21:31:25.586Z] [LUDO-EVENT] accepted-emitted {
  "room": "ludo_mt0lw75w7xs6u4",
  "roomSize": 1,
  "payload": {
    "gameId": "mt0lw75w7xs6u4",
    "slotIndex": 1,
    "friend": {
      "_id": "67e431d61e4463f7adfa544e",
      "fullName": "Md Atik",
      "profilePic": "https://res.cloudinary.com/dz88yjerw/image/upload/v1779774308/ccut8qllcbmzl6bxx0yy.png",
      "coverPic": "https://res.cloudinary.com/dz88yjerw/image/upload/v1759779146/gyshxw4n76fbsohz3rcz.jpg"
    },
    "from": "67bf1e4009395add03e1e234",
    "serverTs": 1787175085570
  }
}
[2026-08-19T21:31:25.852Z] [LUDO-EVENT] accept {
  "socketId": "QM_gsG1p1yixDrnbAAAK",
  "effectiveProfileId": "67e431d61e4463f7adfa544e",
  "payload": {
    "gameId": "mt0lw75w7xs6u4",
    "slotIndex": 1,
    "friend": {
      "_id": "67e431d61e4463f7adfa544e",
      "fullName": "Md Atik",
      "profilePic": "https://res.cloudinary.com/dz88yjerw/image/upload/v1779774308/ccut8qllcbmzl6bxx0yy.png",
      "coverPic": "https://res.cloudinary.com/dz88yjerw/image/upload/v1759779146/gyshxw4n76fbsohz3rcz.jpg"
    },
    "from": "67bf1e4009395add03e1e234"
  },
  "room": "ludo_mt0lw75w7xs6u4",
  "roomSize": 1
}
[2026-08-19T21:31:25.868Z] [LUDO-EVENT] accepted-emitted {
  "room": "ludo_mt0lw75w7xs6u4",
  "roomSize": 1,
  "payload": {
    "gameId": "mt0lw75w7xs6u4",
    "slotIndex": 1,
    "friend": {
      "_id": "67e431d61e4463f7adfa544e",
      "fullName": "Md Atik",
      "profilePic": "https://res.cloudinary.com/dz88yjerw/image/upload/v1779774308/ccut8qllcbmzl6bxx0yy.png",
      "coverPic": "https://res.cloudinary.com/dz88yjerw/image/upload/v1759779146/gyshxw4n76fbsohz3rcz.jpg"
    },
    "from": "67bf1e4009395add03e1e234",
    "serverTs": 1787175085867
  }
}
[2026-08-19T21:31:25.993Z] [LUDO-EVENT] accept {
  "socketId": "QM_gsG1p1yixDrnbAAAK",
  "effectiveProfileId": "67e431d61e4463f7adfa544e",
  "payload": {
    "gameId": "mt0lw75w7xs6u4",
    "slotIndex": 1,
    "friend": {
      "_id": "67e431d61e4463f7adfa544e",
      "fullName": "Md Atik",
      "profilePic": "https://res.cloudinary.com/dz88yjerw/image/upload/v1779774308/ccut8qllcbmzl6bxx0yy.png",
      "coverPic": "https://res.cloudinary.com/dz88yjerw/image/upload/v1759779146/gyshxw4n76fbsohz3rcz.jpg"
    },
    "from": "67bf1e4009395add03e1e234"
  },
  "room": "ludo_mt0lw75w7xs6u4",
  "roomSize": 1
}
[2026-08-19T21:31:26.012Z] [LUDO-EVENT] accepted-emitted {
  "room": "ludo_mt0lw75w7xs6u4",
  "roomSize": 1,
  "payload": {
    "gameId": "mt0lw75w7xs6u4",
    "slotIndex": 1,
    "friend": {
      "_id": "67e431d61e4463f7adfa544e",
      "fullName": "Md Atik",
      "profilePic": "https://res.cloudinary.com/dz88yjerw/image/upload/v1779774308/ccut8qllcbmzl6bxx0yy.png",
      "coverPic": "https://res.cloudinary.com/dz88yjerw/image/upload/v1759779146/gyshxw4n76fbsohz3rcz.jpg"
    },
    "from": "67bf1e4009395add03e1e234",
    "serverTs": 1787175086004
  }
}
[2026-08-19T21:39:47.914Z] [LUDO-EVENT] accept {
  "socketId": "uTMwbU5KxnhJakwHAAAN",
  "effectiveProfileId": "67e431d61e4463f7adfa544e",
  "payload": {
    "gameId": "mt0m6qmjuv9ywz",
    "slotIndex": 1,
    "friend": {
      "_id": "67e431d61e4463f7adfa544e",
      "fullName": "Md Atik",
      "profilePic": "https://res.cloudinary.com/dz88yjerw/image/upload/v1779774308/ccut8qllcbmzl6bxx0yy.png",
      "coverPic": "https://res.cloudinary.com/dz88yjerw/image/upload/v1759779146/gyshxw4n76fbsohz3rcz.jpg"
    },
    "from": "67bf1e4009395add03e1e234"
  },
  "room": "ludo_mt0m6qmjuv9ywz",
  "roomSize": 1
}
[2026-08-19T21:39:47.925Z] [LUDO-EVENT] accepted-emitted {
  "room": "ludo_mt0m6qmjuv9ywz",
  "roomSize": 1,
  "payload": {
    "gameId": "mt0m6qmjuv9ywz",
    "slotIndex": 1,
    "friend": {
      "_id": "67e431d61e4463f7adfa544e",
      "fullName": "Md Atik",
      "profilePic": "https://res.cloudinary.com/dz88yjerw/image/upload/v1779774308/ccut8qllcbmzl6bxx0yy.png",
      "coverPic": "https://res.cloudinary.com/dz88yjerw/image/upload/v1759779146/gyshxw4n76fbsohz3rcz.jpg"
    },
    "from": "67bf1e4009395add03e1e234",
    "serverTs": 1787175587920
  }
}
[2026-08-19T21:43:06.913Z] [LUDO-EVENT] players-snapshot {
  "gameId": "mt0m6qmjuv9ywz",
  "players": 2,
  "selectedPlayerCount": 2,
  "currentPlayer": 0
}
[2026-08-19T21:43:06.915Z] [LUDO-STATE] game:mt0m6qmjuv9ywz {
  "gameId": "mt0m6qmjuv9ywz",
  "snapshot": {
    "gameId": "mt0m6qmjuv9ywz",
    "players": [
      {
        "id": 0,
        "name": "Md Atik",
        "color": "#E53935",
        "avatar": "https://res.cloudinary.com/dz88yjerw/image/upload/v1786061008/y2bgpcmceri6ogm2anvw.png",
        "profileId": "67bf1e4009395add03e1e234",
        "isActive": false,
        "pieces": [
          {
            "id": 0,
            "steps": 0,
            "isHome": true,
            "isInPlay": false
          },
          {
            "id": 1,
            "steps": 0,
            "isHome": true,
            "isInPlay": false
          },
          {
            "id": 2,
            "steps": 0,
            "isHome": true,
            "isInPlay": false
          },
          {
            "id": 3,
            "steps": 0,
            "isHome": true,
            "isInPlay": false
          }
        ],
        "isOffline": false
      },
      {
        "id": 1,
        "name": "Md Atik",
        "color": "#43A047",
        "avatar": "https://res.cloudinary.com/dz88yjerw/image/upload/v1779774308/ccut8qllcbmzl6bxx0yy.png",
        "cover": "https://res.cloudinary.com/dz88yjerw/image/upload/v1759779146/gyshxw4n76fbsohz3rcz.jpg",
        "profileId": "67e431d61e4463f7adfa544e",
        "isActive": true,
        "pieces": [
          {
            "id": 0,
            "steps": 0,
            "isHome": true,
            "isInPlay": false
          },
          {
            "id": 1,
            "steps": 0,
            "isHome": true,
            "isInPlay": false
          },
          {
            "id": 2,
            "steps": 0,
            "isHome": true,
            "isInPlay": false
          },
          {
            "id": 3,
            "steps": 0,
            "isHome": true,
            "isInPlay": false
          }
        ],
        "isOffline": false
      }
    ],
    "selectedPlayerCount": 2,
    "currentPlayer": 0,
    "diceValue": 0,
    "gameStarted": true,
    "timestamp": 1787175786907,
    "playersSeq": 1
  }
}
[2026-08-19T21:43:09.323Z] [LUDO-EVENT] roll-validated {
  "socketId": "0OvkcxRXh915yVOQAAAJ",
  "gameId": "mt0mbauwoxrhz0",
  "by": "67bf1e4009395add03e1e234",
  "value": 1,
  "currentPlayer": 0
}
[2026-08-19T21:43:09.721Z] [LUDO-EVENT] players-get-response {
  "gameId": "mt0m6qmjuv9ywz"
}
[2026-08-19T21:43:09.721Z] [LUDO-STATE] game:mt0m6qmjuv9ywz {
  "gameId": "mt0m6qmjuv9ywz",
  "snapshot": {
    "gameId": "mt0m6qmjuv9ywz",
    "players": [
      {
        "id": 0,
        "name": "Md Atik",
        "color": "#E53935",
        "avatar": "https://res.cloudinary.com/dz88yjerw/image/upload/v1786061008/y2bgpcmceri6ogm2anvw.png",
        "profileId": "67bf1e4009395add03e1e234",
        "isActive": false,
        "pieces": [
          {
            "id": 0,
            "steps": 0,
            "isHome": true,
            "isInPlay": false
          },
          {
            "id": 1,
            "steps": 0,
            "isHome": true,
            "isInPlay": false
          },
          {
            "id": 2,
            "steps": 0,
            "isHome": true,
            "isInPlay": false
          },
          {
            "id": 3,
            "steps": 0,
            "isHome": true,
            "isInPlay": false
          }
        ],
        "isOffline": false
      },
      {
        "id": 1,
        "name": "Md Atik",
        "color": "#43A047",
        "avatar": "https://res.cloudinary.com/dz88yjerw/image/upload/v1779774308/ccut8qllcbmzl6bxx0yy.png",
        "cover": "https://res.cloudinary.com/dz88yjerw/image/upload/v1759779146/gyshxw4n76fbsohz3rcz.jpg",
        "profileId": "67e431d61e4463f7adfa544e",
        "isActive": true,
        "pieces": [
          {
            "id": 0,
            "steps": 0,
            "isHome": true,
            "isInPlay": false
          },
          {
            "id": 1,
            "steps": 0,
            "isHome": true,
            "isInPlay": false
          },
          {
            "id": 2,
            "steps": 0,
            "isHome": true,
            "isInPlay": false
          },
          {
            "id": 3,
            "steps": 0,
            "isHome": true,
            "isInPlay": false
          }
        ],
        "isOffline": false
      }
    ],
    "selectedPlayerCount": 2,
    "currentPlayer": 0,
    "diceValue": 0,
    "gameStarted": true,
    "timestamp": 1787175786907,
    "playersSeq": 1
  }
}
[2026-08-19T21:43:10.032Z] [LUDO-EVENT] players-snapshot {
  "gameId": "mt0mbauwoxrhz0",
  "players": 2,
  "selectedPlayerCount": 2,
  "currentPlayer": 1
}
[2026-08-19T21:43:10.035Z] [LUDO-STATE] game:mt0mbauwoxrhz0 {
  "gameId": "mt0mbauwoxrhz0",
  "snapshot": {
    "gameId": "mt0mbauwoxrhz0",
    "players": [
      {
        "id": 0,
        "name": "Mohammad Ikram",
        "color": "#E53935",
        "avatar": "https://res.cloudinary.com/dz88yjerw/image/upload/v1786061008/y2bgpcmceri6ogm2anvw.png",
        "cover": "https://res.cloudinary.com/dz88yjerw/image/upload/v1780098021/abtk9davy21pzff2x0cd.png",
        "profileId": "67bf1e4009395add03e1e234",
        "isActive": true,
        "pieces": [
          {
            "id": 0,
            "steps": 0,
            "isHome": true,
            "isInPlay": false
          },
          {
            "id": 1,
            "steps": 0,
            "isHome": true,
            "isInPlay": false
          },
          {
            "id": 2,
            "steps": 0,
            "isHome": true,
            "isInPlay": false
          },
          {
            "id": 3,
            "steps": 0,
            "isHome": true,
            "isInPlay": false
          }
        ],
        "isOffline": false
      },
      {
        "id": 1,
        "name": "Md Atik",
        "color": "#43A047",
        "avatar": "https://res.cloudinary.com/dz88yjerw/image/upload/v1779774308/ccut8qllcbmzl6bxx0yy.png",
        "cover": "https://res.cloudinary.com/dz88yjerw/image/upload/v1759779146/gyshxw4n76fbsohz3rcz.jpg",
        "profileId": "67e431d61e4463f7adfa544e",
        "isActive": false,
        "pieces": [
          {
            "id": 0,
            "steps": 0,
            "isHome": true,
            "isInPlay": false
          },
          {
            "id": 1,
            "steps": 0,
            "isHome": true,
            "isInPlay": false
          },
          {
            "id": 2,
            "steps": 0,
            "isHome": true,
            "isInPlay": false
          },
          {
            "id": 3,
            "steps": 0,
            "isHome": true,
            "isInPlay": false
          }
        ],
        "isOffline": false
      }
    ],
    "selectedPlayerCount": 2,
    "currentPlayer": 1,
    "diceValue": 0,
    "gameStarted": true,
    "timestamp": 1787175790027,
    "playersSeq": 2
  }
}
[2026-08-19T21:43:12.092Z] [LUDO-EVENT] players-get-response {
  "gameId": "mt0m6qmjuv9ywz"
}
[2026-08-19T21:43:12.093Z] [LUDO-STATE] game:mt0m6qmjuv9ywz {
  "gameId": "mt0m6qmjuv9ywz",
  "snapshot": {
    "gameId": "mt0m6qmjuv9ywz",
    "players": [
      {
        "id": 0,
        "name": "Md Atik",
        "color": "#E53935",
        "avatar": "https://res.cloudinary.com/dz88yjerw/image/upload/v1786061008/y2bgpcmceri6ogm2anvw.png",
        "profileId": "67bf1e4009395add03e1e234",
        "isActive": false,
        "pieces": [
          {
            "id": 0,
            "steps": 0,
            "isHome": true,
            "isInPlay": false
          },
          {
            "id": 1,
            "steps": 0,
            "isHome": true,
            "isInPlay": false
          },
          {
            "id": 2,
            "steps": 0,
            "isHome": true,
            "isInPlay": false
          },
          {
            "id": 3,
            "steps": 0,
            "isHome": true,
            "isInPlay": false
          }
        ],
        "isOffline": false
      },
      {
        "id": 1,
        "name": "Md Atik",
        "color": "#43A047",
        "avatar": "https://res.cloudinary.com/dz88yjerw/image/upload/v1779774308/ccut8qllcbmzl6bxx0yy.png",
        "cover": "https://res.cloudinary.com/dz88yjerw/image/upload/v1759779146/gyshxw4n76fbsohz3rcz.jpg",
        "profileId": "67e431d61e4463f7adfa544e",
        "isActive": true,
        "pieces": [
          {
            "id": 0,
            "steps": 0,
            "isHome": true,
            "isInPlay": false
          },
          {
            "id": 1,
            "steps": 0,
            "isHome": true,
            "isInPlay": false
          },
          {
            "id": 2,
            "steps": 0,
            "isHome": true,
            "isInPlay": false
          },
          {
            "id": 3,
            "steps": 0,
            "isHome": true,
            "isInPlay": false
          }
        ],
        "isOffline": false
      }
    ],
    "selectedPlayerCount": 2,
    "currentPlayer": 0,
    "diceValue": 0,
    "gameStarted": true,
    "timestamp": 1787175786907,
    "playersSeq": 1
  }
}
[2026-08-19T21:43:12.415Z] [LUDO-EVENT] players-get-response {
  "gameId": "mt0mbauwoxrhz0"
}
[2026-08-19T21:43:12.415Z] [LUDO-STATE] game:mt0mbauwoxrhz0 {
  "gameId": "mt0mbauwoxrhz0",
  "snapshot": {
    "gameId": "mt0mbauwoxrhz0",
    "players": [
      {
        "id": 0,
        "name": "Mohammad Ikram",
        "color": "#E53935",
        "avatar": "https://res.cloudinary.com/dz88yjerw/image/upload/v1786061008/y2bgpcmceri6ogm2anvw.png",
        "cover": "https://res.cloudinary.com/dz88yjerw/image/upload/v1780098021/abtk9davy21pzff2x0cd.png",
        "profileId": "67bf1e4009395add03e1e234",
        "isActive": true,
        "pieces": [
          {
            "id": 0,
            "steps": 0,
            "isHome": true,
            "isInPlay": false
          },
          {
            "id": 1,
            "steps": 0,
            "isHome": true,
            "isInPlay": false
          },
          {
            "id": 2,
            "steps": 0,
            "isHome": true,
            "isInPlay": false
          },
          {
            "id": 3,
            "steps": 0,
            "isHome": true,
            "isInPlay": false
          }
        ],
        "isOffline": false
      },
      {
        "id": 1,
        "name": "Md Atik",
        "color": "#43A047",
        "avatar": "https://res.cloudinary.com/dz88yjerw/image/upload/v1779774308/ccut8qllcbmzl6bxx0yy.png",
        "cover": "https://res.cloudinary.com/dz88yjerw/image/upload/v1759779146/gyshxw4n76fbsohz3rcz.jpg",
        "profileId": "67e431d61e4463f7adfa544e",
        "isActive": false,
        "pieces": [
          {
            "id": 0,
            "steps": 0,
            "isHome": true,
            "isInPlay": false
          },
          {
            "id": 1,
            "steps": 0,
            "isHome": true,
            "isInPlay": false
          },
          {
            "id": 2,
            "steps": 0,
            "isHome": true,
            "isInPlay": false
          },
          {
            "id": 3,
            "steps": 0,
            "isHome": true,
            "isInPlay": false
          }
        ],
        "isOffline": false
      }
    ],
    "selectedPlayerCount": 2,
    "currentPlayer": 1,
    "diceValue": 0,
    "gameStarted": true,
    "timestamp": 1787175790027,
    "playersSeq": 2
  }
}
[2026-08-19T21:43:15.569Z] [LUDO-EVENT] players-get-response {
  "gameId": "mt0mbauwoxrhz0"
}
[2026-08-19T21:43:15.571Z] [LUDO-STATE] game:mt0mbauwoxrhz0 {
  "gameId": "mt0mbauwoxrhz0",
  "snapshot": {
    "gameId": "mt0mbauwoxrhz0",
    "players": [
      {
        "id": 0,
        "name": "Mohammad Ikram",
        "color": "#E53935",
        "avatar": "https://res.cloudinary.com/dz88yjerw/image/upload/v1786061008/y2bgpcmceri6ogm2anvw.png",
        "cover": "https://res.cloudinary.com/dz88yjerw/image/upload/v1780098021/abtk9davy21pzff2x0cd.png",
        "profileId": "67bf1e4009395add03e1e234",
        "isActive": true,
        "pieces": [
          {
            "id": 0,
            "steps": 0,
            "isHome": true,
            "isInPlay": false
          },
          {
            "id": 1,
            "steps": 0,
            "isHome": true,
            "isInPlay": false
          },
          {
            "id": 2,
            "steps": 0,
            "isHome": true,
            "isInPlay": false
          },
          {
            "id": 3,
            "steps": 0,
            "isHome": true,
            "isInPlay": false
          }
        ],
        "isOffline": false
      },
      {
        "id": 1,
        "name": "Md Atik",
        "color": "#43A047",
        "avatar": "https://res.cloudinary.com/dz88yjerw/image/upload/v1779774308/ccut8qllcbmzl6bxx0yy.png",
        "cover": "https://res.cloudinary.com/dz88yjerw/image/upload/v1759779146/gyshxw4n76fbsohz3rcz.jpg",
        "profileId": "67e431d61e4463f7adfa544e",
        "isActive": false,
        "pieces": [
          {
            "id": 0,
            "steps": 0,
            "isHome": true,
            "isInPlay": false
          },
          {
            "id": 1,
            "steps": 0,
            "isHome": true,
            "isInPlay": false
          },
          {
            "id": 2,
            "steps": 0,
            "isHome": true,
            "isInPlay": false
          },
          {
            "id": 3,
            "steps": 0,
            "isHome": true,
            "isInPlay": false
          }
        ],
        "isOffline": false
      }
    ],
    "selectedPlayerCount": 2,
    "currentPlayer": 1,
    "diceValue": 0,
    "gameStarted": true,
    "timestamp": 1787175790027,
    "playersSeq": 2
  }
}
[2026-08-19T21:43:15.720Z] [LUDO-EVENT] players-get-response {
  "gameId": "mt0m6qmjuv9ywz"
}
[2026-08-19T21:43:15.721Z] [LUDO-STATE] game:mt0m6qmjuv9ywz {
  "gameId": "mt0m6qmjuv9ywz",
  "snapshot": {
    "gameId": "mt0m6qmjuv9ywz",
    "players": [
      {
        "id": 0,
        "name": "Md Atik",
        "color": "#E53935",
        "avatar": "https://res.cloudinary.com/dz88yjerw/image/upload/v1786061008/y2bgpcmceri6ogm2anvw.png",
        "profileId": "67bf1e4009395add03e1e234",
        "isActive": false,
        "pieces": [
          {
            "id": 0,
            "steps": 0,
            "isHome": true,
            "isInPlay": false
          },
          {
            "id": 1,
            "steps": 0,
            "isHome": true,
            "isInPlay": false
          },
          {
            "id": 2,
            "steps": 0,
            "isHome": true,
            "isInPlay": false
          },
          {
            "id": 3,
            "steps": 0,
            "isHome": true,
            "isInPlay": false
          }
        ],
        "isOffline": false
      },
      {
        "id": 1,
        "name": "Md Atik",
        "color": "#43A047",
        "avatar": "https://res.cloudinary.com/dz88yjerw/image/upload/v1779774308/ccut8qllcbmzl6bxx0yy.png",
        "cover": "https://res.cloudinary.com/dz88yjerw/image/upload/v1759779146/gyshxw4n76fbsohz3rcz.jpg",
        "profileId": "67e431d61e4463f7adfa544e",
        "isActive": true,
        "pieces": [
          {
            "id": 0,
            "steps": 0,
            "isHome": true,
            "isInPlay": false
          },
          {
            "id": 1,
            "steps": 0,
            "isHome": true,
            "isInPlay": false
          },
          {
            "id": 2,
            "steps": 0,
            "isHome": true,
            "isInPlay": false
          },
          {
            "id": 3,
            "steps": 0,
            "isHome": true,
            "isInPlay": false
          }
        ],
        "isOffline": false
      }
    ],
    "selectedPlayerCount": 2,
    "currentPlayer": 0,
    "diceValue": 0,
    "gameStarted": true,
    "timestamp": 1787175786907,
    "playersSeq": 1
  }
}
[2026-08-19T21:43:18.168Z] [LUDO-EVENT] players-get-response {
  "gameId": "mt0mbauwoxrhz0"
}
[2026-08-19T21:43:18.169Z] [LUDO-STATE] game:mt0mbauwoxrhz0 {
  "gameId": "mt0mbauwoxrhz0",
  "snapshot": {
    "gameId": "mt0mbauwoxrhz0",
    "players": [
      {
        "id": 0,
        "name": "Mohammad Ikram",
        "color": "#E53935",
        "avatar": "https://res.cloudinary.com/dz88yjerw/image/upload/v1786061008/y2bgpcmceri6ogm2anvw.png",
        "cover": "https://res.cloudinary.com/dz88yjerw/image/upload/v1780098021/abtk9davy21pzff2x0cd.png",
        "profileId": "67bf1e4009395add03e1e234",
        "isActive": true,
        "pieces": [
          {
            "id": 0,
            "steps": 0,
            "isHome": true,
            "isInPlay": false
          },
          {
            "id": 1,
            "steps": 0,
            "isHome": true,
            "isInPlay": false
          },
          {
            "id": 2,
            "steps": 0,
            "isHome": true,
            "isInPlay": false
          },
          {
            "id": 3,
            "steps": 0,
            "isHome": true,
            "isInPlay": false
          }
        ],
        "isOffline": false
      },
      {
        "id": 1,
        "name": "Md Atik",
        "color": "#43A047",
        "avatar": "https://res.cloudinary.com/dz88yjerw/image/upload/v1779774308/ccut8qllcbmzl6bxx0yy.png",
        "cover": "https://res.cloudinary.com/dz88yjerw/image/upload/v1759779146/gyshxw4n76fbsohz3rcz.jpg",
        "profileId": "67e431d61e4463f7adfa544e",
        "isActive": false,
        "pieces": [
          {
            "id": 0,
            "steps": 0,
            "isHome": true,
            "isInPlay": false
          },
          {
            "id": 1,
            "steps": 0,
            "isHome": true,
            "isInPlay": false
          },
          {
            "id": 2,
            "steps": 0,
            "isHome": true,
            "isInPlay": false
          },
          {
            "id": 3,
            "steps": 0,
            "isHome": true,
            "isInPlay": false
          }
        ],
        "isOffline": false
      }
    ],
    "selectedPlayerCount": 2,
    "currentPlayer": 1,
    "diceValue": 0,
    "gameStarted": true,
    "timestamp": 1787175790027,
    "playersSeq": 2
  }
}
[2026-08-19T21:43:18.420Z] [LUDO-EVENT] players-get-response {
  "gameId": "mt0mbauwoxrhz0"
}
[2026-08-19T21:43:18.421Z] [LUDO-STATE] game:mt0mbauwoxrhz0 {
  "gameId": "mt0mbauwoxrhz0",
  "snapshot": {
    "gameId": "mt0mbauwoxrhz0",
    "players": [
      {
        "id": 0,
        "name": "Mohammad Ikram",
        "color": "#E53935",
        "avatar": "https://res.cloudinary.com/dz88yjerw/image/upload/v1786061008/y2bgpcmceri6ogm2anvw.png",
        "cover": "https://res.cloudinary.com/dz88yjerw/image/upload/v1780098021/abtk9davy21pzff2x0cd.png",
        "profileId": "67bf1e4009395add03e1e234",
        "isActive": true,
        "pieces": [
          {
            "id": 0,
            "steps": 0,
            "isHome": true,
            "isInPlay": false
          },
          {
            "id": 1,
            "steps": 0,
            "isHome": true,
            "isInPlay": false
          },
          {
            "id": 2,
            "steps": 0,
            "isHome": true,
            "isInPlay": false
          },
          {
            "id": 3,
            "steps": 0,
            "isHome": true,
            "isInPlay": false
          }
        ],
        "isOffline": false
      },
      {
        "id": 1,
        "name": "Md Atik",
        "color": "#43A047",
        "avatar": "https://res.cloudinary.com/dz88yjerw/image/upload/v1779774308/ccut8qllcbmzl6bxx0yy.png",
        "cover": "https://res.cloudinary.com/dz88yjerw/image/upload/v1759779146/gyshxw4n76fbsohz3rcz.jpg",
        "profileId": "67e431d61e4463f7adfa544e",
        "isActive": false,
        "pieces": [
          {
            "id": 0,
            "steps": 0,
            "isHome": true,
            "isInPlay": false
          },
          {
            "id": 1,
            "steps": 0,
            "isHome": true,
            "isInPlay": false
          },
          {
            "id": 2,
            "steps": 0,
            "isHome": true,
            "isInPlay": false
          },
          {
            "id": 3,
            "steps": 0,
            "isHome": true,
            "isInPlay": false
          }
        ],
        "isOffline": false
      }
    ],
    "selectedPlayerCount": 2,
    "currentPlayer": 1,
    "diceValue": 0,
    "gameStarted": true,
    "timestamp": 1787175790027,
    "playersSeq": 2
  }
}
[2026-08-19T21:43:18.730Z] [LUDO-EVENT] players-get-response {
  "gameId": "mt0m6qmjuv9ywz"
}
[2026-08-19T21:43:18.734Z] [LUDO-STATE] game:mt0m6qmjuv9ywz {
  "gameId": "mt0m6qmjuv9ywz",
  "snapshot": {
    "gameId": "mt0m6qmjuv9ywz",
    "players": [
      {
        "id": 0,
        "name": "Md Atik",
        "color": "#E53935",
        "avatar": "https://res.cloudinary.com/dz88yjerw/image/upload/v1786061008/y2bgpcmceri6ogm2anvw.png",
        "profileId": "67bf1e4009395add03e1e234",
        "isActive": false,
        "pieces": [
          {
            "id": 0,
            "steps": 0,
            "isHome": true,
            "isInPlay": false
          },
          {
            "id": 1,
            "steps": 0,
            "isHome": true,
            "isInPlay": false
          },
          {
            "id": 2,
            "steps": 0,
            "isHome": true,
            "isInPlay": false
          },
          {
            "id": 3,
            "steps": 0,
            "isHome": true,
            "isInPlay": false
          }
        ],
        "isOffline": false
      },
      {
        "id": 1,
        "name": "Md Atik",
        "color": "#43A047",
        "avatar": "https://res.cloudinary.com/dz88yjerw/image/upload/v1779774308/ccut8qllcbmzl6bxx0yy.png",
        "cover": "https://res.cloudinary.com/dz88yjerw/image/upload/v1759779146/gyshxw4n76fbsohz3rcz.jpg",
        "profileId": "67e431d61e4463f7adfa544e",
        "isActive": true,
        "pieces": [
          {
            "id": 0,
            "steps": 0,
            "isHome": true,
            "isInPlay": false
          },
          {
            "id": 1,
            "steps": 0,
            "isHome": true,
            "isInPlay": false
          },
          {
            "id": 2,
            "steps": 0,
            "isHome": true,
            "isInPlay": false
          },
          {
            "id": 3,
            "steps": 0,
            "isHome": true,
            "isInPlay": false
          }
        ],
        "isOffline": false
      }
    ],
    "selectedPlayerCount": 2,
    "currentPlayer": 0,
    "diceValue": 0,
    "gameStarted": true,
    "timestamp": 1787175786907,
    "playersSeq": 1
  }
}
[2026-08-19T21:43:19.140Z] [LUDO-EVENT] players-get-response {
  "gameId": "mt0mbauwoxrhz0"
}
[2026-08-19T21:43:19.141Z] [LUDO-STATE] game:mt0mbauwoxrhz0 {
  "gameId": "mt0mbauwoxrhz0",
  "snapshot": {
    "gameId": "mt0mbauwoxrhz0",
    "players": [
      {
        "id": 0,
        "name": "Mohammad Ikram",
        "color": "#E53935",
        "avatar": "https://res.cloudinary.com/dz88yjerw/image/upload/v1786061008/y2bgpcmceri6ogm2anvw.png",
        "cover": "https://res.cloudinary.com/dz88yjerw/image/upload/v1780098021/abtk9davy21pzff2x0cd.png",
        "profileId": "67bf1e4009395add03e1e234",
        "isActive": true,
        "pieces": [
          {
            "id": 0,
            "steps": 0,
            "isHome": true,
            "isInPlay": false
          },
          {
            "id": 1,
            "steps": 0,
            "isHome": true,
            "isInPlay": false
          },
          {
            "id": 2,
            "steps": 0,
            "isHome": true,
            "isInPlay": false
          },
          {
            "id": 3,
            "steps": 0,
            "isHome": true,
            "isInPlay": false
          }
        ],
        "isOffline": false
      },
      {
        "id": 1,
        "name": "Md Atik",
        "color": "#43A047",
        "avatar": "https://res.cloudinary.com/dz88yjerw/image/upload/v1779774308/ccut8qllcbmzl6bxx0yy.png",
        "cover": "https://res.cloudinary.com/dz88yjerw/image/upload/v1759779146/gyshxw4n76fbsohz3rcz.jpg",
        "profileId": "67e431d61e4463f7adfa544e",
        "isActive": false,
        "pieces": [
          {
            "id": 0,
            "steps": 0,
            "isHome": true,
            "isInPlay": false
          },
          {
            "id": 1,
            "steps": 0,
            "isHome": true,
            "isInPlay": false
          },
          {
            "id": 2,
            "steps": 0,
            "isHome": true,
            "isInPlay": false
          },
          {
            "id": 3,
            "steps": 0,
            "isHome": true,
            "isInPlay": false
          }
        ],
        "isOffline": false
      }
    ],
    "selectedPlayerCount": 2,
    "currentPlayer": 1,
    "diceValue": 0,
    "gameStarted": true,
    "timestamp": 1787175790027,
    "playersSeq": 2
  }
}
[2026-08-19T21:43:19.624Z] [LUDO-EVENT] players-get-response {
  "gameId": "mt0mbauwoxrhz0"
}
[2026-08-19T21:43:19.625Z] [LUDO-STATE] game:mt0mbauwoxrhz0 {
  "gameId": "mt0mbauwoxrhz0",
  "snapshot": {
    "gameId": "mt0mbauwoxrhz0",
    "players": [
      {
        "id": 0,
        "name": "Mohammad Ikram",
        "color": "#E53935",
        "avatar": "https://res.cloudinary.com/dz88yjerw/image/upload/v1786061008/y2bgpcmceri6ogm2anvw.png",
        "cover": "https://res.cloudinary.com/dz88yjerw/image/upload/v1780098021/abtk9davy21pzff2x0cd.png",
        "profileId": "67bf1e4009395add03e1e234",
        "isActive": true,
        "pieces": [
          {
            "id": 0,
            "steps": 0,
            "isHome": true,
            "isInPlay": false
          },
          {
            "id": 1,
            "steps": 0,
            "isHome": true,
            "isInPlay": false
          },
          {
            "id": 2,
            "steps": 0,
            "isHome": true,
            "isInPlay": false
          },
          {
            "id": 3,
            "steps": 0,
            "isHome": true,
            "isInPlay": false
          }
        ],
        "isOffline": false
      },
      {
        "id": 1,
        "name": "Md Atik",
        "color": "#43A047",
        "avatar": "https://res.cloudinary.com/dz88yjerw/image/upload/v1779774308/ccut8qllcbmzl6bxx0yy.png",
        "cover": "https://res.cloudinary.com/dz88yjerw/image/upload/v1759779146/gyshxw4n76fbsohz3rcz.jpg",
        "profileId": "67e431d61e4463f7adfa544e",
        "isActive": false,
        "pieces": [
          {
            "id": 0,
            "steps": 0,
            "isHome": true,
            "isInPlay": false
          },
          {
            "id": 1,
            "steps": 0,
            "isHome": true,
            "isInPlay": false
          },
          {
            "id": 2,
            "steps": 0,
            "isHome": true,
            "isInPlay": false
          },
          {
            "id": 3,
            "steps": 0,
            "isHome": true,
            "isInPlay": false
          }
        ],
        "isOffline": false
      }
    ],
    "selectedPlayerCount": 2,
    "currentPlayer": 1,
    "diceValue": 0,
    "gameStarted": true,
    "timestamp": 1787175790027,
    "playersSeq": 2
  }
}
[2026-08-19T21:43:19.854Z] [LUDO-EVENT] players-get-response {
  "gameId": "mt0mbauwoxrhz0"
}
[2026-08-19T21:43:19.855Z] [LUDO-STATE] game:mt0mbauwoxrhz0 {
  "gameId": "mt0mbauwoxrhz0",
  "snapshot": {
    "gameId": "mt0mbauwoxrhz0",
    "players": [
      {
        "id": 0,
        "name": "Mohammad Ikram",
        "color": "#E53935",
        "avatar": "https://res.cloudinary.com/dz88yjerw/image/upload/v1786061008/y2bgpcmceri6ogm2anvw.png",
        "cover": "https://res.cloudinary.com/dz88yjerw/image/upload/v1780098021/abtk9davy21pzff2x0cd.png",
        "profileId": "67bf1e4009395add03e1e234",
        "isActive": true,
        "pieces": [
          {
            "id": 0,
            "steps": 0,
            "isHome": true,
            "isInPlay": false
          },
          {
            "id": 1,
            "steps": 0,
            "isHome": true,
            "isInPlay": false
          },
          {
            "id": 2,
            "steps": 0,
            "isHome": true,
            "isInPlay": false
          },
          {
            "id": 3,
            "steps": 0,
            "isHome": true,
            "isInPlay": false
          }
        ],
        "isOffline": false
      },
      {
        "id": 1,
        "name": "Md Atik",
        "color": "#43A047",
        "avatar": "https://res.cloudinary.com/dz88yjerw/image/upload/v1779774308/ccut8qllcbmzl6bxx0yy.png",
        "cover": "https://res.cloudinary.com/dz88yjerw/image/upload/v1759779146/gyshxw4n76fbsohz3rcz.jpg",
        "profileId": "67e431d61e4463f7adfa544e",
        "isActive": false,
        "pieces": [
          {
            "id": 0,
            "steps": 0,
            "isHome": true,
            "isInPlay": false
          },
          {
            "id": 1,
            "steps": 0,
            "isHome": true,
            "isInPlay": false
          },
          {
            "id": 2,
            "steps": 0,
            "isHome": true,
            "isInPlay": false
          },
          {
            "id": 3,
            "steps": 0,
            "isHome": true,
            "isInPlay": false
          }
        ],
        "isOffline": false
      }
    ],
    "selectedPlayerCount": 2,
    "currentPlayer": 1,
    "diceValue": 0,
    "gameStarted": true,
    "timestamp": 1787175790027,
    "playersSeq": 2
  }
}
[2026-08-19T21:43:21.494Z] [LUDO-EVENT] players-get-response {
  "gameId": "mt0mbauwoxrhz0"
}
[2026-08-19T21:43:21.495Z] [LUDO-STATE] game:mt0mbauwoxrhz0 {
  "gameId": "mt0mbauwoxrhz0",
  "snapshot": {
    "gameId": "mt0mbauwoxrhz0",
    "players": [
      {
        "id": 0,
        "name": "Mohammad Ikram",
        "color": "#E53935",
        "avatar": "https://res.cloudinary.com/dz88yjerw/image/upload/v1786061008/y2bgpcmceri6ogm2anvw.png",
        "cover": "https://res.cloudinary.com/dz88yjerw/image/upload/v1780098021/abtk9davy21pzff2x0cd.png",
        "profileId": "67bf1e4009395add03e1e234",
        "isActive": true,
        "pieces": [
          {
            "id": 0,
            "steps": 0,
            "isHome": true,
            "isInPlay": false
          },
          {
            "id": 1,
            "steps": 0,
            "isHome": true,
            "isInPlay": false
          },
          {
            "id": 2,
            "steps": 0,
            "isHome": true,
            "isInPlay": false
          },
          {
            "id": 3,
            "steps": 0,
            "isHome": true,
            "isInPlay": false
          }
        ],
        "isOffline": false
      },
      {
        "id": 1,
        "name": "Md Atik",
        "color": "#43A047",
        "avatar": "https://res.cloudinary.com/dz88yjerw/image/upload/v1779774308/ccut8qllcbmzl6bxx0yy.png",
        "cover": "https://res.cloudinary.com/dz88yjerw/image/upload/v1759779146/gyshxw4n76fbsohz3rcz.jpg",
        "profileId": "67e431d61e4463f7adfa544e",
        "isActive": false,
        "pieces": [
          {
            "id": 0,
            "steps": 0,
            "isHome": true,
            "isInPlay": false
          },
          {
            "id": 1,
            "steps": 0,
            "isHome": true,
            "isInPlay": false
          },
          {
            "id": 2,
            "steps": 0,
            "isHome": true,
            "isInPlay": false
          },
          {
            "id": 3,
            "steps": 0,
            "isHome": true,
            "isInPlay": false
          }
        ],
        "isOffline": false
      }
    ],
    "selectedPlayerCount": 2,
    "currentPlayer": 1,
    "diceValue": 0,
    "gameStarted": true,
    "timestamp": 1787175790027,
    "playersSeq": 2
  }
}
[2026-08-19T21:43:24.449Z] [LUDO-EVENT] players-get-response {
  "gameId": "mt0mbauwoxrhz0"
}
[2026-08-19T21:43:24.451Z] [LUDO-STATE] game:mt0mbauwoxrhz0 {
  "gameId": "mt0mbauwoxrhz0",
  "snapshot": {
    "gameId": "mt0mbauwoxrhz0",
    "players": [
      {
        "id": 0,
        "name": "Mohammad Ikram",
        "color": "#E53935",
        "avatar": "https://res.cloudinary.com/dz88yjerw/image/upload/v1786061008/y2bgpcmceri6ogm2anvw.png",
        "cover": "https://res.cloudinary.com/dz88yjerw/image/upload/v1780098021/abtk9davy21pzff2x0cd.png",
        "profileId": "67bf1e4009395add03e1e234",
        "isActive": true,
        "pieces": [
          {
            "id": 0,
            "steps": 0,
            "isHome": true,
            "isInPlay": false
          },
          {
            "id": 1,
            "steps": 0,
            "isHome": true,
            "isInPlay": false
          },
          {
            "id": 2,
            "steps": 0,
            "isHome": true,
            "isInPlay": false
          },
          {
            "id": 3,
            "steps": 0,
            "isHome": true,
            "isInPlay": false
          }
        ],
        "isOffline": false
      },
      {
        "id": 1,
        "name": "Md Atik",
        "color": "#43A047",
        "avatar": "https://res.cloudinary.com/dz88yjerw/image/upload/v1779774308/ccut8qllcbmzl6bxx0yy.png",
        "cover": "https://res.cloudinary.com/dz88yjerw/image/upload/v1759779146/gyshxw4n76fbsohz3rcz.jpg",
        "profileId": "67e431d61e4463f7adfa544e",
        "isActive": false,
        "pieces": [
          {
            "id": 0,
            "steps": 0,
            "isHome": true,
            "isInPlay": false
          },
          {
            "id": 1,
            "steps": 0,
            "isHome": true,
            "isInPlay": false
          },
          {
            "id": 2,
            "steps": 0,
            "isHome": true,
            "isInPlay": false
          },
          {
            "id": 3,
            "steps": 0,
            "isHome": true,
            "isInPlay": false
          }
        ],
        "isOffline": false
      }
    ],
    "selectedPlayerCount": 2,
    "currentPlayer": 1,
    "diceValue": 0,
    "gameStarted": true,
    "timestamp": 1787175790027,
    "playersSeq": 2
  }
}
[2026-08-19T21:43:24.721Z] [LUDO-EVENT] players-get-response {
  "gameId": "mt0m6qmjuv9ywz"
}
[2026-08-19T21:43:24.724Z] [LUDO-STATE] game:mt0m6qmjuv9ywz {
  "gameId": "mt0m6qmjuv9ywz",
  "snapshot": {
    "gameId": "mt0m6qmjuv9ywz",
    "players": [
      {
        "id": 0,
        "name": "Md Atik",
        "color": "#E53935",
        "avatar": "https://res.cloudinary.com/dz88yjerw/image/upload/v1786061008/y2bgpcmceri6ogm2anvw.png",
        "profileId": "67bf1e4009395add03e1e234",
        "isActive": false,
        "pieces": [
          {
            "id": 0,
            "steps": 0,
            "isHome": true,
            "isInPlay": false
          },
          {
            "id": 1,
            "steps": 0,
            "isHome": true,
            "isInPlay": false
          },
          {
            "id": 2,
            "steps": 0,
            "isHome": true,
            "isInPlay": false
          },
          {
            "id": 3,
            "steps": 0,
            "isHome": true,
            "isInPlay": false
          }
        ],
        "isOffline": false
      },
      {
        "id": 1,
        "name": "Md Atik",
        "color": "#43A047",
        "avatar": "https://res.cloudinary.com/dz88yjerw/image/upload/v1779774308/ccut8qllcbmzl6bxx0yy.png",
        "cover": "https://res.cloudinary.com/dz88yjerw/image/upload/v1759779146/gyshxw4n76fbsohz3rcz.jpg",
        "profileId": "67e431d61e4463f7adfa544e",
        "isActive": true,
        "pieces": [
          {
            "id": 0,
            "steps": 0,
            "isHome": true,
            "isInPlay": false
          },
          {
            "id": 1,
            "steps": 0,
            "isHome": true,
            "isInPlay": false
          },
          {
            "id": 2,
            "steps": 0,
            "isHome": true,
            "isInPlay": false
          },
          {
            "id": 3,
            "steps": 0,
            "isHome": true,
            "isInPlay": false
          }
        ],
        "isOffline": false
      }
    ],
    "selectedPlayerCount": 2,
    "currentPlayer": 0,
    "diceValue": 0,
    "gameStarted": true,
    "timestamp": 1787175786907,
    "playersSeq": 1
  }
}
[2026-08-19T21:43:27.447Z] [LUDO-EVENT] players-get-response {
  "gameId": "mt0mbauwoxrhz0"
}
[2026-08-19T21:43:27.449Z] [LUDO-STATE] game:mt0mbauwoxrhz0 {
  "gameId": "mt0mbauwoxrhz0",
  "snapshot": {
    "gameId": "mt0mbauwoxrhz0",
    "players": [
      {
        "id": 0,
        "name": "Mohammad Ikram",
        "color": "#E53935",
        "avatar": "https://res.cloudinary.com/dz88yjerw/image/upload/v1786061008/y2bgpcmceri6ogm2anvw.png",
        "cover": "https://res.cloudinary.com/dz88yjerw/image/upload/v1780098021/abtk9davy21pzff2x0cd.png",
        "profileId": "67bf1e4009395add03e1e234",
        "isActive": true,
        "pieces": [
          {
            "id": 0,
            "steps": 0,
            "isHome": true,
            "isInPlay": false
          },
          {
            "id": 1,
            "steps": 0,
            "isHome": true,
            "isInPlay": false
          },
          {
            "id": 2,
            "steps": 0,
            "isHome": true,
            "isInPlay": false
          },
          {
            "id": 3,
            "steps": 0,
            "isHome": true,
            "isInPlay": false
          }
        ],
        "isOffline": false
      },
      {
        "id": 1,
        "name": "Md Atik",
        "color": "#43A047",
        "avatar": "https://res.cloudinary.com/dz88yjerw/image/upload/v1779774308/ccut8qllcbmzl6bxx0yy.png",
        "cover": "https://res.cloudinary.com/dz88yjerw/image/upload/v1759779146/gyshxw4n76fbsohz3rcz.jpg",
        "profileId": "67e431d61e4463f7adfa544e",
        "isActive": false,
        "pieces": [
          {
            "id": 0,
            "steps": 0,
            "isHome": true,
            "isInPlay": false
          },
          {
            "id": 1,
            "steps": 0,
            "isHome": true,
            "isInPlay": false
          },
          {
            "id": 2,
            "steps": 0,
            "isHome": true,
            "isInPlay": false
          },
          {
            "id": 3,
            "steps": 0,
            "isHome": true,
            "isInPlay": false
          }
        ],
        "isOffline": false
      }
    ],
    "selectedPlayerCount": 2,
    "currentPlayer": 1,
    "diceValue": 0,
    "gameStarted": true,
    "timestamp": 1787175790027,
    "playersSeq": 2
  }
}
[2026-08-19T21:43:30.449Z] [LUDO-EVENT] players-get-response {
  "gameId": "mt0mbauwoxrhz0"
}
[2026-08-19T21:43:30.451Z] [LUDO-STATE] game:mt0mbauwoxrhz0 {
  "gameId": "mt0mbauwoxrhz0",
  "snapshot": {
    "gameId": "mt0mbauwoxrhz0",
    "players": [
      {
        "id": 0,
        "name": "Mohammad Ikram",
        "color": "#E53935",
        "avatar": "https://res.cloudinary.com/dz88yjerw/image/upload/v1786061008/y2bgpcmceri6ogm2anvw.png",
        "cover": "https://res.cloudinary.com/dz88yjerw/image/upload/v1780098021/abtk9davy21pzff2x0cd.png",
        "profileId": "67bf1e4009395add03e1e234",
        "isActive": true,
        "pieces": [
          {
            "id": 0,
            "steps": 0,
            "isHome": true,
            "isInPlay": false
          },
          {
            "id": 1,
            "steps": 0,
            "isHome": true,
            "isInPlay": false
          },
          {
            "id": 2,
            "steps": 0,
            "isHome": true,
            "isInPlay": false
          },
          {
            "id": 3,
            "steps": 0,
            "isHome": true,
            "isInPlay": false
          }
        ],
        "isOffline": false
      },
      {
        "id": 1,
        "name": "Md Atik",
        "color": "#43A047",
        "avatar": "https://res.cloudinary.com/dz88yjerw/image/upload/v1779774308/ccut8qllcbmzl6bxx0yy.png",
        "cover": "https://res.cloudinary.com/dz88yjerw/image/upload/v1759779146/gyshxw4n76fbsohz3rcz.jpg",
        "profileId": "67e431d61e4463f7adfa544e",
        "isActive": false,
        "pieces": [
          {
            "id": 0,
            "steps": 0,
            "isHome": true,
            "isInPlay": false
          },
          {
            "id": 1,
            "steps": 0,
            "isHome": true,
            "isInPlay": false
          },
          {
            "id": 2,
            "steps": 0,
            "isHome": true,
            "isInPlay": false
          },
          {
            "id": 3,
            "steps": 0,
            "isHome": true,
            "isInPlay": false
          }
        ],
        "isOffline": false
      }
    ],
    "selectedPlayerCount": 2,
    "currentPlayer": 1,
    "diceValue": 0,
    "gameStarted": true,
    "timestamp": 1787175790027,
    "playersSeq": 2
  }
}
[2026-08-19T21:43:30.720Z] [LUDO-EVENT] players-get-response {
  "gameId": "mt0m6qmjuv9ywz"
}
[2026-08-19T21:43:30.723Z] [LUDO-STATE] game:mt0m6qmjuv9ywz {
  "gameId": "mt0m6qmjuv9ywz",
  "snapshot": {
    "gameId": "mt0m6qmjuv9ywz",
    "players": [
      {
        "id": 0,
        "name": "Md Atik",
        "color": "#E53935",
        "avatar": "https://res.cloudinary.com/dz88yjerw/image/upload/v1786061008/y2bgpcmceri6ogm2anvw.png",
        "profileId": "67bf1e4009395add03e1e234",
        "isActive": false,
        "pieces": [
          {
            "id": 0,
            "steps": 0,
            "isHome": true,
            "isInPlay": false
          },
          {
            "id": 1,
            "steps": 0,
            "isHome": true,
            "isInPlay": false
          },
          {
            "id": 2,
            "steps": 0,
            "isHome": true,
            "isInPlay": false
          },
          {
            "id": 3,
            "steps": 0,
            "isHome": true,
            "isInPlay": false
          }
        ],
        "isOffline": false
      },
      {
        "id": 1,
        "name": "Md Atik",
        "color": "#43A047",
        "avatar": "https://res.cloudinary.com/dz88yjerw/image/upload/v1779774308/ccut8qllcbmzl6bxx0yy.png",
        "cover": "https://res.cloudinary.com/dz88yjerw/image/upload/v1759779146/gyshxw4n76fbsohz3rcz.jpg",
        "profileId": "67e431d61e4463f7adfa544e",
        "isActive": true,
        "pieces": [
          {
            "id": 0,
            "steps": 0,
            "isHome": true,
            "isInPlay": false
          },
          {
            "id": 1,
            "steps": 0,
            "isHome": true,
            "isInPlay": false
          },
          {
            "id": 2,
            "steps": 0,
            "isHome": true,
            "isInPlay": false
          },
          {
            "id": 3,
            "steps": 0,
            "isHome": true,
            "isInPlay": false
          }
        ],
        "isOffline": false
      }
    ],
    "selectedPlayerCount": 2,
    "currentPlayer": 0,
    "diceValue": 0,
    "gameStarted": true,
    "timestamp": 1787175786907,
    "playersSeq": 1
  }
}
[2026-08-19T21:43:33.458Z] [LUDO-EVENT] players-get-response {
  "gameId": "mt0mbauwoxrhz0"
}
[2026-08-19T21:43:33.459Z] [LUDO-STATE] game:mt0mbauwoxrhz0 {
  "gameId": "mt0mbauwoxrhz0",
  "snapshot": {
    "gameId": "mt0mbauwoxrhz0",
    "players": [
      {
        "id": 0,
        "name": "Mohammad Ikram",
        "color": "#E53935",
        "avatar": "https://res.cloudinary.com/dz88yjerw/image/upload/v1786061008/y2bgpcmceri6ogm2anvw.png",
        "cover": "https://res.cloudinary.com/dz88yjerw/image/upload/v1780098021/abtk9davy21pzff2x0cd.png",
        "profileId": "67bf1e4009395add03e1e234",
        "isActive": true,
        "pieces": [
          {
            "id": 0,
            "steps": 0,
            "isHome": true,
            "isInPlay": false
          },
          {
            "id": 1,
            "steps": 0,
            "isHome": true,
            "isInPlay": false
          },
          {
            "id": 2,
            "steps": 0,
            "isHome": true,
            "isInPlay": false
          },
          {
            "id": 3,
            "steps": 0,
            "isHome": true,
            "isInPlay": false
          }
        ],
        "isOffline": false
      },
      {
        "id": 1,
        "name": "Md Atik",
        "color": "#43A047",
        "avatar": "https://res.cloudinary.com/dz88yjerw/image/upload/v1779774308/ccut8qllcbmzl6bxx0yy.png",
        "cover": "https://res.cloudinary.com/dz88yjerw/image/upload/v1759779146/gyshxw4n76fbsohz3rcz.jpg",
        "profileId": "67e431d61e4463f7adfa544e",
        "isActive": false,
        "pieces": [
          {
            "id": 0,
            "steps": 0,
            "isHome": true,
            "isInPlay": false
          },
          {
            "id": 1,
            "steps": 0,
            "isHome": true,
            "isInPlay": false
          },
          {
            "id": 2,
            "steps": 0,
            "isHome": true,
            "isInPlay": false
          },
          {
            "id": 3,
            "steps": 0,
            "isHome": true,
            "isInPlay": false
          }
        ],
        "isOffline": false
      }
    ],
    "selectedPlayerCount": 2,
    "currentPlayer": 1,
    "diceValue": 0,
    "gameStarted": true,
    "timestamp": 1787175790027,
    "playersSeq": 2
  }
}
[2026-08-19T21:43:33.720Z] [LUDO-EVENT] players-get-response {
  "gameId": "mt0m6qmjuv9ywz"
}
[2026-08-19T21:43:33.724Z] [LUDO-STATE] game:mt0m6qmjuv9ywz {
  "gameId": "mt0m6qmjuv9ywz",
  "snapshot": {
    "gameId": "mt0m6qmjuv9ywz",
    "players": [
      {
        "id": 0,
        "name": "Md Atik",
        "color": "#E53935",
        "avatar": "https://res.cloudinary.com/dz88yjerw/image/upload/v1786061008/y2bgpcmceri6ogm2anvw.png",
        "profileId": "67bf1e4009395add03e1e234",
        "isActive": false,
        "pieces": [
          {
            "id": 0,
            "steps": 0,
            "isHome": true,
            "isInPlay": false
          },
          {
            "id": 1,
            "steps": 0,
            "isHome": true,
            "isInPlay": false
          },
          {
            "id": 2,
            "steps": 0,
            "isHome": true,
            "isInPlay": false
          },
          {
            "id": 3,
            "steps": 0,
            "isHome": true,
            "isInPlay": false
          }
        ],
        "isOffline": false
      },
      {
        "id": 1,
        "name": "Md Atik",
        "color": "#43A047",
        "avatar": "https://res.cloudinary.com/dz88yjerw/image/upload/v1779774308/ccut8qllcbmzl6bxx0yy.png",
        "cover": "https://res.cloudinary.com/dz88yjerw/image/upload/v1759779146/gyshxw4n76fbsohz3rcz.jpg",
        "profileId": "67e431d61e4463f7adfa544e",
        "isActive": true,
        "pieces": [
          {
            "id": 0,
            "steps": 0,
            "isHome": true,
            "isInPlay": false
          },
          {
            "id": 1,
            "steps": 0,
            "isHome": true,
            "isInPlay": false
          },
          {
            "id": 2,
            "steps": 0,
            "isHome": true,
            "isInPlay": false
          },
          {
            "id": 3,
            "steps": 0,
            "isHome": true,
            "isInPlay": false
          }
        ],
        "isOffline": false
      }
    ],
    "selectedPlayerCount": 2,
    "currentPlayer": 0,
    "diceValue": 0,
    "gameStarted": true,
    "timestamp": 1787175786907,
    "playersSeq": 1
  }
}
[2026-08-19T21:43:36.537Z] [LUDO-EVENT] players-get-response {
  "gameId": "mt0mbauwoxrhz0"
}
[2026-08-19T21:43:36.538Z] [LUDO-STATE] game:mt0mbauwoxrhz0 {
  "gameId": "mt0mbauwoxrhz0",
  "snapshot": {
    "gameId": "mt0mbauwoxrhz0",
    "players": [
      {
        "id": 0,
        "name": "Mohammad Ikram",
        "color": "#E53935",
        "avatar": "https://res.cloudinary.com/dz88yjerw/image/upload/v1786061008/y2bgpcmceri6ogm2anvw.png",
        "cover": "https://res.cloudinary.com/dz88yjerw/image/upload/v1780098021/abtk9davy21pzff2x0cd.png",
        "profileId": "67bf1e4009395add03e1e234",
        "isActive": true,
        "pieces": [
          {
            "id": 0,
            "steps": 0,
            "isHome": true,
            "isInPlay": false
          },
          {
            "id": 1,
            "steps": 0,
            "isHome": true,
            "isInPlay": false
          },
          {
            "id": 2,
            "steps": 0,
            "isHome": true,
            "isInPlay": false
          },
          {
            "id": 3,
            "steps": 0,
            "isHome": true,
            "isInPlay": false
          }
        ],
        "isOffline": false
      },
      {
        "id": 1,
        "name": "Md Atik",
        "color": "#43A047",
        "avatar": "https://res.cloudinary.com/dz88yjerw/image/upload/v1779774308/ccut8qllcbmzl6bxx0yy.png",
        "cover": "https://res.cloudinary.com/dz88yjerw/image/upload/v1759779146/gyshxw4n76fbsohz3rcz.jpg",
        "profileId": "67e431d61e4463f7adfa544e",
        "isActive": false,
        "pieces": [
          {
            "id": 0,
            "steps": 0,
            "isHome": true,
            "isInPlay": false
          },
          {
            "id": 1,
            "steps": 0,
            "isHome": true,
            "isInPlay": false
          },
          {
            "id": 2,
            "steps": 0,
            "isHome": true,
            "isInPlay": false
          },
          {
            "id": 3,
            "steps": 0,
            "isHome": true,
            "isInPlay": false
          }
        ],
        "isOffline": false
      }
    ],
    "selectedPlayerCount": 2,
    "currentPlayer": 1,
    "diceValue": 0,
    "gameStarted": true,
    "timestamp": 1787175790027,
    "playersSeq": 2
  }
}
[2026-08-19T21:43:38.684Z] [LUDO-EVENT] players-get-response {
  "gameId": "mt0m6qmjuv9ywz"
}
[2026-08-19T21:43:38.686Z] [LUDO-STATE] game:mt0m6qmjuv9ywz {
  "gameId": "mt0m6qmjuv9ywz",
  "snapshot": {
    "gameId": "mt0m6qmjuv9ywz",
    "players": [
      {
        "id": 0,
        "name": "Md Atik",
        "color": "#E53935",
        "avatar": "https://res.cloudinary.com/dz88yjerw/image/upload/v1786061008/y2bgpcmceri6ogm2anvw.png",
        "profileId": "67bf1e4009395add03e1e234",
        "isActive": false,
        "pieces": [
          {
            "id": 0,
            "steps": 0,
            "isHome": true,
            "isInPlay": false
          },
          {
            "id": 1,
            "steps": 0,
            "isHome": true,
            "isInPlay": false
          },
          {
            "id": 2,
            "steps": 0,
            "isHome": true,
            "isInPlay": false
          },
          {
            "id": 3,
            "steps": 0,
            "isHome": true,
            "isInPlay": false
          }
        ],
        "isOffline": false
      },
      {
        "id": 1,
        "name": "Md Atik",
        "color": "#43A047",
        "avatar": "https://res.cloudinary.com/dz88yjerw/image/upload/v1779774308/ccut8qllcbmzl6bxx0yy.png",
        "cover": "https://res.cloudinary.com/dz88yjerw/image/upload/v1759779146/gyshxw4n76fbsohz3rcz.jpg",
        "profileId": "67e431d61e4463f7adfa544e",
        "isActive": true,
        "pieces": [
          {
            "id": 0,
            "steps": 0,
            "isHome": true,
            "isInPlay": false
          },
          {
            "id": 1,
            "steps": 0,
            "isHome": true,
            "isInPlay": false
          },
          {
            "id": 2,
            "steps": 0,
            "isHome": true,
            "isInPlay": false
          },
          {
            "id": 3,
            "steps": 0,
            "isHome": true,
            "isInPlay": false
          }
        ],
        "isOffline": false
      }
    ],
    "selectedPlayerCount": 2,
    "currentPlayer": 0,
    "diceValue": 0,
    "gameStarted": true,
    "timestamp": 1787175786907,
    "playersSeq": 1
  }
}
[2026-08-19T21:43:39.605Z] [LUDO-EVENT] players-get-response {
  "gameId": "mt0mbauwoxrhz0"
}
[2026-08-19T21:43:39.605Z] [LUDO-STATE] game:mt0mbauwoxrhz0 {
  "gameId": "mt0mbauwoxrhz0",
  "snapshot": {
    "gameId": "mt0mbauwoxrhz0",
    "players": [
      {
        "id": 0,
        "name": "Mohammad Ikram",
        "color": "#E53935",
        "avatar": "https://res.cloudinary.com/dz88yjerw/image/upload/v1786061008/y2bgpcmceri6ogm2anvw.png",
        "cover": "https://res.cloudinary.com/dz88yjerw/image/upload/v1780098021/abtk9davy21pzff2x0cd.png",
        "profileId": "67bf1e4009395add03e1e234",
        "isActive": true,
        "pieces": [
          {
            "id": 0,
            "steps": 0,
            "isHome": true,
            "isInPlay": false
          },
          {
            "id": 1,
            "steps": 0,
            "isHome": true,
            "isInPlay": false
          },
          {
            "id": 2,
            "steps": 0,
            "isHome": true,
            "isInPlay": false
          },
          {
            "id": 3,
            "steps": 0,
            "isHome": true,
            "isInPlay": false
          }
        ],
        "isOffline": false
      },
      {
        "id": 1,
        "name": "Md Atik",
        "color": "#43A047",
        "avatar": "https://res.cloudinary.com/dz88yjerw/image/upload/v1779774308/ccut8qllcbmzl6bxx0yy.png",
        "cover": "https://res.cloudinary.com/dz88yjerw/image/upload/v1759779146/gyshxw4n76fbsohz3rcz.jpg",
        "profileId": "67e431d61e4463f7adfa544e",
        "isActive": false,
        "pieces": [
          {
            "id": 0,
            "steps": 0,
            "isHome": true,
            "isInPlay": false
          },
          {
            "id": 1,
            "steps": 0,
            "isHome": true,
            "isInPlay": false
          },
          {
            "id": 2,
            "steps": 0,
            "isHome": true,
            "isInPlay": false
          },
          {
            "id": 3,
            "steps": 0,
            "isHome": true,
            "isInPlay": false
          }
        ],
        "isOffline": false
      }
    ],
    "selectedPlayerCount": 2,
    "currentPlayer": 1,
    "diceValue": 0,
    "gameStarted": true,
    "timestamp": 1787175790027,
    "playersSeq": 2
  }
}
[2026-08-19T21:43:42.716Z] [LUDO-EVENT] players-get-response {
  "gameId": "mt0mbauwoxrhz0"
}
[2026-08-19T21:43:42.717Z] [LUDO-STATE] game:mt0mbauwoxrhz0 {
  "gameId": "mt0mbauwoxrhz0",
  "snapshot": {
    "gameId": "mt0mbauwoxrhz0",
    "players": [
      {
        "id": 0,
        "name": "Mohammad Ikram",
        "color": "#E53935",
        "avatar": "https://res.cloudinary.com/dz88yjerw/image/upload/v1786061008/y2bgpcmceri6ogm2anvw.png",
        "cover": "https://res.cloudinary.com/dz88yjerw/image/upload/v1780098021/abtk9davy21pzff2x0cd.png",
        "profileId": "67bf1e4009395add03e1e234",
        "isActive": true,
        "pieces": [
          {
            "id": 0,
            "steps": 0,
            "isHome": true,
            "isInPlay": false
          },
          {
            "id": 1,
            "steps": 0,
            "isHome": true,
            "isInPlay": false
          },
          {
            "id": 2,
            "steps": 0,
            "isHome": true,
            "isInPlay": false
          },
          {
            "id": 3,
            "steps": 0,
            "isHome": true,
            "isInPlay": false
          }
        ],
        "isOffline": false
      },
      {
        "id": 1,
        "name": "Md Atik",
        "color": "#43A047",
        "avatar": "https://res.cloudinary.com/dz88yjerw/image/upload/v1779774308/ccut8qllcbmzl6bxx0yy.png",
        "cover": "https://res.cloudinary.com/dz88yjerw/image/upload/v1759779146/gyshxw4n76fbsohz3rcz.jpg",
        "profileId": "67e431d61e4463f7adfa544e",
        "isActive": false,
        "pieces": [
          {
            "id": 0,
            "steps": 0,
            "isHome": true,
            "isInPlay": false
          },
          {
            "id": 1,
            "steps": 0,
            "isHome": true,
            "isInPlay": false
          },
          {
            "id": 2,
            "steps": 0,
            "isHome": true,
            "isInPlay": false
          },
          {
            "id": 3,
            "steps": 0,
            "isHome": true,
            "isInPlay": false
          }
        ],
        "isOffline": false
      }
    ],
    "selectedPlayerCount": 2,
    "currentPlayer": 1,
    "diceValue": 0,
    "gameStarted": true,
    "timestamp": 1787175790027,
    "playersSeq": 2
  }
}
[2026-08-19T21:43:45.720Z] [LUDO-EVENT] players-get-response {
  "gameId": "mt0mbauwoxrhz0"
}
[2026-08-19T21:43:45.720Z] [LUDO-STATE] game:mt0mbauwoxrhz0 {
  "gameId": "mt0mbauwoxrhz0",
  "snapshot": {
    "gameId": "mt0mbauwoxrhz0",
    "players": [
      {
        "id": 0,
        "name": "Mohammad Ikram",
        "color": "#E53935",
        "avatar": "https://res.cloudinary.com/dz88yjerw/image/upload/v1786061008/y2bgpcmceri6ogm2anvw.png",
        "cover": "https://res.cloudinary.com/dz88yjerw/image/upload/v1780098021/abtk9davy21pzff2x0cd.png",
        "profileId": "67bf1e4009395add03e1e234",
        "isActive": true,
        "pieces": [
          {
            "id": 0,
            "steps": 0,
            "isHome": true,
            "isInPlay": false
          },
          {
            "id": 1,
            "steps": 0,
            "isHome": true,
            "isInPlay": false
          },
          {
            "id": 2,
            "steps": 0,
            "isHome": true,
            "isInPlay": false
          },
          {
            "id": 3,
            "steps": 0,
            "isHome": true,
            "isInPlay": false
          }
        ],
        "isOffline": false
      },
      {
        "id": 1,
        "name": "Md Atik",
        "color": "#43A047",
        "avatar": "https://res.cloudinary.com/dz88yjerw/image/upload/v1779774308/ccut8qllcbmzl6bxx0yy.png",
        "cover": "https://res.cloudinary.com/dz88yjerw/image/upload/v1759779146/gyshxw4n76fbsohz3rcz.jpg",
        "profileId": "67e431d61e4463f7adfa544e",
        "isActive": false,
        "pieces": [
          {
            "id": 0,
            "steps": 0,
            "isHome": true,
            "isInPlay": false
          },
          {
            "id": 1,
            "steps": 0,
            "isHome": true,
            "isInPlay": false
          },
          {
            "id": 2,
            "steps": 0,
            "isHome": true,
            "isInPlay": false
          },
          {
            "id": 3,
            "steps": 0,
            "isHome": true,
            "isInPlay": false
          }
        ],
        "isOffline": false
      }
    ],
    "selectedPlayerCount": 2,
    "currentPlayer": 1,
    "diceValue": 0,
    "gameStarted": true,
    "timestamp": 1787175790027,
    "playersSeq": 2
  }
}
[2026-08-19T21:43:47.980Z] [LUDO-EVENT] players-get-response {
  "gameId": "mt0m6qmjuv9ywz"
}
[2026-08-19T21:43:47.981Z] [LUDO-STATE] game:mt0m6qmjuv9ywz {
  "gameId": "mt0m6qmjuv9ywz",
  "snapshot": {
    "gameId": "mt0m6qmjuv9ywz",
    "players": [
      {
        "id": 0,
        "name": "Md Atik",
        "color": "#E53935",
        "avatar": "https://res.cloudinary.com/dz88yjerw/image/upload/v1786061008/y2bgpcmceri6ogm2anvw.png",
        "profileId": "67bf1e4009395add03e1e234",
        "isActive": false,
        "pieces": [
          {
            "id": 0,
            "steps": 0,
            "isHome": true,
            "isInPlay": false
          },
          {
            "id": 1,
            "steps": 0,
            "isHome": true,
            "isInPlay": false
          },
          {
            "id": 2,
            "steps": 0,
            "isHome": true,
            "isInPlay": false
          },
          {
            "id": 3,
            "steps": 0,
            "isHome": true,
            "isInPlay": false
          }
        ],
        "isOffline": false
      },
      {
        "id": 1,
        "name": "Md Atik",
        "color": "#43A047",
        "avatar": "https://res.cloudinary.com/dz88yjerw/image/upload/v1779774308/ccut8qllcbmzl6bxx0yy.png",
        "cover": "https://res.cloudinary.com/dz88yjerw/image/upload/v1759779146/gyshxw4n76fbsohz3rcz.jpg",
        "profileId": "67e431d61e4463f7adfa544e",
        "isActive": true,
        "pieces": [
          {
            "id": 0,
            "steps": 0,
            "isHome": true,
            "isInPlay": false
          },
          {
            "id": 1,
            "steps": 0,
            "isHome": true,
            "isInPlay": false
          },
          {
            "id": 2,
            "steps": 0,
            "isHome": true,
            "isInPlay": false
          },
          {
            "id": 3,
            "steps": 0,
            "isHome": true,
            "isInPlay": false
          }
        ],
        "isOffline": false
      }
    ],
    "selectedPlayerCount": 2,
    "currentPlayer": 0,
    "diceValue": 0,
    "gameStarted": true,
    "timestamp": 1787175786907,
    "playersSeq": 1
  }
}
[2026-08-19T21:43:48.720Z] [LUDO-EVENT] players-get-response {
  "gameId": "mt0mbauwoxrhz0"
}
[2026-08-19T21:43:48.721Z] [LUDO-STATE] game:mt0mbauwoxrhz0 {
  "gameId": "mt0mbauwoxrhz0",
  "snapshot": {
    "gameId": "mt0mbauwoxrhz0",
    "players": [
      {
        "id": 0,
        "name": "Mohammad Ikram",
        "color": "#E53935",
        "avatar": "https://res.cloudinary.com/dz88yjerw/image/upload/v1786061008/y2bgpcmceri6ogm2anvw.png",
        "cover": "https://res.cloudinary.com/dz88yjerw/image/upload/v1780098021/abtk9davy21pzff2x0cd.png",
        "profileId": "67bf1e4009395add03e1e234",
        "isActive": true,
        "pieces": [
          {
            "id": 0,
            "steps": 0,
            "isHome": true,
            "isInPlay": false
          },
          {
            "id": 1,
            "steps": 0,
            "isHome": true,
            "isInPlay": false
          },
          {
            "id": 2,
            "steps": 0,
            "isHome": true,
            "isInPlay": false
          },
          {
            "id": 3,
            "steps": 0,
            "isHome": true,
            "isInPlay": false
          }
        ],
        "isOffline": false
      },
      {
        "id": 1,
        "name": "Md Atik",
        "color": "#43A047",
        "avatar": "https://res.cloudinary.com/dz88yjerw/image/upload/v1779774308/ccut8qllcbmzl6bxx0yy.png",
        "cover": "https://res.cloudinary.com/dz88yjerw/image/upload/v1759779146/gyshxw4n76fbsohz3rcz.jpg",
        "profileId": "67e431d61e4463f7adfa544e",
        "isActive": false,
        "pieces": [
          {
            "id": 0,
            "steps": 0,
            "isHome": true,
            "isInPlay": false
          },
          {
            "id": 1,
            "steps": 0,
            "isHome": true,
            "isInPlay": false
          },
          {
            "id": 2,
            "steps": 0,
            "isHome": true,
            "isInPlay": false
          },
          {
            "id": 3,
            "steps": 0,
            "isHome": true,
            "isInPlay": false
          }
        ],
        "isOffline": false
      }
    ],
    "selectedPlayerCount": 2,
    "currentPlayer": 1,
    "diceValue": 0,
    "gameStarted": true,
    "timestamp": 1787175790027,
    "playersSeq": 2
  }
}
[2026-08-19T21:43:51.721Z] [LUDO-EVENT] players-get-response {
  "gameId": "mt0mbauwoxrhz0"
}
[2026-08-19T21:43:51.722Z] [LUDO-STATE] game:mt0mbauwoxrhz0 {
  "gameId": "mt0mbauwoxrhz0",
  "snapshot": {
    "gameId": "mt0mbauwoxrhz0",
    "players": [
      {
        "id": 0,
        "name": "Mohammad Ikram",
        "color": "#E53935",
        "avatar": "https://res.cloudinary.com/dz88yjerw/image/upload/v1786061008/y2bgpcmceri6ogm2anvw.png",
        "cover": "https://res.cloudinary.com/dz88yjerw/image/upload/v1780098021/abtk9davy21pzff2x0cd.png",
        "profileId": "67bf1e4009395add03e1e234",
        "isActive": true,
        "pieces": [
          {
            "id": 0,
            "steps": 0,
            "isHome": true,
            "isInPlay": false
          },
          {
            "id": 1,
            "steps": 0,
            "isHome": true,
            "isInPlay": false
          },
          {
            "id": 2,
            "steps": 0,
            "isHome": true,
            "isInPlay": false
          },
          {
            "id": 3,
            "steps": 0,
            "isHome": true,
            "isInPlay": false
          }
        ],
        "isOffline": false
      },
      {
        "id": 1,
        "name": "Md Atik",
        "color": "#43A047",
        "avatar": "https://res.cloudinary.com/dz88yjerw/image/upload/v1779774308/ccut8qllcbmzl6bxx0yy.png",
        "cover": "https://res.cloudinary.com/dz88yjerw/image/upload/v1759779146/gyshxw4n76fbsohz3rcz.jpg",
        "profileId": "67e431d61e4463f7adfa544e",
        "isActive": false,
        "pieces": [
          {
            "id": 0,
            "steps": 0,
            "isHome": true,
            "isInPlay": false
          },
          {
            "id": 1,
            "steps": 0,
            "isHome": true,
            "isInPlay": false
          },
          {
            "id": 2,
            "steps": 0,
            "isHome": true,
            "isInPlay": false
          },
          {
            "id": 3,
            "steps": 0,
            "isHome": true,
            "isInPlay": false
          }
        ],
        "isOffline": false
      }
    ],
    "selectedPlayerCount": 2,
    "currentPlayer": 1,
    "diceValue": 0,
    "gameStarted": true,
    "timestamp": 1787175790027,
    "playersSeq": 2
  }
}
[2026-08-19T21:43:52.027Z] [LUDO-EVENT] players-get-response {
  "gameId": "mt0m6qmjuv9ywz"
}
[2026-08-19T21:43:52.027Z] [LUDO-STATE] game:mt0m6qmjuv9ywz {
  "gameId": "mt0m6qmjuv9ywz",
  "snapshot": {
    "gameId": "mt0m6qmjuv9ywz",
    "players": [
      {
        "id": 0,
        "name": "Md Atik",
        "color": "#E53935",
        "avatar": "https://res.cloudinary.com/dz88yjerw/image/upload/v1786061008/y2bgpcmceri6ogm2anvw.png",
        "profileId": "67bf1e4009395add03e1e234",
        "isActive": false,
        "pieces": [
          {
            "id": 0,
            "steps": 0,
            "isHome": true,
            "isInPlay": false
          },
          {
            "id": 1,
            "steps": 0,
            "isHome": true,
            "isInPlay": false
          },
          {
            "id": 2,
            "steps": 0,
            "isHome": true,
            "isInPlay": false
          },
          {
            "id": 3,
            "steps": 0,
            "isHome": true,
            "isInPlay": false
          }
        ],
        "isOffline": false
      },
      {
        "id": 1,
        "name": "Md Atik",
        "color": "#43A047",
        "avatar": "https://res.cloudinary.com/dz88yjerw/image/upload/v1779774308/ccut8qllcbmzl6bxx0yy.png",
        "cover": "https://res.cloudinary.com/dz88yjerw/image/upload/v1759779146/gyshxw4n76fbsohz3rcz.jpg",
        "profileId": "67e431d61e4463f7adfa544e",
        "isActive": true,
        "pieces": [
          {
            "id": 0,
            "steps": 0,
            "isHome": true,
            "isInPlay": false
          },
          {
            "id": 1,
            "steps": 0,
            "isHome": true,
            "isInPlay": false
          },
          {
            "id": 2,
            "steps": 0,
            "isHome": true,
            "isInPlay": false
          },
          {
            "id": 3,
            "steps": 0,
            "isHome": true,
            "isInPlay": false
          }
        ],
        "isOffline": false
      }
    ],
    "selectedPlayerCount": 2,
    "currentPlayer": 0,
    "diceValue": 0,
    "gameStarted": true,
    "timestamp": 1787175786907,
    "playersSeq": 1
  }
}
[2026-08-19T21:43:54.722Z] [LUDO-EVENT] players-get-response {
  "gameId": "mt0mbauwoxrhz0"
}
[2026-08-19T21:43:54.723Z] [LUDO-STATE] game:mt0mbauwoxrhz0 {
  "gameId": "mt0mbauwoxrhz0",
  "snapshot": {
    "gameId": "mt0mbauwoxrhz0",
    "players": [
      {
        "id": 0,
        "name": "Mohammad Ikram",
        "color": "#E53935",
        "avatar": "https://res.cloudinary.com/dz88yjerw/image/upload/v1786061008/y2bgpcmceri6ogm2anvw.png",
        "cover": "https://res.cloudinary.com/dz88yjerw/image/upload/v1780098021/abtk9davy21pzff2x0cd.png",
        "profileId": "67bf1e4009395add03e1e234",
        "isActive": true,
        "pieces": [
          {
            "id": 0,
            "steps": 0,
            "isHome": true,
            "isInPlay": false
          },
          {
            "id": 1,
            "steps": 0,
            "isHome": true,
            "isInPlay": false
          },
          {
            "id": 2,
            "steps": 0,
            "isHome": true,
            "isInPlay": false
          },
          {
            "id": 3,
            "steps": 0,
            "isHome": true,
            "isInPlay": false
          }
        ],
        "isOffline": false
      },
      {
        "id": 1,
        "name": "Md Atik",
        "color": "#43A047",
        "avatar": "https://res.cloudinary.com/dz88yjerw/image/upload/v1779774308/ccut8qllcbmzl6bxx0yy.png",
        "cover": "https://res.cloudinary.com/dz88yjerw/image/upload/v1759779146/gyshxw4n76fbsohz3rcz.jpg",
        "profileId": "67e431d61e4463f7adfa544e",
        "isActive": false,
        "pieces": [
          {
            "id": 0,
            "steps": 0,
            "isHome": true,
            "isInPlay": false
          },
          {
            "id": 1,
            "steps": 0,
            "isHome": true,
            "isInPlay": false
          },
          {
            "id": 2,
            "steps": 0,
            "isHome": true,
            "isInPlay": false
          },
          {
            "id": 3,
            "steps": 0,
            "isHome": true,
            "isInPlay": false
          }
        ],
        "isOffline": false
      }
    ],
    "selectedPlayerCount": 2,
    "currentPlayer": 1,
    "diceValue": 0,
    "gameStarted": true,
    "timestamp": 1787175790027,
    "playersSeq": 2
  }
}
[2026-08-19T21:43:57.734Z] [LUDO-EVENT] players-get-response {
  "gameId": "mt0mbauwoxrhz0"
}
[2026-08-19T21:43:57.735Z] [LUDO-STATE] game:mt0mbauwoxrhz0 {
  "gameId": "mt0mbauwoxrhz0",
  "snapshot": {
    "gameId": "mt0mbauwoxrhz0",
    "players": [
      {
        "id": 0,
        "name": "Mohammad Ikram",
        "color": "#E53935",
        "avatar": "https://res.cloudinary.com/dz88yjerw/image/upload/v1786061008/y2bgpcmceri6ogm2anvw.png",
        "cover": "https://res.cloudinary.com/dz88yjerw/image/upload/v1780098021/abtk9davy21pzff2x0cd.png",
        "profileId": "67bf1e4009395add03e1e234",
        "isActive": true,
        "pieces": [
          {
            "id": 0,
            "steps": 0,
            "isHome": true,
            "isInPlay": false
          },
          {
            "id": 1,
            "steps": 0,
            "isHome": true,
            "isInPlay": false
          },
          {
            "id": 2,
            "steps": 0,
            "isHome": true,
            "isInPlay": false
          },
          {
            "id": 3,
            "steps": 0,
            "isHome": true,
            "isInPlay": false
          }
        ],
        "isOffline": false
      },
      {
        "id": 1,
        "name": "Md Atik",
        "color": "#43A047",
        "avatar": "https://res.cloudinary.com/dz88yjerw/image/upload/v1779774308/ccut8qllcbmzl6bxx0yy.png",
        "cover": "https://res.cloudinary.com/dz88yjerw/image/upload/v1759779146/gyshxw4n76fbsohz3rcz.jpg",
        "profileId": "67e431d61e4463f7adfa544e",
        "isActive": false,
        "pieces": [
          {
            "id": 0,
            "steps": 0,
            "isHome": true,
            "isInPlay": false
          },
          {
            "id": 1,
            "steps": 0,
            "isHome": true,
            "isInPlay": false
          },
          {
            "id": 2,
            "steps": 0,
            "isHome": true,
            "isInPlay": false
          },
          {
            "id": 3,
            "steps": 0,
            "isHome": true,
            "isInPlay": false
          }
        ],
        "isOffline": false
      }
    ],
    "selectedPlayerCount": 2,
    "currentPlayer": 1,
    "diceValue": 0,
    "gameStarted": true,
    "timestamp": 1787175790027,
    "playersSeq": 2
  }
}
[2026-08-19T21:43:58.045Z] [LUDO-EVENT] players-get-response {
  "gameId": "mt0m6qmjuv9ywz"
}
[2026-08-19T21:43:58.046Z] [LUDO-STATE] game:mt0m6qmjuv9ywz {
  "gameId": "mt0m6qmjuv9ywz",
  "snapshot": {
    "gameId": "mt0m6qmjuv9ywz",
    "players": [
      {
        "id": 0,
        "name": "Md Atik",
        "color": "#E53935",
        "avatar": "https://res.cloudinary.com/dz88yjerw/image/upload/v1786061008/y2bgpcmceri6ogm2anvw.png",
        "profileId": "67bf1e4009395add03e1e234",
        "isActive": false,
        "pieces": [
          {
            "id": 0,
            "steps": 0,
            "isHome": true,
            "isInPlay": false
          },
          {
            "id": 1,
            "steps": 0,
            "isHome": true,
            "isInPlay": false
          },
          {
            "id": 2,
            "steps": 0,
            "isHome": true,
            "isInPlay": false
          },
          {
            "id": 3,
            "steps": 0,
            "isHome": true,
            "isInPlay": false
          }
        ],
        "isOffline": false
      },
      {
        "id": 1,
        "name": "Md Atik",
        "color": "#43A047",
        "avatar": "https://res.cloudinary.com/dz88yjerw/image/upload/v1779774308/ccut8qllcbmzl6bxx0yy.png",
        "cover": "https://res.cloudinary.com/dz88yjerw/image/upload/v1759779146/gyshxw4n76fbsohz3rcz.jpg",
        "profileId": "67e431d61e4463f7adfa544e",
        "isActive": true,
        "pieces": [
          {
            "id": 0,
            "steps": 0,
            "isHome": true,
            "isInPlay": false
          },
          {
            "id": 1,
            "steps": 0,
            "isHome": true,
            "isInPlay": false
          },
          {
            "id": 2,
            "steps": 0,
            "isHome": true,
            "isInPlay": false
          },
          {
            "id": 3,
            "steps": 0,
            "isHome": true,
            "isInPlay": false
          }
        ],
        "isOffline": false
      }
    ],
    "selectedPlayerCount": 2,
    "currentPlayer": 0,
    "diceValue": 0,
    "gameStarted": true,
    "timestamp": 1787175786907,
    "playersSeq": 1
  }
}
[2026-08-19T21:44:00.735Z] [LUDO-EVENT] players-get-response {
  "gameId": "mt0mbauwoxrhz0"
}
[2026-08-19T21:44:00.735Z] [LUDO-STATE] game:mt0mbauwoxrhz0 {
  "gameId": "mt0mbauwoxrhz0",
  "snapshot": {
    "gameId": "mt0mbauwoxrhz0",
    "players": [
      {
        "id": 0,
        "name": "Mohammad Ikram",
        "color": "#E53935",
        "avatar": "https://res.cloudinary.com/dz88yjerw/image/upload/v1786061008/y2bgpcmceri6ogm2anvw.png",
        "cover": "https://res.cloudinary.com/dz88yjerw/image/upload/v1780098021/abtk9davy21pzff2x0cd.png",
        "profileId": "67bf1e4009395add03e1e234",
        "isActive": true,
        "pieces": [
          {
            "id": 0,
            "steps": 0,
            "isHome": true,
            "isInPlay": false
          },
          {
            "id": 1,
            "steps": 0,
            "isHome": true,
            "isInPlay": false
          },
          {
            "id": 2,
            "steps": 0,
            "isHome": true,
            "isInPlay": false
          },
          {
            "id": 3,
            "steps": 0,
            "isHome": true,
            "isInPlay": false
          }
        ],
        "isOffline": false
      },
      {
        "id": 1,
        "name": "Md Atik",
        "color": "#43A047",
        "avatar": "https://res.cloudinary.com/dz88yjerw/image/upload/v1779774308/ccut8qllcbmzl6bxx0yy.png",
        "cover": "https://res.cloudinary.com/dz88yjerw/image/upload/v1759779146/gyshxw4n76fbsohz3rcz.jpg",
        "profileId": "67e431d61e4463f7adfa544e",
        "isActive": false,
        "pieces": [
          {
            "id": 0,
            "steps": 0,
            "isHome": true,
            "isInPlay": false
          },
          {
            "id": 1,
            "steps": 0,
            "isHome": true,
            "isInPlay": false
          },
          {
            "id": 2,
            "steps": 0,
            "isHome": true,
            "isInPlay": false
          },
          {
            "id": 3,
            "steps": 0,
            "isHome": true,
            "isInPlay": false
          }
        ],
        "isOffline": false
      }
    ],
    "selectedPlayerCount": 2,
    "currentPlayer": 1,
    "diceValue": 0,
    "gameStarted": true,
    "timestamp": 1787175790027,
    "playersSeq": 2
  }
}
[2026-08-19T21:44:01.023Z] [LUDO-EVENT] players-get-response {
  "gameId": "mt0m6qmjuv9ywz"
}
[2026-08-19T21:44:01.024Z] [LUDO-STATE] game:mt0m6qmjuv9ywz {
  "gameId": "mt0m6qmjuv9ywz",
  "snapshot": {
    "gameId": "mt0m6qmjuv9ywz",
    "players": [
      {
        "id": 0,
        "name": "Md Atik",
        "color": "#E53935",
        "avatar": "https://res.cloudinary.com/dz88yjerw/image/upload/v1786061008/y2bgpcmceri6ogm2anvw.png",
        "profileId": "67bf1e4009395add03e1e234",
        "isActive": false,
        "pieces": [
          {
            "id": 0,
            "steps": 0,
            "isHome": true,
            "isInPlay": false
          },
          {
            "id": 1,
            "steps": 0,
            "isHome": true,
            "isInPlay": false
          },
          {
            "id": 2,
            "steps": 0,
            "isHome": true,
            "isInPlay": false
          },
          {
            "id": 3,
            "steps": 0,
            "isHome": true,
            "isInPlay": false
          }
        ],
        "isOffline": false
      },
      {
        "id": 1,
        "name": "Md Atik",
        "color": "#43A047",
        "avatar": "https://res.cloudinary.com/dz88yjerw/image/upload/v1779774308/ccut8qllcbmzl6bxx0yy.png",
        "cover": "https://res.cloudinary.com/dz88yjerw/image/upload/v1759779146/gyshxw4n76fbsohz3rcz.jpg",
        "profileId": "67e431d61e4463f7adfa544e",
        "isActive": true,
        "pieces": [
          {
            "id": 0,
            "steps": 0,
            "isHome": true,
            "isInPlay": false
          },
          {
            "id": 1,
            "steps": 0,
            "isHome": true,
            "isInPlay": false
          },
          {
            "id": 2,
            "steps": 0,
            "isHome": true,
            "isInPlay": false
          },
          {
            "id": 3,
            "steps": 0,
            "isHome": true,
            "isInPlay": false
          }
        ],
        "isOffline": false
      }
    ],
    "selectedPlayerCount": 2,
    "currentPlayer": 0,
    "diceValue": 0,
    "gameStarted": true,
    "timestamp": 1787175786907,
    "playersSeq": 1
  }
}
[2026-08-19T21:44:03.737Z] [LUDO-EVENT] players-get-response {
  "gameId": "mt0mbauwoxrhz0"
}
[2026-08-19T21:44:03.738Z] [LUDO-STATE] game:mt0mbauwoxrhz0 {
  "gameId": "mt0mbauwoxrhz0",
  "snapshot": {
    "gameId": "mt0mbauwoxrhz0",
    "players": [
      {
        "id": 0,
        "name": "Mohammad Ikram",
        "color": "#E53935",
        "avatar": "https://res.cloudinary.com/dz88yjerw/image/upload/v1786061008/y2bgpcmceri6ogm2anvw.png",
        "cover": "https://res.cloudinary.com/dz88yjerw/image/upload/v1780098021/abtk9davy21pzff2x0cd.png",
        "profileId": "67bf1e4009395add03e1e234",
        "isActive": true,
        "pieces": [
          {
            "id": 0,
            "steps": 0,
            "isHome": true,
            "isInPlay": false
          },
          {
            "id": 1,
            "steps": 0,
            "isHome": true,
            "isInPlay": false
          },
          {
            "id": 2,
            "steps": 0,
            "isHome": true,
            "isInPlay": false
          },
          {
            "id": 3,
            "steps": 0,
            "isHome": true,
            "isInPlay": false
          }
        ],
        "isOffline": false
      },
      {
        "id": 1,
        "name": "Md Atik",
        "color": "#43A047",
        "avatar": "https://res.cloudinary.com/dz88yjerw/image/upload/v1779774308/ccut8qllcbmzl6bxx0yy.png",
        "cover": "https://res.cloudinary.com/dz88yjerw/image/upload/v1759779146/gyshxw4n76fbsohz3rcz.jpg",
        "profileId": "67e431d61e4463f7adfa544e",
        "isActive": false,
        "pieces": [
          {
            "id": 0,
            "steps": 0,
            "isHome": true,
            "isInPlay": false
          },
          {
            "id": 1,
            "steps": 0,
            "isHome": true,
            "isInPlay": false
          },
          {
            "id": 2,
            "steps": 0,
            "isHome": true,
            "isInPlay": false
          },
          {
            "id": 3,
            "steps": 0,
            "isHome": true,
            "isInPlay": false
          }
        ],
        "isOffline": false
      }
    ],
    "selectedPlayerCount": 2,
    "currentPlayer": 1,
    "diceValue": 0,
    "gameStarted": true,
    "timestamp": 1787175790027,
    "playersSeq": 2
  }
}
[2026-08-19T21:44:06.762Z] [LUDO-EVENT] players-get-response {
  "gameId": "mt0mbauwoxrhz0"
}
[2026-08-19T21:44:06.763Z] [LUDO-STATE] game:mt0mbauwoxrhz0 {
  "gameId": "mt0mbauwoxrhz0",
  "snapshot": {
    "gameId": "mt0mbauwoxrhz0",
    "players": [
      {
        "id": 0,
        "name": "Mohammad Ikram",
        "color": "#E53935",
        "avatar": "https://res.cloudinary.com/dz88yjerw/image/upload/v1786061008/y2bgpcmceri6ogm2anvw.png",
        "cover": "https://res.cloudinary.com/dz88yjerw/image/upload/v1780098021/abtk9davy21pzff2x0cd.png",
        "profileId": "67bf1e4009395add03e1e234",
        "isActive": true,
        "pieces": [
          {
            "id": 0,
            "steps": 0,
            "isHome": true,
            "isInPlay": false
          },
          {
            "id": 1,
            "steps": 0,
            "isHome": true,
            "isInPlay": false
          },
          {
            "id": 2,
            "steps": 0,
            "isHome": true,
            "isInPlay": false
          },
          {
            "id": 3,
            "steps": 0,
            "isHome": true,
            "isInPlay": false
          }
        ],
        "isOffline": false
      },
      {
        "id": 1,
        "name": "Md Atik",
        "color": "#43A047",
        "avatar": "https://res.cloudinary.com/dz88yjerw/image/upload/v1779774308/ccut8qllcbmzl6bxx0yy.png",
        "cover": "https://res.cloudinary.com/dz88yjerw/image/upload/v1759779146/gyshxw4n76fbsohz3rcz.jpg",
        "profileId": "67e431d61e4463f7adfa544e",
        "isActive": false,
        "pieces": [
          {
            "id": 0,
            "steps": 0,
            "isHome": true,
            "isInPlay": false
          },
          {
            "id": 1,
            "steps": 0,
            "isHome": true,
            "isInPlay": false
          },
          {
            "id": 2,
            "steps": 0,
            "isHome": true,
            "isInPlay": false
          },
          {
            "id": 3,
            "steps": 0,
            "isHome": true,
            "isInPlay": false
          }
        ],
        "isOffline": false
      }
    ],
    "selectedPlayerCount": 2,
    "currentPlayer": 1,
    "diceValue": 0,
    "gameStarted": true,
    "timestamp": 1787175790027,
    "playersSeq": 2
  }
}
[2026-08-19T21:44:07.069Z] [LUDO-EVENT] players-get-response {
  "gameId": "mt0m6qmjuv9ywz"
}
[2026-08-19T21:44:07.070Z] [LUDO-STATE] game:mt0m6qmjuv9ywz {
  "gameId": "mt0m6qmjuv9ywz",
  "snapshot": {
    "gameId": "mt0m6qmjuv9ywz",
    "players": [
      {
        "id": 0,
        "name": "Md Atik",
        "color": "#E53935",
        "avatar": "https://res.cloudinary.com/dz88yjerw/image/upload/v1786061008/y2bgpcmceri6ogm2anvw.png",
        "profileId": "67bf1e4009395add03e1e234",
        "isActive": false,
        "pieces": [
          {
            "id": 0,
            "steps": 0,
            "isHome": true,
            "isInPlay": false
          },
          {
            "id": 1,
            "steps": 0,
            "isHome": true,
            "isInPlay": false
          },
          {
            "id": 2,
            "steps": 0,
            "isHome": true,
            "isInPlay": false
          },
          {
            "id": 3,
            "steps": 0,
            "isHome": true,
            "isInPlay": false
          }
        ],
        "isOffline": false
      },
      {
        "id": 1,
        "name": "Md Atik",
        "color": "#43A047",
        "avatar": "https://res.cloudinary.com/dz88yjerw/image/upload/v1779774308/ccut8qllcbmzl6bxx0yy.png",
        "cover": "https://res.cloudinary.com/dz88yjerw/image/upload/v1759779146/gyshxw4n76fbsohz3rcz.jpg",
        "profileId": "67e431d61e4463f7adfa544e",
        "isActive": true,
        "pieces": [
          {
            "id": 0,
            "steps": 0,
            "isHome": true,
            "isInPlay": false
          },
          {
            "id": 1,
            "steps": 0,
            "isHome": true,
            "isInPlay": false
          },
          {
            "id": 2,
            "steps": 0,
            "isHome": true,
            "isInPlay": false
          },
          {
            "id": 3,
            "steps": 0,
            "isHome": true,
            "isInPlay": false
          }
        ],
        "isOffline": false
      }
    ],
    "selectedPlayerCount": 2,
    "currentPlayer": 0,
    "diceValue": 0,
    "gameStarted": true,
    "timestamp": 1787175786907,
    "playersSeq": 1
  }
}
[2026-08-19T21:44:09.764Z] [LUDO-EVENT] players-get-response {
  "gameId": "mt0mbauwoxrhz0"
}
[2026-08-19T21:44:09.764Z] [LUDO-STATE] game:mt0mbauwoxrhz0 {
  "gameId": "mt0mbauwoxrhz0",
  "snapshot": {
    "gameId": "mt0mbauwoxrhz0",
    "players": [
      {
        "id": 0,
        "name": "Mohammad Ikram",
        "color": "#E53935",
        "avatar": "https://res.cloudinary.com/dz88yjerw/image/upload/v1786061008/y2bgpcmceri6ogm2anvw.png",
        "cover": "https://res.cloudinary.com/dz88yjerw/image/upload/v1780098021/abtk9davy21pzff2x0cd.png",
        "profileId": "67bf1e4009395add03e1e234",
        "isActive": true,
        "pieces": [
          {
            "id": 0,
            "steps": 0,
            "isHome": true,
            "isInPlay": false
          },
          {
            "id": 1,
            "steps": 0,
            "isHome": true,
            "isInPlay": false
          },
          {
            "id": 2,
            "steps": 0,
            "isHome": true,
            "isInPlay": false
          },
          {
            "id": 3,
            "steps": 0,
            "isHome": true,
            "isInPlay": false
          }
        ],
        "isOffline": false
      },
      {
        "id": 1,
        "name": "Md Atik",
        "color": "#43A047",
        "avatar": "https://res.cloudinary.com/dz88yjerw/image/upload/v1779774308/ccut8qllcbmzl6bxx0yy.png",
        "cover": "https://res.cloudinary.com/dz88yjerw/image/upload/v1759779146/gyshxw4n76fbsohz3rcz.jpg",
        "profileId": "67e431d61e4463f7adfa544e",
        "isActive": false,
        "pieces": [
          {
            "id": 0,
            "steps": 0,
            "isHome": true,
            "isInPlay": false
          },
          {
            "id": 1,
            "steps": 0,
            "isHome": true,
            "isInPlay": false
          },
          {
            "id": 2,
            "steps": 0,
            "isHome": true,
            "isInPlay": false
          },
          {
            "id": 3,
            "steps": 0,
            "isHome": true,
            "isInPlay": false
          }
        ],
        "isOffline": false
      }
    ],
    "selectedPlayerCount": 2,
    "currentPlayer": 1,
    "diceValue": 0,
    "gameStarted": true,
    "timestamp": 1787175790027,
    "playersSeq": 2
  }
}
[2026-08-19T21:44:12.764Z] [LUDO-EVENT] players-get-response {
  "gameId": "mt0mbauwoxrhz0"
}
[2026-08-19T21:44:12.765Z] [LUDO-STATE] game:mt0mbauwoxrhz0 {
  "gameId": "mt0mbauwoxrhz0",
  "snapshot": {
    "gameId": "mt0mbauwoxrhz0",
    "players": [
      {
        "id": 0,
        "name": "Mohammad Ikram",
        "color": "#E53935",
        "avatar": "https://res.cloudinary.com/dz88yjerw/image/upload/v1786061008/y2bgpcmceri6ogm2anvw.png",
        "cover": "https://res.cloudinary.com/dz88yjerw/image/upload/v1780098021/abtk9davy21pzff2x0cd.png",
        "profileId": "67bf1e4009395add03e1e234",
        "isActive": true,
        "pieces": [
          {
            "id": 0,
            "steps": 0,
            "isHome": true,
            "isInPlay": false
          },
          {
            "id": 1,
            "steps": 0,
            "isHome": true,
            "isInPlay": false
          },
          {
            "id": 2,
            "steps": 0,
            "isHome": true,
            "isInPlay": false
          },
          {
            "id": 3,
            "steps": 0,
            "isHome": true,
            "isInPlay": false
          }
        ],
        "isOffline": false
      },
      {
        "id": 1,
        "name": "Md Atik",
        "color": "#43A047",
        "avatar": "https://res.cloudinary.com/dz88yjerw/image/upload/v1779774308/ccut8qllcbmzl6bxx0yy.png",
        "cover": "https://res.cloudinary.com/dz88yjerw/image/upload/v1759779146/gyshxw4n76fbsohz3rcz.jpg",
        "profileId": "67e431d61e4463f7adfa544e",
        "isActive": false,
        "pieces": [
          {
            "id": 0,
            "steps": 0,
            "isHome": true,
            "isInPlay": false
          },
          {
            "id": 1,
            "steps": 0,
            "isHome": true,
            "isInPlay": false
          },
          {
            "id": 2,
            "steps": 0,
            "isHome": true,
            "isInPlay": false
          },
          {
            "id": 3,
            "steps": 0,
            "isHome": true,
            "isInPlay": false
          }
        ],
        "isOffline": false
      }
    ],
    "selectedPlayerCount": 2,
    "currentPlayer": 1,
    "diceValue": 0,
    "gameStarted": true,
    "timestamp": 1787175790027,
    "playersSeq": 2
  }
}
[2026-08-19T21:44:13.026Z] [LUDO-EVENT] players-get-response {
  "gameId": "mt0m6qmjuv9ywz"
}
[2026-08-19T21:44:13.027Z] [LUDO-STATE] game:mt0m6qmjuv9ywz {
  "gameId": "mt0m6qmjuv9ywz",
  "snapshot": {
    "gameId": "mt0m6qmjuv9ywz",
    "players": [
      {
        "id": 0,
        "name": "Md Atik",
        "color": "#E53935",
        "avatar": "https://res.cloudinary.com/dz88yjerw/image/upload/v1786061008/y2bgpcmceri6ogm2anvw.png",
        "profileId": "67bf1e4009395add03e1e234",
        "isActive": false,
        "pieces": [
          {
            "id": 0,
            "steps": 0,
            "isHome": true,
            "isInPlay": false
          },
          {
            "id": 1,
            "steps": 0,
            "isHome": true,
            "isInPlay": false
          },
          {
            "id": 2,
            "steps": 0,
            "isHome": true,
            "isInPlay": false
          },
          {
            "id": 3,
            "steps": 0,
            "isHome": true,
            "isInPlay": false
          }
        ],
        "isOffline": false
      },
      {
        "id": 1,
        "name": "Md Atik",
        "color": "#43A047",
        "avatar": "https://res.cloudinary.com/dz88yjerw/image/upload/v1779774308/ccut8qllcbmzl6bxx0yy.png",
        "cover": "https://res.cloudinary.com/dz88yjerw/image/upload/v1759779146/gyshxw4n76fbsohz3rcz.jpg",
        "profileId": "67e431d61e4463f7adfa544e",
        "isActive": true,
        "pieces": [
          {
            "id": 0,
            "steps": 0,
            "isHome": true,
            "isInPlay": false
          },
          {
            "id": 1,
            "steps": 0,
            "isHome": true,
            "isInPlay": false
          },
          {
            "id": 2,
            "steps": 0,
            "isHome": true,
            "isInPlay": false
          },
          {
            "id": 3,
            "steps": 0,
            "isHome": true,
            "isInPlay": false
          }
        ],
        "isOffline": false
      }
    ],
    "selectedPlayerCount": 2,
    "currentPlayer": 0,
    "diceValue": 0,
    "gameStarted": true,
    "timestamp": 1787175786907,
    "playersSeq": 1
  }
}
[2026-08-19T21:44:15.891Z] [LUDO-EVENT] players-get-response {
  "gameId": "mt0mbauwoxrhz0"
}
[2026-08-19T21:44:15.891Z] [LUDO-STATE] game:mt0mbauwoxrhz0 {
  "gameId": "mt0mbauwoxrhz0",
  "snapshot": {
    "gameId": "mt0mbauwoxrhz0",
    "players": [
      {
        "id": 0,
        "name": "Mohammad Ikram",
        "color": "#E53935",
        "avatar": "https://res.cloudinary.com/dz88yjerw/image/upload/v1786061008/y2bgpcmceri6ogm2anvw.png",
        "cover": "https://res.cloudinary.com/dz88yjerw/image/upload/v1780098021/abtk9davy21pzff2x0cd.png",
        "profileId": "67bf1e4009395add03e1e234",
        "isActive": true,
        "pieces": [
          {
            "id": 0,
            "steps": 0,
            "isHome": true,
            "isInPlay": false
          },
          {
            "id": 1,
            "steps": 0,
            "isHome": true,
            "isInPlay": false
          },
          {
            "id": 2,
            "steps": 0,
            "isHome": true,
            "isInPlay": false
          },
          {
            "id": 3,
            "steps": 0,
            "isHome": true,
            "isInPlay": false
          }
        ],
        "isOffline": false
      },
      {
        "id": 1,
        "name": "Md Atik",
        "color": "#43A047",
        "avatar": "https://res.cloudinary.com/dz88yjerw/image/upload/v1779774308/ccut8qllcbmzl6bxx0yy.png",
        "cover": "https://res.cloudinary.com/dz88yjerw/image/upload/v1759779146/gyshxw4n76fbsohz3rcz.jpg",
        "profileId": "67e431d61e4463f7adfa544e",
        "isActive": false,
        "pieces": [
          {
            "id": 0,
            "steps": 0,
            "isHome": true,
            "isInPlay": false
          },
          {
            "id": 1,
            "steps": 0,
            "isHome": true,
            "isInPlay": false
          },
          {
            "id": 2,
            "steps": 0,
            "isHome": true,
            "isInPlay": false
          },
          {
            "id": 3,
            "steps": 0,
            "isHome": true,
            "isInPlay": false
          }
        ],
        "isOffline": false
      }
    ],
    "selectedPlayerCount": 2,
    "currentPlayer": 1,
    "diceValue": 0,
    "gameStarted": true,
    "timestamp": 1787175790027,
    "playersSeq": 2
  }
}
[2026-08-19T21:44:18.468Z] [LUDO-EVENT] players-get-response {
  "gameId": "mt0m6qmjuv9ywz"
}
[2026-08-19T21:44:18.469Z] [LUDO-STATE] game:mt0m6qmjuv9ywz {
  "gameId": "mt0m6qmjuv9ywz",
  "snapshot": {
    "gameId": "mt0m6qmjuv9ywz",
    "players": [
      {
        "id": 0,
        "name": "Md Atik",
        "color": "#E53935",
        "avatar": "https://res.cloudinary.com/dz88yjerw/image/upload/v1786061008/y2bgpcmceri6ogm2anvw.png",
        "profileId": "67bf1e4009395add03e1e234",
        "isActive": false,
        "pieces": [
          {
            "id": 0,
            "steps": 0,
            "isHome": true,
            "isInPlay": false
          },
          {
            "id": 1,
            "steps": 0,
            "isHome": true,
            "isInPlay": false
          },
          {
            "id": 2,
            "steps": 0,
            "isHome": true,
            "isInPlay": false
          },
          {
            "id": 3,
            "steps": 0,
            "isHome": true,
            "isInPlay": false
          }
        ],
        "isOffline": false
      },
      {
        "id": 1,
        "name": "Md Atik",
        "color": "#43A047",
        "avatar": "https://res.cloudinary.com/dz88yjerw/image/upload/v1779774308/ccut8qllcbmzl6bxx0yy.png",
        "cover": "https://res.cloudinary.com/dz88yjerw/image/upload/v1759779146/gyshxw4n76fbsohz3rcz.jpg",
        "profileId": "67e431d61e4463f7adfa544e",
        "isActive": true,
        "pieces": [
          {
            "id": 0,
            "steps": 0,
            "isHome": true,
            "isInPlay": false
          },
          {
            "id": 1,
            "steps": 0,
            "isHome": true,
            "isInPlay": false
          },
          {
            "id": 2,
            "steps": 0,
            "isHome": true,
            "isInPlay": false
          },
          {
            "id": 3,
            "steps": 0,
            "isHome": true,
            "isInPlay": false
          }
        ],
        "isOffline": false
      }
    ],
    "selectedPlayerCount": 2,
    "currentPlayer": 0,
    "diceValue": 0,
    "gameStarted": true,
    "timestamp": 1787175786907,
    "playersSeq": 1
  }
}
[2026-08-19T21:44:18.893Z] [LUDO-EVENT] players-get-response {
  "gameId": "mt0mbauwoxrhz0"
}
[2026-08-19T21:44:18.893Z] [LUDO-STATE] game:mt0mbauwoxrhz0 {
  "gameId": "mt0mbauwoxrhz0",
  "snapshot": {
    "gameId": "mt0mbauwoxrhz0",
    "players": [
      {
        "id": 0,
        "name": "Mohammad Ikram",
        "color": "#E53935",
        "avatar": "https://res.cloudinary.com/dz88yjerw/image/upload/v1786061008/y2bgpcmceri6ogm2anvw.png",
        "cover": "https://res.cloudinary.com/dz88yjerw/image/upload/v1780098021/abtk9davy21pzff2x0cd.png",
        "profileId": "67bf1e4009395add03e1e234",
        "isActive": true,
        "pieces": [
          {
            "id": 0,
            "steps": 0,
            "isHome": true,
            "isInPlay": false
          },
          {
            "id": 1,
            "steps": 0,
            "isHome": true,
            "isInPlay": false
          },
          {
            "id": 2,
            "steps": 0,
            "isHome": true,
            "isInPlay": false
          },
          {
            "id": 3,
            "steps": 0,
            "isHome": true,
            "isInPlay": false
          }
        ],
        "isOffline": false
      },
      {
        "id": 1,
        "name": "Md Atik",
        "color": "#43A047",
        "avatar": "https://res.cloudinary.com/dz88yjerw/image/upload/v1779774308/ccut8qllcbmzl6bxx0yy.png",
        "cover": "https://res.cloudinary.com/dz88yjerw/image/upload/v1759779146/gyshxw4n76fbsohz3rcz.jpg",
        "profileId": "67e431d61e4463f7adfa544e",
        "isActive": false,
        "pieces": [
          {
            "id": 0,
            "steps": 0,
            "isHome": true,
            "isInPlay": false
          },
          {
            "id": 1,
            "steps": 0,
            "isHome": true,
            "isInPlay": false
          },
          {
            "id": 2,
            "steps": 0,
            "isHome": true,
            "isInPlay": false
          },
          {
            "id": 3,
            "steps": 0,
            "isHome": true,
            "isInPlay": false
          }
        ],
        "isOffline": false
      }
    ],
    "selectedPlayerCount": 2,
    "currentPlayer": 1,
    "diceValue": 0,
    "gameStarted": true,
    "timestamp": 1787175790027,
    "playersSeq": 2
  }
}
[2026-08-19T21:44:21.894Z] [LUDO-EVENT] players-get-response {
  "gameId": "mt0mbauwoxrhz0"
}
[2026-08-19T21:44:21.895Z] [LUDO-STATE] game:mt0mbauwoxrhz0 {
  "gameId": "mt0mbauwoxrhz0",
  "snapshot": {
    "gameId": "mt0mbauwoxrhz0",
    "players": [
      {
        "id": 0,
        "name": "Mohammad Ikram",
        "color": "#E53935",
        "avatar": "https://res.cloudinary.com/dz88yjerw/image/upload/v1786061008/y2bgpcmceri6ogm2anvw.png",
        "cover": "https://res.cloudinary.com/dz88yjerw/image/upload/v1780098021/abtk9davy21pzff2x0cd.png",
        "profileId": "67bf1e4009395add03e1e234",
        "isActive": true,
        "pieces": [
          {
            "id": 0,
            "steps": 0,
            "isHome": true,
            "isInPlay": false
          },
          {
            "id": 1,
            "steps": 0,
            "isHome": true,
            "isInPlay": false
          },
          {
            "id": 2,
            "steps": 0,
            "isHome": true,
            "isInPlay": false
          },
          {
            "id": 3,
            "steps": 0,
            "isHome": true,
            "isInPlay": false
          }
        ],
        "isOffline": false
      },
      {
        "id": 1,
        "name": "Md Atik",
        "color": "#43A047",
        "avatar": "https://res.cloudinary.com/dz88yjerw/image/upload/v1779774308/ccut8qllcbmzl6bxx0yy.png",
        "cover": "https://res.cloudinary.com/dz88yjerw/image/upload/v1759779146/gyshxw4n76fbsohz3rcz.jpg",
        "profileId": "67e431d61e4463f7adfa544e",
        "isActive": false,
        "pieces": [
          {
            "id": 0,
            "steps": 0,
            "isHome": true,
            "isInPlay": false
          },
          {
            "id": 1,
            "steps": 0,
            "isHome": true,
            "isInPlay": false
          },
          {
            "id": 2,
            "steps": 0,
            "isHome": true,
            "isInPlay": false
          },
          {
            "id": 3,
            "steps": 0,
            "isHome": true,
            "isInPlay": false
          }
        ],
        "isOffline": false
      }
    ],
    "selectedPlayerCount": 2,
    "currentPlayer": 1,
    "diceValue": 0,
    "gameStarted": true,
    "timestamp": 1787175790027,
    "playersSeq": 2
  }
}
[2026-08-19T21:44:23.762Z] [LUDO-EVENT] players-get-response {
  "gameId": "mt0m6qmjuv9ywz"
}
[2026-08-19T21:44:23.763Z] [LUDO-STATE] game:mt0m6qmjuv9ywz {
  "gameId": "mt0m6qmjuv9ywz",
  "snapshot": {
    "gameId": "mt0m6qmjuv9ywz",
    "players": [
      {
        "id": 0,
        "name": "Md Atik",
        "color": "#E53935",
        "avatar": "https://res.cloudinary.com/dz88yjerw/image/upload/v1786061008/y2bgpcmceri6ogm2anvw.png",
        "profileId": "67bf1e4009395add03e1e234",
        "isActive": false,
        "pieces": [
          {
            "id": 0,
            "steps": 0,
            "isHome": true,
            "isInPlay": false
          },
          {
            "id": 1,
            "steps": 0,
            "isHome": true,
            "isInPlay": false
          },
          {
            "id": 2,
            "steps": 0,
            "isHome": true,
            "isInPlay": false
          },
          {
            "id": 3,
            "steps": 0,
            "isHome": true,
            "isInPlay": false
          }
        ],
        "isOffline": false
      },
      {
        "id": 1,
        "name": "Md Atik",
        "color": "#43A047",
        "avatar": "https://res.cloudinary.com/dz88yjerw/image/upload/v1779774308/ccut8qllcbmzl6bxx0yy.png",
        "cover": "https://res.cloudinary.com/dz88yjerw/image/upload/v1759779146/gyshxw4n76fbsohz3rcz.jpg",
        "profileId": "67e431d61e4463f7adfa544e",
        "isActive": true,
        "pieces": [
          {
            "id": 0,
            "steps": 0,
            "isHome": true,
            "isInPlay": false
          },
          {
            "id": 1,
            "steps": 0,
            "isHome": true,
            "isInPlay": false
          },
          {
            "id": 2,
            "steps": 0,
            "isHome": true,
            "isInPlay": false
          },
          {
            "id": 3,
            "steps": 0,
            "isHome": true,
            "isInPlay": false
          }
        ],
        "isOffline": false
      }
    ],
    "selectedPlayerCount": 2,
    "currentPlayer": 0,
    "diceValue": 0,
    "gameStarted": true,
    "timestamp": 1787175786907,
    "playersSeq": 1
  }
}
[2026-08-19T21:44:24.899Z] [LUDO-EVENT] players-get-response {
  "gameId": "mt0mbauwoxrhz0"
}
[2026-08-19T21:44:24.900Z] [LUDO-STATE] game:mt0mbauwoxrhz0 {
  "gameId": "mt0mbauwoxrhz0",
  "snapshot": {
    "gameId": "mt0mbauwoxrhz0",
    "players": [
      {
        "id": 0,
        "name": "Mohammad Ikram",
        "color": "#E53935",
        "avatar": "https://res.cloudinary.com/dz88yjerw/image/upload/v1786061008/y2bgpcmceri6ogm2anvw.png",
        "cover": "https://res.cloudinary.com/dz88yjerw/image/upload/v1780098021/abtk9davy21pzff2x0cd.png",
        "profileId": "67bf1e4009395add03e1e234",
        "isActive": true,
        "pieces": [
          {
            "id": 0,
            "steps": 0,
            "isHome": true,
            "isInPlay": false
          },
          {
            "id": 1,
            "steps": 0,
            "isHome": true,
            "isInPlay": false
          },
          {
            "id": 2,
            "steps": 0,
            "isHome": true,
            "isInPlay": false
          },
          {
            "id": 3,
            "steps": 0,
            "isHome": true,
            "isInPlay": false
          }
        ],
        "isOffline": false
      },
      {
        "id": 1,
        "name": "Md Atik",
        "color": "#43A047",
        "avatar": "https://res.cloudinary.com/dz88yjerw/image/upload/v1779774308/ccut8qllcbmzl6bxx0yy.png",
        "cover": "https://res.cloudinary.com/dz88yjerw/image/upload/v1759779146/gyshxw4n76fbsohz3rcz.jpg",
        "profileId": "67e431d61e4463f7adfa544e",
        "isActive": false,
        "pieces": [
          {
            "id": 0,
            "steps": 0,
            "isHome": true,
            "isInPlay": false
          },
          {
            "id": 1,
            "steps": 0,
            "isHome": true,
            "isInPlay": false
          },
          {
            "id": 2,
            "steps": 0,
            "isHome": true,
            "isInPlay": false
          },
          {
            "id": 3,
            "steps": 0,
            "isHome": true,
            "isInPlay": false
          }
        ],
        "isOffline": false
      }
    ],
    "selectedPlayerCount": 2,
    "currentPlayer": 1,
    "diceValue": 0,
    "gameStarted": true,
    "timestamp": 1787175790027,
    "playersSeq": 2
  }
}
[2026-08-19T21:44:27.906Z] [LUDO-EVENT] players-get-response {
  "gameId": "mt0mbauwoxrhz0"
}
[2026-08-19T21:44:27.908Z] [LUDO-STATE] game:mt0mbauwoxrhz0 {
  "gameId": "mt0mbauwoxrhz0",
  "snapshot": {
    "gameId": "mt0mbauwoxrhz0",
    "players": [
      {
        "id": 0,
        "name": "Mohammad Ikram",
        "color": "#E53935",
        "avatar": "https://res.cloudinary.com/dz88yjerw/image/upload/v1786061008/y2bgpcmceri6ogm2anvw.png",
        "cover": "https://res.cloudinary.com/dz88yjerw/image/upload/v1780098021/abtk9davy21pzff2x0cd.png",
        "profileId": "67bf1e4009395add03e1e234",
        "isActive": true,
        "pieces": [
          {
            "id": 0,
            "steps": 0,
            "isHome": true,
            "isInPlay": false
          },
          {
            "id": 1,
            "steps": 0,
            "isHome": true,
            "isInPlay": false
          },
          {
            "id": 2,
            "steps": 0,
            "isHome": true,
            "isInPlay": false
          },
          {
            "id": 3,
            "steps": 0,
            "isHome": true,
            "isInPlay": false
          }
        ],
        "isOffline": false
      },
      {
        "id": 1,
        "name": "Md Atik",
        "color": "#43A047",
        "avatar": "https://res.cloudinary.com/dz88yjerw/image/upload/v1779774308/ccut8qllcbmzl6bxx0yy.png",
        "cover": "https://res.cloudinary.com/dz88yjerw/image/upload/v1759779146/gyshxw4n76fbsohz3rcz.jpg",
        "profileId": "67e431d61e4463f7adfa544e",
        "isActive": false,
        "pieces": [
          {
            "id": 0,
            "steps": 0,
            "isHome": true,
            "isInPlay": false
          },
          {
            "id": 1,
            "steps": 0,
            "isHome": true,
            "isInPlay": false
          },
          {
            "id": 2,
            "steps": 0,
            "isHome": true,
            "isInPlay": false
          },
          {
            "id": 3,
            "steps": 0,
            "isHome": true,
            "isInPlay": false
          }
        ],
        "isOffline": false
      }
    ],
    "selectedPlayerCount": 2,
    "currentPlayer": 1,
    "diceValue": 0,
    "gameStarted": true,
    "timestamp": 1787175790027,
    "playersSeq": 2
  }
}
[2026-08-19T21:44:28.740Z] [LUDO-EVENT] players-get-response {
  "gameId": "mt0m6qmjuv9ywz"
}
[2026-08-19T21:44:28.741Z] [LUDO-STATE] game:mt0m6qmjuv9ywz {
  "gameId": "mt0m6qmjuv9ywz",
  "snapshot": {
    "gameId": "mt0m6qmjuv9ywz",
    "players": [
      {
        "id": 0,
        "name": "Md Atik",
        "color": "#E53935",
        "avatar": "https://res.cloudinary.com/dz88yjerw/image/upload/v1786061008/y2bgpcmceri6ogm2anvw.png",
        "profileId": "67bf1e4009395add03e1e234",
        "isActive": false,
        "pieces": [
          {
            "id": 0,
            "steps": 0,
            "isHome": true,
            "isInPlay": false
          },
          {
            "id": 1,
            "steps": 0,
            "isHome": true,
            "isInPlay": false
          },
          {
            "id": 2,
            "steps": 0,
            "isHome": true,
            "isInPlay": false
          },
          {
            "id": 3,
            "steps": 0,
            "isHome": true,
            "isInPlay": false
          }
        ],
        "isOffline": false
      },
      {
        "id": 1,
        "name": "Md Atik",
        "color": "#43A047",
        "avatar": "https://res.cloudinary.com/dz88yjerw/image/upload/v1779774308/ccut8qllcbmzl6bxx0yy.png",
        "cover": "https://res.cloudinary.com/dz88yjerw/image/upload/v1759779146/gyshxw4n76fbsohz3rcz.jpg",
        "profileId": "67e431d61e4463f7adfa544e",
        "isActive": true,
        "pieces": [
          {
            "id": 0,
            "steps": 0,
            "isHome": true,
            "isInPlay": false
          },
          {
            "id": 1,
            "steps": 0,
            "isHome": true,
            "isInPlay": false
          },
          {
            "id": 2,
            "steps": 0,
            "isHome": true,
            "isInPlay": false
          },
          {
            "id": 3,
            "steps": 0,
            "isHome": true,
            "isInPlay": false
          }
        ],
        "isOffline": false
      }
    ],
    "selectedPlayerCount": 2,
    "currentPlayer": 0,
    "diceValue": 0,
    "gameStarted": true,
    "timestamp": 1787175786907,
    "playersSeq": 1
  }
}
[2026-08-19T21:44:30.917Z] [LUDO-EVENT] players-get-response {
  "gameId": "mt0mbauwoxrhz0"
}
[2026-08-19T21:44:30.918Z] [LUDO-STATE] game:mt0mbauwoxrhz0 {
  "gameId": "mt0mbauwoxrhz0",
  "snapshot": {
    "gameId": "mt0mbauwoxrhz0",
    "players": [
      {
        "id": 0,
        "name": "Mohammad Ikram",
        "color": "#E53935",
        "avatar": "https://res.cloudinary.com/dz88yjerw/image/upload/v1786061008/y2bgpcmceri6ogm2anvw.png",
        "cover": "https://res.cloudinary.com/dz88yjerw/image/upload/v1780098021/abtk9davy21pzff2x0cd.png",
        "profileId": "67bf1e4009395add03e1e234",
        "isActive": true,
        "pieces": [
          {
            "id": 0,
            "steps": 0,
            "isHome": true,
            "isInPlay": false
          },
          {
            "id": 1,
            "steps": 0,
            "isHome": true,
            "isInPlay": false
          },
          {
            "id": 2,
            "steps": 0,
            "isHome": true,
            "isInPlay": false
          },
          {
            "id": 3,
            "steps": 0,
            "isHome": true,
            "isInPlay": false
          }
        ],
        "isOffline": false
      },
      {
        "id": 1,
        "name": "Md Atik",
        "color": "#43A047",
        "avatar": "https://res.cloudinary.com/dz88yjerw/image/upload/v1779774308/ccut8qllcbmzl6bxx0yy.png",
        "cover": "https://res.cloudinary.com/dz88yjerw/image/upload/v1759779146/gyshxw4n76fbsohz3rcz.jpg",
        "profileId": "67e431d61e4463f7adfa544e",
        "isActive": false,
        "pieces": [
          {
            "id": 0,
            "steps": 0,
            "isHome": true,
            "isInPlay": false
          },
          {
            "id": 1,
            "steps": 0,
            "isHome": true,
            "isInPlay": false
          },
          {
            "id": 2,
            "steps": 0,
            "isHome": true,
            "isInPlay": false
          },
          {
            "id": 3,
            "steps": 0,
            "isHome": true,
            "isInPlay": false
          }
        ],
        "isOffline": false
      }
    ],
    "selectedPlayerCount": 2,
    "currentPlayer": 1,
    "diceValue": 0,
    "gameStarted": true,
    "timestamp": 1787175790027,
    "playersSeq": 2
  }
}
[2026-08-19T21:44:33.993Z] [LUDO-EVENT] players-get-response {
  "gameId": "mt0mbauwoxrhz0"
}
[2026-08-19T21:44:33.994Z] [LUDO-STATE] game:mt0mbauwoxrhz0 {
  "gameId": "mt0mbauwoxrhz0",
  "snapshot": {
    "gameId": "mt0mbauwoxrhz0",
    "players": [
      {
        "id": 0,
        "name": "Mohammad Ikram",
        "color": "#E53935",
        "avatar": "https://res.cloudinary.com/dz88yjerw/image/upload/v1786061008/y2bgpcmceri6ogm2anvw.png",
        "cover": "https://res.cloudinary.com/dz88yjerw/image/upload/v1780098021/abtk9davy21pzff2x0cd.png",
        "profileId": "67bf1e4009395add03e1e234",
        "isActive": true,
        "pieces": [
          {
            "id": 0,
            "steps": 0,
            "isHome": true,
            "isInPlay": false
          },
          {
            "id": 1,
            "steps": 0,
            "isHome": true,
            "isInPlay": false
          },
          {
            "id": 2,
            "steps": 0,
            "isHome": true,
            "isInPlay": false
          },
          {
            "id": 3,
            "steps": 0,
            "isHome": true,
            "isInPlay": false
          }
        ],
        "isOffline": false
      },
      {
        "id": 1,
        "name": "Md Atik",
        "color": "#43A047",
        "avatar": "https://res.cloudinary.com/dz88yjerw/image/upload/v1779774308/ccut8qllcbmzl6bxx0yy.png",
        "cover": "https://res.cloudinary.com/dz88yjerw/image/upload/v1759779146/gyshxw4n76fbsohz3rcz.jpg",
        "profileId": "67e431d61e4463f7adfa544e",
        "isActive": false,
        "pieces": [
          {
            "id": 0,
            "steps": 0,
            "isHome": true,
            "isInPlay": false
          },
          {
            "id": 1,
            "steps": 0,
            "isHome": true,
            "isInPlay": false
          },
          {
            "id": 2,
            "steps": 0,
            "isHome": true,
            "isInPlay": false
          },
          {
            "id": 3,
            "steps": 0,
            "isHome": true,
            "isInPlay": false
          }
        ],
        "isOffline": false
      }
    ],
    "selectedPlayerCount": 2,
    "currentPlayer": 1,
    "diceValue": 0,
    "gameStarted": true,
    "timestamp": 1787175790027,
    "playersSeq": 2
  }
}
[2026-08-19T21:44:34.562Z] [LUDO-EVENT] players-get-response {
  "gameId": "mt0m6qmjuv9ywz"
}
[2026-08-19T21:44:34.564Z] [LUDO-STATE] game:mt0m6qmjuv9ywz {
  "gameId": "mt0m6qmjuv9ywz",
  "snapshot": {
    "gameId": "mt0m6qmjuv9ywz",
    "players": [
      {
        "id": 0,
        "name": "Md Atik",
        "color": "#E53935",
        "avatar": "https://res.cloudinary.com/dz88yjerw/image/upload/v1786061008/y2bgpcmceri6ogm2anvw.png",
        "profileId": "67bf1e4009395add03e1e234",
        "isActive": false,
        "pieces": [
          {
            "id": 0,
            "steps": 0,
            "isHome": true,
            "isInPlay": false
          },
          {
            "id": 1,
            "steps": 0,
            "isHome": true,
            "isInPlay": false
          },
          {
            "id": 2,
            "steps": 0,
            "isHome": true,
            "isInPlay": false
          },
          {
            "id": 3,
            "steps": 0,
            "isHome": true,
            "isInPlay": false
          }
        ],
        "isOffline": false
      },
      {
        "id": 1,
        "name": "Md Atik",
        "color": "#43A047",
        "avatar": "https://res.cloudinary.com/dz88yjerw/image/upload/v1779774308/ccut8qllcbmzl6bxx0yy.png",
        "cover": "https://res.cloudinary.com/dz88yjerw/image/upload/v1759779146/gyshxw4n76fbsohz3rcz.jpg",
        "profileId": "67e431d61e4463f7adfa544e",
        "isActive": true,
        "pieces": [
          {
            "id": 0,
            "steps": 0,
            "isHome": true,
            "isInPlay": false
          },
          {
            "id": 1,
            "steps": 0,
            "isHome": true,
            "isInPlay": false
          },
          {
            "id": 2,
            "steps": 0,
            "isHome": true,
            "isInPlay": false
          },
          {
            "id": 3,
            "steps": 0,
            "isHome": true,
            "isInPlay": false
          }
        ],
        "isOffline": false
      }
    ],
    "selectedPlayerCount": 2,
    "currentPlayer": 0,
    "diceValue": 0,
    "gameStarted": true,
    "timestamp": 1787175786907,
    "playersSeq": 1
  }
}
[2026-08-19T21:44:36.904Z] [LUDO-EVENT] players-get-response {
  "gameId": "mt0mbauwoxrhz0"
}
[2026-08-19T21:44:36.906Z] [LUDO-STATE] game:mt0mbauwoxrhz0 {
  "gameId": "mt0mbauwoxrhz0",
  "snapshot": {
    "gameId": "mt0mbauwoxrhz0",
    "players": [
      {
        "id": 0,
        "name": "Mohammad Ikram",
        "color": "#E53935",
        "avatar": "https://res.cloudinary.com/dz88yjerw/image/upload/v1786061008/y2bgpcmceri6ogm2anvw.png",
        "cover": "https://res.cloudinary.com/dz88yjerw/image/upload/v1780098021/abtk9davy21pzff2x0cd.png",
        "profileId": "67bf1e4009395add03e1e234",
        "isActive": true,
        "pieces": [
          {
            "id": 0,
            "steps": 0,
            "isHome": true,
            "isInPlay": false
          },
          {
            "id": 1,
            "steps": 0,
            "isHome": true,
            "isInPlay": false
          },
          {
            "id": 2,
            "steps": 0,
            "isHome": true,
            "isInPlay": false
          },
          {
            "id": 3,
            "steps": 0,
            "isHome": true,
            "isInPlay": false
          }
        ],
        "isOffline": false
      },
      {
        "id": 1,
        "name": "Md Atik",
        "color": "#43A047",
        "avatar": "https://res.cloudinary.com/dz88yjerw/image/upload/v1779774308/ccut8qllcbmzl6bxx0yy.png",
        "cover": "https://res.cloudinary.com/dz88yjerw/image/upload/v1759779146/gyshxw4n76fbsohz3rcz.jpg",
        "profileId": "67e431d61e4463f7adfa544e",
        "isActive": false,
        "pieces": [
          {
            "id": 0,
            "steps": 0,
            "isHome": true,
            "isInPlay": false
          },
          {
            "id": 1,
            "steps": 0,
            "isHome": true,
            "isInPlay": false
          },
          {
            "id": 2,
            "steps": 0,
            "isHome": true,
            "isInPlay": false
          },
          {
            "id": 3,
            "steps": 0,
            "isHome": true,
            "isInPlay": false
          }
        ],
        "isOffline": false
      }
    ],
    "selectedPlayerCount": 2,
    "currentPlayer": 1,
    "diceValue": 0,
    "gameStarted": true,
    "timestamp": 1787175790027,
    "playersSeq": 2
  }
}
[2026-08-19T21:44:39.931Z] [LUDO-EVENT] players-get-response {
  "gameId": "mt0mbauwoxrhz0"
}
[2026-08-19T21:44:39.933Z] [LUDO-STATE] game:mt0mbauwoxrhz0 {
  "gameId": "mt0mbauwoxrhz0",
  "snapshot": {
    "gameId": "mt0mbauwoxrhz0",
    "players": [
      {
        "id": 0,
        "name": "Mohammad Ikram",
        "color": "#E53935",
        "avatar": "https://res.cloudinary.com/dz88yjerw/image/upload/v1786061008/y2bgpcmceri6ogm2anvw.png",
        "cover": "https://res.cloudinary.com/dz88yjerw/image/upload/v1780098021/abtk9davy21pzff2x0cd.png",
        "profileId": "67bf1e4009395add03e1e234",
        "isActive": true,
        "pieces": [
          {
            "id": 0,
            "steps": 0,
            "isHome": true,
            "isInPlay": false
          },
          {
            "id": 1,
            "steps": 0,
            "isHome": true,
            "isInPlay": false
          },
          {
            "id": 2,
            "steps": 0,
            "isHome": true,
            "isInPlay": false
          },
          {
            "id": 3,
            "steps": 0,
            "isHome": true,
            "isInPlay": false
          }
        ],
        "isOffline": false
      },
      {
        "id": 1,
        "name": "Md Atik",
        "color": "#43A047",
        "avatar": "https://res.cloudinary.com/dz88yjerw/image/upload/v1779774308/ccut8qllcbmzl6bxx0yy.png",
        "cover": "https://res.cloudinary.com/dz88yjerw/image/upload/v1759779146/gyshxw4n76fbsohz3rcz.jpg",
        "profileId": "67e431d61e4463f7adfa544e",
        "isActive": false,
        "pieces": [
          {
            "id": 0,
            "steps": 0,
            "isHome": true,
            "isInPlay": false
          },
          {
            "id": 1,
            "steps": 0,
            "isHome": true,
            "isInPlay": false
          },
          {
            "id": 2,
            "steps": 0,
            "isHome": true,
            "isInPlay": false
          },
          {
            "id": 3,
            "steps": 0,
            "isHome": true,
            "isInPlay": false
          }
        ],
        "isOffline": false
      }
    ],
    "selectedPlayerCount": 2,
    "currentPlayer": 1,
    "diceValue": 0,
    "gameStarted": true,
    "timestamp": 1787175790027,
    "playersSeq": 2
  }
}
[2026-08-19T21:44:41.017Z] [LUDO-EVENT] players-get-response {
  "gameId": "mt0m6qmjuv9ywz"
}
[2026-08-19T21:44:41.018Z] [LUDO-STATE] game:mt0m6qmjuv9ywz {
  "gameId": "mt0m6qmjuv9ywz",
  "snapshot": {
    "gameId": "mt0m6qmjuv9ywz",
    "players": [
      {
        "id": 0,
        "name": "Md Atik",
        "color": "#E53935",
        "avatar": "https://res.cloudinary.com/dz88yjerw/image/upload/v1786061008/y2bgpcmceri6ogm2anvw.png",
        "profileId": "67bf1e4009395add03e1e234",
        "isActive": false,
        "pieces": [
          {
            "id": 0,
            "steps": 0,
            "isHome": true,
            "isInPlay": false
          },
          {
            "id": 1,
            "steps": 0,
            "isHome": true,
            "isInPlay": false
          },
          {
            "id": 2,
            "steps": 0,
            "isHome": true,
            "isInPlay": false
          },
          {
            "id": 3,
            "steps": 0,
            "isHome": true,
            "isInPlay": false
          }
        ],
        "isOffline": false
      },
      {
        "id": 1,
        "name": "Md Atik",
        "color": "#43A047",
        "avatar": "https://res.cloudinary.com/dz88yjerw/image/upload/v1779774308/ccut8qllcbmzl6bxx0yy.png",
        "cover": "https://res.cloudinary.com/dz88yjerw/image/upload/v1759779146/gyshxw4n76fbsohz3rcz.jpg",
        "profileId": "67e431d61e4463f7adfa544e",
        "isActive": true,
        "pieces": [
          {
            "id": 0,
            "steps": 0,
            "isHome": true,
            "isInPlay": false
          },
          {
            "id": 1,
            "steps": 0,
            "isHome": true,
            "isInPlay": false
          },
          {
            "id": 2,
            "steps": 0,
            "isHome": true,
            "isInPlay": false
          },
          {
            "id": 3,
            "steps": 0,
            "isHome": true,
            "isInPlay": false
          }
        ],
        "isOffline": false
      }
    ],
    "selectedPlayerCount": 2,
    "currentPlayer": 0,
    "diceValue": 0,
    "gameStarted": true,
    "timestamp": 1787175786907,
    "playersSeq": 1
  }
}
[2026-08-19T21:44:42.934Z] [LUDO-EVENT] players-get-response {
  "gameId": "mt0mbauwoxrhz0"
}
[2026-08-19T21:44:42.936Z] [LUDO-STATE] game:mt0mbauwoxrhz0 {
  "gameId": "mt0mbauwoxrhz0",
  "snapshot": {
    "gameId": "mt0mbauwoxrhz0",
    "players": [
      {
        "id": 0,
        "name": "Mohammad Ikram",
        "color": "#E53935",
        "avatar": "https://res.cloudinary.com/dz88yjerw/image/upload/v1786061008/y2bgpcmceri6ogm2anvw.png",
        "cover": "https://res.cloudinary.com/dz88yjerw/image/upload/v1780098021/abtk9davy21pzff2x0cd.png",
        "profileId": "67bf1e4009395add03e1e234",
        "isActive": true,
        "pieces": [
          {
            "id": 0,
            "steps": 0,
            "isHome": true,
            "isInPlay": false
          },
          {
            "id": 1,
            "steps": 0,
            "isHome": true,
            "isInPlay": false
          },
          {
            "id": 2,
            "steps": 0,
            "isHome": true,
            "isInPlay": false
          },
          {
            "id": 3,
            "steps": 0,
            "isHome": true,
            "isInPlay": false
          }
        ],
        "isOffline": false
      },
      {
        "id": 1,
        "name": "Md Atik",
        "color": "#43A047",
        "avatar": "https://res.cloudinary.com/dz88yjerw/image/upload/v1779774308/ccut8qllcbmzl6bxx0yy.png",
        "cover": "https://res.cloudinary.com/dz88yjerw/image/upload/v1759779146/gyshxw4n76fbsohz3rcz.jpg",
        "profileId": "67e431d61e4463f7adfa544e",
        "isActive": false,
        "pieces": [
          {
            "id": 0,
            "steps": 0,
            "isHome": true,
            "isInPlay": false
          },
          {
            "id": 1,
            "steps": 0,
            "isHome": true,
            "isInPlay": false
          },
          {
            "id": 2,
            "steps": 0,
            "isHome": true,
            "isInPlay": false
          },
          {
            "id": 3,
            "steps": 0,
            "isHome": true,
            "isInPlay": false
          }
        ],
        "isOffline": false
      }
    ],
    "selectedPlayerCount": 2,
    "currentPlayer": 1,
    "diceValue": 0,
    "gameStarted": true,
    "timestamp": 1787175790027,
    "playersSeq": 2
  }
}
[2026-08-19T21:44:44.316Z] [LUDO-EVENT] players-get-response {
  "gameId": "mt0m6qmjuv9ywz"
}
[2026-08-19T21:44:44.317Z] [LUDO-STATE] game:mt0m6qmjuv9ywz {
  "gameId": "mt0m6qmjuv9ywz",
  "snapshot": {
    "gameId": "mt0m6qmjuv9ywz",
    "players": [
      {
        "id": 0,
        "name": "Md Atik",
        "color": "#E53935",
        "avatar": "https://res.cloudinary.com/dz88yjerw/image/upload/v1786061008/y2bgpcmceri6ogm2anvw.png",
        "profileId": "67bf1e4009395add03e1e234",
        "isActive": false,
        "pieces": [
          {
            "id": 0,
            "steps": 0,
            "isHome": true,
            "isInPlay": false
          },
          {
            "id": 1,
            "steps": 0,
            "isHome": true,
            "isInPlay": false
          },
          {
            "id": 2,
            "steps": 0,
            "isHome": true,
            "isInPlay": false
          },
          {
            "id": 3,
            "steps": 0,
            "isHome": true,
            "isInPlay": false
          }
        ],
        "isOffline": false
      },
      {
        "id": 1,
        "name": "Md Atik",
        "color": "#43A047",
        "avatar": "https://res.cloudinary.com/dz88yjerw/image/upload/v1779774308/ccut8qllcbmzl6bxx0yy.png",
        "cover": "https://res.cloudinary.com/dz88yjerw/image/upload/v1759779146/gyshxw4n76fbsohz3rcz.jpg",
        "profileId": "67e431d61e4463f7adfa544e",
        "isActive": true,
        "pieces": [
          {
            "id": 0,
            "steps": 0,
            "isHome": true,
            "isInPlay": false
          },
          {
            "id": 1,
            "steps": 0,
            "isHome": true,
            "isInPlay": false
          },
          {
            "id": 2,
            "steps": 0,
            "isHome": true,
            "isInPlay": false
          },
          {
            "id": 3,
            "steps": 0,
            "isHome": true,
            "isInPlay": false
          }
        ],
        "isOffline": false
      }
    ],
    "selectedPlayerCount": 2,
    "currentPlayer": 0,
    "diceValue": 0,
    "gameStarted": true,
    "timestamp": 1787175786907,
    "playersSeq": 1
  }
}
[2026-08-19T21:44:45.935Z] [LUDO-EVENT] players-get-response {
  "gameId": "mt0mbauwoxrhz0"
}
[2026-08-19T21:44:45.935Z] [LUDO-STATE] game:mt0mbauwoxrhz0 {
  "gameId": "mt0mbauwoxrhz0",
  "snapshot": {
    "gameId": "mt0mbauwoxrhz0",
    "players": [
      {
        "id": 0,
        "name": "Mohammad Ikram",
        "color": "#E53935",
        "avatar": "https://res.cloudinary.com/dz88yjerw/image/upload/v1786061008/y2bgpcmceri6ogm2anvw.png",
        "cover": "https://res.cloudinary.com/dz88yjerw/image/upload/v1780098021/abtk9davy21pzff2x0cd.png",
        "profileId": "67bf1e4009395add03e1e234",
        "isActive": true,
        "pieces": [
          {
            "id": 0,
            "steps": 0,
            "isHome": true,
            "isInPlay": false
          },
          {
            "id": 1,
            "steps": 0,
            "isHome": true,
            "isInPlay": false
          },
          {
            "id": 2,
            "steps": 0,
            "isHome": true,
            "isInPlay": false
          },
          {
            "id": 3,
            "steps": 0,
            "isHome": true,
            "isInPlay": false
          }
        ],
        "isOffline": false
      },
      {
        "id": 1,
        "name": "Md Atik",
        "color": "#43A047",
        "avatar": "https://res.cloudinary.com/dz88yjerw/image/upload/v1779774308/ccut8qllcbmzl6bxx0yy.png",
        "cover": "https://res.cloudinary.com/dz88yjerw/image/upload/v1759779146/gyshxw4n76fbsohz3rcz.jpg",
        "profileId": "67e431d61e4463f7adfa544e",
        "isActive": false,
        "pieces": [
          {
            "id": 0,
            "steps": 0,
            "isHome": true,
            "isInPlay": false
          },
          {
            "id": 1,
            "steps": 0,
            "isHome": true,
            "isInPlay": false
          },
          {
            "id": 2,
            "steps": 0,
            "isHome": true,
            "isInPlay": false
          },
          {
            "id": 3,
            "steps": 0,
            "isHome": true,
            "isInPlay": false
          }
        ],
        "isOffline": false
      }
    ],
    "selectedPlayerCount": 2,
    "currentPlayer": 1,
    "diceValue": 0,
    "gameStarted": true,
    "timestamp": 1787175790027,
    "playersSeq": 2
  }
}
[2026-08-19T21:44:48.945Z] [LUDO-EVENT] players-get-response {
  "gameId": "mt0mbauwoxrhz0"
}
[2026-08-19T21:44:48.945Z] [LUDO-STATE] game:mt0mbauwoxrhz0 {
  "gameId": "mt0mbauwoxrhz0",
  "snapshot": {
    "gameId": "mt0mbauwoxrhz0",
    "players": [
      {
        "id": 0,
        "name": "Mohammad Ikram",
        "color": "#E53935",
        "avatar": "https://res.cloudinary.com/dz88yjerw/image/upload/v1786061008/y2bgpcmceri6ogm2anvw.png",
        "cover": "https://res.cloudinary.com/dz88yjerw/image/upload/v1780098021/abtk9davy21pzff2x0cd.png",
        "profileId": "67bf1e4009395add03e1e234",
        "isActive": true,
        "pieces": [
          {
            "id": 0,
            "steps": 0,
            "isHome": true,
            "isInPlay": false
          },
          {
            "id": 1,
            "steps": 0,
            "isHome": true,
            "isInPlay": false
          },
          {
            "id": 2,
            "steps": 0,
            "isHome": true,
            "isInPlay": false
          },
          {
            "id": 3,
            "steps": 0,
            "isHome": true,
            "isInPlay": false
          }
        ],
        "isOffline": false
      },
      {
        "id": 1,
        "name": "Md Atik",
        "color": "#43A047",
        "avatar": "https://res.cloudinary.com/dz88yjerw/image/upload/v1779774308/ccut8qllcbmzl6bxx0yy.png",
        "cover": "https://res.cloudinary.com/dz88yjerw/image/upload/v1759779146/gyshxw4n76fbsohz3rcz.jpg",
        "profileId": "67e431d61e4463f7adfa544e",
        "isActive": false,
        "pieces": [
          {
            "id": 0,
            "steps": 0,
            "isHome": true,
            "isInPlay": false
          },
          {
            "id": 1,
            "steps": 0,
            "isHome": true,
            "isInPlay": false
          },
          {
            "id": 2,
            "steps": 0,
            "isHome": true,
            "isInPlay": false
          },
          {
            "id": 3,
            "steps": 0,
            "isHome": true,
            "isInPlay": false
          }
        ],
        "isOffline": false
      }
    ],
    "selectedPlayerCount": 2,
    "currentPlayer": 1,
    "diceValue": 0,
    "gameStarted": true,
    "timestamp": 1787175790027,
    "playersSeq": 2
  }
}
[2026-08-19T21:44:50.058Z] [LUDO-EVENT] players-get-response {
  "gameId": "mt0m6qmjuv9ywz"
}
[2026-08-19T21:44:50.059Z] [LUDO-STATE] game:mt0m6qmjuv9ywz {
  "gameId": "mt0m6qmjuv9ywz",
  "snapshot": {
    "gameId": "mt0m6qmjuv9ywz",
    "players": [
      {
        "id": 0,
        "name": "Md Atik",
        "color": "#E53935",
        "avatar": "https://res.cloudinary.com/dz88yjerw/image/upload/v1786061008/y2bgpcmceri6ogm2anvw.png",
        "profileId": "67bf1e4009395add03e1e234",
        "isActive": false,
        "pieces": [
          {
            "id": 0,
            "steps": 0,
            "isHome": true,
            "isInPlay": false
          },
          {
            "id": 1,
            "steps": 0,
            "isHome": true,
            "isInPlay": false
          },
          {
            "id": 2,
            "steps": 0,
            "isHome": true,
            "isInPlay": false
          },
          {
            "id": 3,
            "steps": 0,
            "isHome": true,
            "isInPlay": false
          }
        ],
        "isOffline": false
      },
      {
        "id": 1,
        "name": "Md Atik",
        "color": "#43A047",
        "avatar": "https://res.cloudinary.com/dz88yjerw/image/upload/v1779774308/ccut8qllcbmzl6bxx0yy.png",
        "cover": "https://res.cloudinary.com/dz88yjerw/image/upload/v1759779146/gyshxw4n76fbsohz3rcz.jpg",
        "profileId": "67e431d61e4463f7adfa544e",
        "isActive": true,
        "pieces": [
          {
            "id": 0,
            "steps": 0,
            "isHome": true,
            "isInPlay": false
          },
          {
            "id": 1,
            "steps": 0,
            "isHome": true,
            "isInPlay": false
          },
          {
            "id": 2,
            "steps": 0,
            "isHome": true,
            "isInPlay": false
          },
          {
            "id": 3,
            "steps": 0,
            "isHome": true,
            "isInPlay": false
          }
        ],
        "isOffline": false
      }
    ],
    "selectedPlayerCount": 2,
    "currentPlayer": 0,
    "diceValue": 0,
    "gameStarted": true,
    "timestamp": 1787175786907,
    "playersSeq": 1
  }
}
[2026-08-19T21:44:51.943Z] [LUDO-EVENT] players-get-response {
  "gameId": "mt0mbauwoxrhz0"
}
[2026-08-19T21:44:51.943Z] [LUDO-STATE] game:mt0mbauwoxrhz0 {
  "gameId": "mt0mbauwoxrhz0",
  "snapshot": {
    "gameId": "mt0mbauwoxrhz0",
    "players": [
      {
        "id": 0,
        "name": "Mohammad Ikram",
        "color": "#E53935",
        "avatar": "https://res.cloudinary.com/dz88yjerw/image/upload/v1786061008/y2bgpcmceri6ogm2anvw.png",
        "cover": "https://res.cloudinary.com/dz88yjerw/image/upload/v1780098021/abtk9davy21pzff2x0cd.png",
        "profileId": "67bf1e4009395add03e1e234",
        "isActive": true,
        "pieces": [
          {
            "id": 0,
            "steps": 0,
            "isHome": true,
            "isInPlay": false
          },
          {
            "id": 1,
            "steps": 0,
            "isHome": true,
            "isInPlay": false
          },
          {
            "id": 2,
            "steps": 0,
            "isHome": true,
            "isInPlay": false
          },
          {
            "id": 3,
            "steps": 0,
            "isHome": true,
            "isInPlay": false
          }
        ],
        "isOffline": false
      },
      {
        "id": 1,
        "name": "Md Atik",
        "color": "#43A047",
        "avatar": "https://res.cloudinary.com/dz88yjerw/image/upload/v1779774308/ccut8qllcbmzl6bxx0yy.png",
        "cover": "https://res.cloudinary.com/dz88yjerw/image/upload/v1759779146/gyshxw4n76fbsohz3rcz.jpg",
        "profileId": "67e431d61e4463f7adfa544e",
        "isActive": false,
        "pieces": [
          {
            "id": 0,
            "steps": 0,
            "isHome": true,
            "isInPlay": false
          },
          {
            "id": 1,
            "steps": 0,
            "isHome": true,
            "isInPlay": false
          },
          {
            "id": 2,
            "steps": 0,
            "isHome": true,
            "isInPlay": false
          },
          {
            "id": 3,
            "steps": 0,
            "isHome": true,
            "isInPlay": false
          }
        ],
        "isOffline": false
      }
    ],
    "selectedPlayerCount": 2,
    "currentPlayer": 1,
    "diceValue": 0,
    "gameStarted": true,
    "timestamp": 1787175790027,
    "playersSeq": 2
  }
}
[2026-08-19T21:44:54.936Z] [LUDO-EVENT] players-get-response {
  "gameId": "mt0mbauwoxrhz0"
}
[2026-08-19T21:44:54.936Z] [LUDO-STATE] game:mt0mbauwoxrhz0 {
  "gameId": "mt0mbauwoxrhz0",
  "snapshot": {
    "gameId": "mt0mbauwoxrhz0",
    "players": [
      {
        "id": 0,
        "name": "Mohammad Ikram",
        "color": "#E53935",
        "avatar": "https://res.cloudinary.com/dz88yjerw/image/upload/v1786061008/y2bgpcmceri6ogm2anvw.png",
        "cover": "https://res.cloudinary.com/dz88yjerw/image/upload/v1780098021/abtk9davy21pzff2x0cd.png",
        "profileId": "67bf1e4009395add03e1e234",
        "isActive": true,
        "pieces": [
          {
            "id": 0,
            "steps": 0,
            "isHome": true,
            "isInPlay": false
          },
          {
            "id": 1,
            "steps": 0,
            "isHome": true,
            "isInPlay": false
          },
          {
            "id": 2,
            "steps": 0,
            "isHome": true,
            "isInPlay": false
          },
          {
            "id": 3,
            "steps": 0,
            "isHome": true,
            "isInPlay": false
          }
        ],
        "isOffline": false
      },
      {
        "id": 1,
        "name": "Md Atik",
        "color": "#43A047",
        "avatar": "https://res.cloudinary.com/dz88yjerw/image/upload/v1779774308/ccut8qllcbmzl6bxx0yy.png",
        "cover": "https://res.cloudinary.com/dz88yjerw/image/upload/v1759779146/gyshxw4n76fbsohz3rcz.jpg",
        "profileId": "67e431d61e4463f7adfa544e",
        "isActive": false,
        "pieces": [
          {
            "id": 0,
            "steps": 0,
            "isHome": true,
            "isInPlay": false
          },
          {
            "id": 1,
            "steps": 0,
            "isHome": true,
            "isInPlay": false
          },
          {
            "id": 2,
            "steps": 0,
            "isHome": true,
            "isInPlay": false
          },
          {
            "id": 3,
            "steps": 0,
            "isHome": true,
            "isInPlay": false
          }
        ],
        "isOffline": false
      }
    ],
    "selectedPlayerCount": 2,
    "currentPlayer": 1,
    "diceValue": 0,
    "gameStarted": true,
    "timestamp": 1787175790027,
    "playersSeq": 2
  }
}
[2026-08-19T21:44:57.954Z] [LUDO-EVENT] players-get-response {
  "gameId": "mt0mbauwoxrhz0"
}
[2026-08-19T21:44:57.955Z] [LUDO-STATE] game:mt0mbauwoxrhz0 {
  "gameId": "mt0mbauwoxrhz0",
  "snapshot": {
    "gameId": "mt0mbauwoxrhz0",
    "players": [
      {
        "id": 0,
        "name": "Mohammad Ikram",
        "color": "#E53935",
        "avatar": "https://res.cloudinary.com/dz88yjerw/image/upload/v1786061008/y2bgpcmceri6ogm2anvw.png",
        "cover": "https://res.cloudinary.com/dz88yjerw/image/upload/v1780098021/abtk9davy21pzff2x0cd.png",
        "profileId": "67bf1e4009395add03e1e234",
        "isActive": true,
        "pieces": [
          {
            "id": 0,
            "steps": 0,
            "isHome": true,
            "isInPlay": false
          },
          {
            "id": 1,
            "steps": 0,
            "isHome": true,
            "isInPlay": false
          },
          {
            "id": 2,
            "steps": 0,
            "isHome": true,
            "isInPlay": false
          },
          {
            "id": 3,
            "steps": 0,
            "isHome": true,
            "isInPlay": false
          }
        ],
        "isOffline": false
      },
      {
        "id": 1,
        "name": "Md Atik",
        "color": "#43A047",
        "avatar": "https://res.cloudinary.com/dz88yjerw/image/upload/v1779774308/ccut8qllcbmzl6bxx0yy.png",
        "cover": "https://res.cloudinary.com/dz88yjerw/image/upload/v1759779146/gyshxw4n76fbsohz3rcz.jpg",
        "profileId": "67e431d61e4463f7adfa544e",
        "isActive": false,
        "pieces": [
          {
            "id": 0,
            "steps": 0,
            "isHome": true,
            "isInPlay": false
          },
          {
            "id": 1,
            "steps": 0,
            "isHome": true,
            "isInPlay": false
          },
          {
            "id": 2,
            "steps": 0,
            "isHome": true,
            "isInPlay": false
          },
          {
            "id": 3,
            "steps": 0,
            "isHome": true,
            "isInPlay": false
          }
        ],
        "isOffline": false
      }
    ],
    "selectedPlayerCount": 2,
    "currentPlayer": 1,
    "diceValue": 0,
    "gameStarted": true,
    "timestamp": 1787175790027,
    "playersSeq": 2
  }
}
[2026-08-19T21:45:01.004Z] [LUDO-EVENT] players-get-response {
  "gameId": "mt0mbauwoxrhz0"
}
[2026-08-19T21:45:01.006Z] [LUDO-STATE] game:mt0mbauwoxrhz0 {
  "gameId": "mt0mbauwoxrhz0",
  "snapshot": {
    "gameId": "mt0mbauwoxrhz0",
    "players": [
      {
        "id": 0,
        "name": "Mohammad Ikram",
        "color": "#E53935",
        "avatar": "https://res.cloudinary.com/dz88yjerw/image/upload/v1786061008/y2bgpcmceri6ogm2anvw.png",
        "cover": "https://res.cloudinary.com/dz88yjerw/image/upload/v1780098021/abtk9davy21pzff2x0cd.png",
        "profileId": "67bf1e4009395add03e1e234",
        "isActive": true,
        "pieces": [
          {
            "id": 0,
            "steps": 0,
            "isHome": true,
            "isInPlay": false
          },
          {
            "id": 1,
            "steps": 0,
            "isHome": true,
            "isInPlay": false
          },
          {
            "id": 2,
            "steps": 0,
            "isHome": true,
            "isInPlay": false
          },
          {
            "id": 3,
            "steps": 0,
            "isHome": true,
            "isInPlay": false
          }
        ],
        "isOffline": false
      },
      {
        "id": 1,
        "name": "Md Atik",
        "color": "#43A047",
        "avatar": "https://res.cloudinary.com/dz88yjerw/image/upload/v1779774308/ccut8qllcbmzl6bxx0yy.png",
        "cover": "https://res.cloudinary.com/dz88yjerw/image/upload/v1759779146/gyshxw4n76fbsohz3rcz.jpg",
        "profileId": "67e431d61e4463f7adfa544e",
        "isActive": false,
        "pieces": [
          {
            "id": 0,
            "steps": 0,
            "isHome": true,
            "isInPlay": false
          },
          {
            "id": 1,
            "steps": 0,
            "isHome": true,
            "isInPlay": false
          },
          {
            "id": 2,
            "steps": 0,
            "isHome": true,
            "isInPlay": false
          },
          {
            "id": 3,
            "steps": 0,
            "isHome": true,
            "isInPlay": false
          }
        ],
        "isOffline": false
      }
    ],
    "selectedPlayerCount": 2,
    "currentPlayer": 1,
    "diceValue": 0,
    "gameStarted": true,
    "timestamp": 1787175790027,
    "playersSeq": 2
  }
}
[2026-08-19T21:45:04.005Z] [LUDO-EVENT] players-get-response {
  "gameId": "mt0mbauwoxrhz0"
}
[2026-08-19T21:45:04.006Z] [LUDO-STATE] game:mt0mbauwoxrhz0 {
  "gameId": "mt0mbauwoxrhz0",
  "snapshot": {
    "gameId": "mt0mbauwoxrhz0",
    "players": [
      {
        "id": 0,
        "name": "Mohammad Ikram",
        "color": "#E53935",
        "avatar": "https://res.cloudinary.com/dz88yjerw/image/upload/v1786061008/y2bgpcmceri6ogm2anvw.png",
        "cover": "https://res.cloudinary.com/dz88yjerw/image/upload/v1780098021/abtk9davy21pzff2x0cd.png",
        "profileId": "67bf1e4009395add03e1e234",
        "isActive": true,
        "pieces": [
          {
            "id": 0,
            "steps": 0,
            "isHome": true,
            "isInPlay": false
          },
          {
            "id": 1,
            "steps": 0,
            "isHome": true,
            "isInPlay": false
          },
          {
            "id": 2,
            "steps": 0,
            "isHome": true,
            "isInPlay": false
          },
          {
            "id": 3,
            "steps": 0,
            "isHome": true,
            "isInPlay": false
          }
        ],
        "isOffline": false
      },
      {
        "id": 1,
        "name": "Md Atik",
        "color": "#43A047",
        "avatar": "https://res.cloudinary.com/dz88yjerw/image/upload/v1779774308/ccut8qllcbmzl6bxx0yy.png",
        "cover": "https://res.cloudinary.com/dz88yjerw/image/upload/v1759779146/gyshxw4n76fbsohz3rcz.jpg",
        "profileId": "67e431d61e4463f7adfa544e",
        "isActive": false,
        "pieces": [
          {
            "id": 0,
            "steps": 0,
            "isHome": true,
            "isInPlay": false
          },
          {
            "id": 1,
            "steps": 0,
            "isHome": true,
            "isInPlay": false
          },
          {
            "id": 2,
            "steps": 0,
            "isHome": true,
            "isInPlay": false
          },
          {
            "id": 3,
            "steps": 0,
            "isHome": true,
            "isInPlay": false
          }
        ],
        "isOffline": false
      }
    ],
    "selectedPlayerCount": 2,
    "currentPlayer": 1,
    "diceValue": 0,
    "gameStarted": true,
    "timestamp": 1787175790027,
    "playersSeq": 2
  }
}
[2026-08-19T21:45:07.005Z] [LUDO-EVENT] players-get-response {
  "gameId": "mt0mbauwoxrhz0"
}
[2026-08-19T21:45:07.006Z] [LUDO-STATE] game:mt0mbauwoxrhz0 {
  "gameId": "mt0mbauwoxrhz0",
  "snapshot": {
    "gameId": "mt0mbauwoxrhz0",
    "players": [
      {
        "id": 0,
        "name": "Mohammad Ikram",
        "color": "#E53935",
        "avatar": "https://res.cloudinary.com/dz88yjerw/image/upload/v1786061008/y2bgpcmceri6ogm2anvw.png",
        "cover": "https://res.cloudinary.com/dz88yjerw/image/upload/v1780098021/abtk9davy21pzff2x0cd.png",
        "profileId": "67bf1e4009395add03e1e234",
        "isActive": true,
        "pieces": [
          {
            "id": 0,
            "steps": 0,
            "isHome": true,
            "isInPlay": false
          },
          {
            "id": 1,
            "steps": 0,
            "isHome": true,
            "isInPlay": false
          },
          {
            "id": 2,
            "steps": 0,
            "isHome": true,
            "isInPlay": false
          },
          {
            "id": 3,
            "steps": 0,
            "isHome": true,
            "isInPlay": false
          }
        ],
        "isOffline": false
      },
      {
        "id": 1,
        "name": "Md Atik",
        "color": "#43A047",
        "avatar": "https://res.cloudinary.com/dz88yjerw/image/upload/v1779774308/ccut8qllcbmzl6bxx0yy.png",
        "cover": "https://res.cloudinary.com/dz88yjerw/image/upload/v1759779146/gyshxw4n76fbsohz3rcz.jpg",
        "profileId": "67e431d61e4463f7adfa544e",
        "isActive": false,
        "pieces": [
          {
            "id": 0,
            "steps": 0,
            "isHome": true,
            "isInPlay": false
          },
          {
            "id": 1,
            "steps": 0,
            "isHome": true,
            "isInPlay": false
          },
          {
            "id": 2,
            "steps": 0,
            "isHome": true,
            "isInPlay": false
          },
          {
            "id": 3,
            "steps": 0,
            "isHome": true,
            "isInPlay": false
          }
        ],
        "isOffline": false
      }
    ],
    "selectedPlayerCount": 2,
    "currentPlayer": 1,
    "diceValue": 0,
    "gameStarted": true,
    "timestamp": 1787175790027,
    "playersSeq": 2
  }
}
[2026-08-19T21:45:10.006Z] [LUDO-EVENT] players-get-response {
  "gameId": "mt0mbauwoxrhz0"
}
[2026-08-19T21:45:10.006Z] [LUDO-STATE] game:mt0mbauwoxrhz0 {
  "gameId": "mt0mbauwoxrhz0",
  "snapshot": {
    "gameId": "mt0mbauwoxrhz0",
    "players": [
      {
        "id": 0,
        "name": "Mohammad Ikram",
        "color": "#E53935",
        "avatar": "https://res.cloudinary.com/dz88yjerw/image/upload/v1786061008/y2bgpcmceri6ogm2anvw.png",
        "cover": "https://res.cloudinary.com/dz88yjerw/image/upload/v1780098021/abtk9davy21pzff2x0cd.png",
        "profileId": "67bf1e4009395add03e1e234",
        "isActive": true,
        "pieces": [
          {
            "id": 0,
            "steps": 0,
            "isHome": true,
            "isInPlay": false
          },
          {
            "id": 1,
            "steps": 0,
            "isHome": true,
            "isInPlay": false
          },
          {
            "id": 2,
            "steps": 0,
            "isHome": true,
            "isInPlay": false
          },
          {
            "id": 3,
            "steps": 0,
            "isHome": true,
            "isInPlay": false
          }
        ],
        "isOffline": false
      },
      {
        "id": 1,
        "name": "Md Atik",
        "color": "#43A047",
        "avatar": "https://res.cloudinary.com/dz88yjerw/image/upload/v1779774308/ccut8qllcbmzl6bxx0yy.png",
        "cover": "https://res.cloudinary.com/dz88yjerw/image/upload/v1759779146/gyshxw4n76fbsohz3rcz.jpg",
        "profileId": "67e431d61e4463f7adfa544e",
        "isActive": false,
        "pieces": [
          {
            "id": 0,
            "steps": 0,
            "isHome": true,
            "isInPlay": false
          },
          {
            "id": 1,
            "steps": 0,
            "isHome": true,
            "isInPlay": false
          },
          {
            "id": 2,
            "steps": 0,
            "isHome": true,
            "isInPlay": false
          },
          {
            "id": 3,
            "steps": 0,
            "isHome": true,
            "isInPlay": false
          }
        ],
        "isOffline": false
      }
    ],
    "selectedPlayerCount": 2,
    "currentPlayer": 1,
    "diceValue": 0,
    "gameStarted": true,
    "timestamp": 1787175790027,
    "playersSeq": 2
  }
}
[2026-08-19T21:45:16.007Z] [LUDO-EVENT] players-get-response {
  "gameId": "mt0mbauwoxrhz0"
}
[2026-08-19T21:45:16.007Z] [LUDO-STATE] game:mt0mbauwoxrhz0 {
  "gameId": "mt0mbauwoxrhz0",
  "snapshot": {
    "gameId": "mt0mbauwoxrhz0",
    "players": [
      {
        "id": 0,
        "name": "Mohammad Ikram",
        "color": "#E53935",
        "avatar": "https://res.cloudinary.com/dz88yjerw/image/upload/v1786061008/y2bgpcmceri6ogm2anvw.png",
        "cover": "https://res.cloudinary.com/dz88yjerw/image/upload/v1780098021/abtk9davy21pzff2x0cd.png",
        "profileId": "67bf1e4009395add03e1e234",
        "isActive": true,
        "pieces": [
          {
            "id": 0,
            "steps": 0,
            "isHome": true,
            "isInPlay": false
          },
          {
            "id": 1,
            "steps": 0,
            "isHome": true,
            "isInPlay": false
          },
          {
            "id": 2,
            "steps": 0,
            "isHome": true,
            "isInPlay": false
          },
          {
            "id": 3,
            "steps": 0,
            "isHome": true,
            "isInPlay": false
          }
        ],
        "isOffline": false
      },
      {
        "id": 1,
        "name": "Md Atik",
        "color": "#43A047",
        "avatar": "https://res.cloudinary.com/dz88yjerw/image/upload/v1779774308/ccut8qllcbmzl6bxx0yy.png",
        "cover": "https://res.cloudinary.com/dz88yjerw/image/upload/v1759779146/gyshxw4n76fbsohz3rcz.jpg",
        "profileId": "67e431d61e4463f7adfa544e",
        "isActive": false,
        "pieces": [
          {
            "id": 0,
            "steps": 0,
            "isHome": true,
            "isInPlay": false
          },
          {
            "id": 1,
            "steps": 0,
            "isHome": true,
            "isInPlay": false
          },
          {
            "id": 2,
            "steps": 0,
            "isHome": true,
            "isInPlay": false
          },
          {
            "id": 3,
            "steps": 0,
            "isHome": true,
            "isInPlay": false
          }
        ],
        "isOffline": false
      }
    ],
    "selectedPlayerCount": 2,
    "currentPlayer": 1,
    "diceValue": 0,
    "gameStarted": true,
    "timestamp": 1787175790027,
    "playersSeq": 2
  }
}
[2026-08-19T21:45:16.276Z] [LUDO-EVENT] players-get-response {
  "gameId": "mt0m6qmjuv9ywz"
}
[2026-08-19T21:45:16.277Z] [LUDO-STATE] game:mt0m6qmjuv9ywz {
  "gameId": "mt0m6qmjuv9ywz",
  "snapshot": {
    "gameId": "mt0m6qmjuv9ywz",
    "players": [
      {
        "id": 0,
        "name": "Md Atik",
        "color": "#E53935",
        "avatar": "https://res.cloudinary.com/dz88yjerw/image/upload/v1786061008/y2bgpcmceri6ogm2anvw.png",
        "profileId": "67bf1e4009395add03e1e234",
        "isActive": false,
        "pieces": [
          {
            "id": 0,
            "steps": 0,
            "isHome": true,
            "isInPlay": false
          },
          {
            "id": 1,
            "steps": 0,
            "isHome": true,
            "isInPlay": false
          },
          {
            "id": 2,
            "steps": 0,
            "isHome": true,
            "isInPlay": false
          },
          {
            "id": 3,
            "steps": 0,
            "isHome": true,
            "isInPlay": false
          }
        ],
        "isOffline": false
      },
      {
        "id": 1,
        "name": "Md Atik",
        "color": "#43A047",
        "avatar": "https://res.cloudinary.com/dz88yjerw/image/upload/v1779774308/ccut8qllcbmzl6bxx0yy.png",
        "cover": "https://res.cloudinary.com/dz88yjerw/image/upload/v1759779146/gyshxw4n76fbsohz3rcz.jpg",
        "profileId": "67e431d61e4463f7adfa544e",
        "isActive": true,
        "pieces": [
          {
            "id": 0,
            "steps": 0,
            "isHome": true,
            "isInPlay": false
          },
          {
            "id": 1,
            "steps": 0,
            "isHome": true,
            "isInPlay": false
          },
          {
            "id": 2,
            "steps": 0,
            "isHome": true,
            "isInPlay": false
          },
          {
            "id": 3,
            "steps": 0,
            "isHome": true,
            "isInPlay": false
          }
        ],
        "isOffline": false
      }
    ],
    "selectedPlayerCount": 2,
    "currentPlayer": 0,
    "diceValue": 0,
    "gameStarted": true,
    "timestamp": 1787175786907,
    "playersSeq": 1
  }
}
[2026-08-19T21:45:19.006Z] [LUDO-EVENT] players-get-response {
  "gameId": "mt0mbauwoxrhz0"
}
[2026-08-19T21:45:19.006Z] [LUDO-STATE] game:mt0mbauwoxrhz0 {
  "gameId": "mt0mbauwoxrhz0",
  "snapshot": {
    "gameId": "mt0mbauwoxrhz0",
    "players": [
      {
        "id": 0,
        "name": "Mohammad Ikram",
        "color": "#E53935",
        "avatar": "https://res.cloudinary.com/dz88yjerw/image/upload/v1786061008/y2bgpcmceri6ogm2anvw.png",
        "cover": "https://res.cloudinary.com/dz88yjerw/image/upload/v1780098021/abtk9davy21pzff2x0cd.png",
        "profileId": "67bf1e4009395add03e1e234",
        "isActive": true,
        "pieces": [
          {
            "id": 0,
            "steps": 0,
            "isHome": true,
            "isInPlay": false
          },
          {
            "id": 1,
            "steps": 0,
            "isHome": true,
            "isInPlay": false
          },
          {
            "id": 2,
            "steps": 0,
            "isHome": true,
            "isInPlay": false
          },
          {
            "id": 3,
            "steps": 0,
            "isHome": true,
            "isInPlay": false
          }
        ],
        "isOffline": false
      },
      {
        "id": 1,
        "name": "Md Atik",
        "color": "#43A047",
        "avatar": "https://res.cloudinary.com/dz88yjerw/image/upload/v1779774308/ccut8qllcbmzl6bxx0yy.png",
        "cover": "https://res.cloudinary.com/dz88yjerw/image/upload/v1759779146/gyshxw4n76fbsohz3rcz.jpg",
        "profileId": "67e431d61e4463f7adfa544e",
        "isActive": false,
        "pieces": [
          {
            "id": 0,
            "steps": 0,
            "isHome": true,
            "isInPlay": false
          },
          {
            "id": 1,
            "steps": 0,
            "isHome": true,
            "isInPlay": false
          },
          {
            "id": 2,
            "steps": 0,
            "isHome": true,
            "isInPlay": false
          },
          {
            "id": 3,
            "steps": 0,
            "isHome": true,
            "isInPlay": false
          }
        ],
        "isOffline": false
      }
    ],
    "selectedPlayerCount": 2,
    "currentPlayer": 1,
    "diceValue": 0,
    "gameStarted": true,
    "timestamp": 1787175790027,
    "playersSeq": 2
  }
}
[2026-08-19T21:45:20.018Z] [LUDO-EVENT] players-get-response {
  "gameId": "mt0m6qmjuv9ywz"
}
[2026-08-19T21:45:20.019Z] [LUDO-STATE] game:mt0m6qmjuv9ywz {
  "gameId": "mt0m6qmjuv9ywz",
  "snapshot": {
    "gameId": "mt0m6qmjuv9ywz",
    "players": [
      {
        "id": 0,
        "name": "Md Atik",
        "color": "#E53935",
        "avatar": "https://res.cloudinary.com/dz88yjerw/image/upload/v1786061008/y2bgpcmceri6ogm2anvw.png",
        "profileId": "67bf1e4009395add03e1e234",
        "isActive": false,
        "pieces": [
          {
            "id": 0,
            "steps": 0,
            "isHome": true,
            "isInPlay": false
          },
          {
            "id": 1,
            "steps": 0,
            "isHome": true,
            "isInPlay": false
          },
          {
            "id": 2,
            "steps": 0,
            "isHome": true,
            "isInPlay": false
          },
          {
            "id": 3,
            "steps": 0,
            "isHome": true,
            "isInPlay": false
          }
        ],
        "isOffline": false
      },
      {
        "id": 1,
        "name": "Md Atik",
        "color": "#43A047",
        "avatar": "https://res.cloudinary.com/dz88yjerw/image/upload/v1779774308/ccut8qllcbmzl6bxx0yy.png",
        "cover": "https://res.cloudinary.com/dz88yjerw/image/upload/v1759779146/gyshxw4n76fbsohz3rcz.jpg",
        "profileId": "67e431d61e4463f7adfa544e",
        "isActive": true,
        "pieces": [
          {
            "id": 0,
            "steps": 0,
            "isHome": true,
            "isInPlay": false
          },
          {
            "id": 1,
            "steps": 0,
            "isHome": true,
            "isInPlay": false
          },
          {
            "id": 2,
            "steps": 0,
            "isHome": true,
            "isInPlay": false
          },
          {
            "id": 3,
            "steps": 0,
            "isHome": true,
            "isInPlay": false
          }
        ],
        "isOffline": false
      }
    ],
    "selectedPlayerCount": 2,
    "currentPlayer": 0,
    "diceValue": 0,
    "gameStarted": true,
    "timestamp": 1787175786907,
    "playersSeq": 1
  }
}
[2026-08-19T21:45:22.007Z] [LUDO-EVENT] players-get-response {
  "gameId": "mt0mbauwoxrhz0"
}
[2026-08-19T21:45:22.008Z] [LUDO-STATE] game:mt0mbauwoxrhz0 {
  "gameId": "mt0mbauwoxrhz0",
  "snapshot": {
    "gameId": "mt0mbauwoxrhz0",
    "players": [
      {
        "id": 0,
        "name": "Mohammad Ikram",
        "color": "#E53935",
        "avatar": "https://res.cloudinary.com/dz88yjerw/image/upload/v1786061008/y2bgpcmceri6ogm2anvw.png",
        "cover": "https://res.cloudinary.com/dz88yjerw/image/upload/v1780098021/abtk9davy21pzff2x0cd.png",
        "profileId": "67bf1e4009395add03e1e234",
        "isActive": true,
        "pieces": [
          {
            "id": 0,
            "steps": 0,
            "isHome": true,
            "isInPlay": false
          },
          {
            "id": 1,
            "steps": 0,
            "isHome": true,
            "isInPlay": false
          },
          {
            "id": 2,
            "steps": 0,
            "isHome": true,
            "isInPlay": false
          },
          {
            "id": 3,
            "steps": 0,
            "isHome": true,
            "isInPlay": false
          }
        ],
        "isOffline": false
      },
      {
        "id": 1,
        "name": "Md Atik",
        "color": "#43A047",
        "avatar": "https://res.cloudinary.com/dz88yjerw/image/upload/v1779774308/ccut8qllcbmzl6bxx0yy.png",
        "cover": "https://res.cloudinary.com/dz88yjerw/image/upload/v1759779146/gyshxw4n76fbsohz3rcz.jpg",
        "profileId": "67e431d61e4463f7adfa544e",
        "isActive": false,
        "pieces": [
          {
            "id": 0,
            "steps": 0,
            "isHome": true,
            "isInPlay": false
          },
          {
            "id": 1,
            "steps": 0,
            "isHome": true,
            "isInPlay": false
          },
          {
            "id": 2,
            "steps": 0,
            "isHome": true,
            "isInPlay": false
          },
          {
            "id": 3,
            "steps": 0,
            "isHome": true,
            "isInPlay": false
          }
        ],
        "isOffline": false
      }
    ],
    "selectedPlayerCount": 2,
    "currentPlayer": 1,
    "diceValue": 0,
    "gameStarted": true,
    "timestamp": 1787175790027,
    "playersSeq": 2
  }
}
[2026-08-19T21:45:25.007Z] [LUDO-EVENT] players-get-response {
  "gameId": "mt0mbauwoxrhz0"
}
[2026-08-19T21:45:25.008Z] [LUDO-STATE] game:mt0mbauwoxrhz0 {
  "gameId": "mt0mbauwoxrhz0",
  "snapshot": {
    "gameId": "mt0mbauwoxrhz0",
    "players": [
      {
        "id": 0,
        "name": "Mohammad Ikram",
        "color": "#E53935",
        "avatar": "https://res.cloudinary.com/dz88yjerw/image/upload/v1786061008/y2bgpcmceri6ogm2anvw.png",
        "cover": "https://res.cloudinary.com/dz88yjerw/image/upload/v1780098021/abtk9davy21pzff2x0cd.png",
        "profileId": "67bf1e4009395add03e1e234",
        "isActive": true,
        "pieces": [
          {
            "id": 0,
            "steps": 0,
            "isHome": true,
            "isInPlay": false
          },
          {
            "id": 1,
            "steps": 0,
            "isHome": true,
            "isInPlay": false
          },
          {
            "id": 2,
            "steps": 0,
            "isHome": true,
            "isInPlay": false
          },
          {
            "id": 3,
            "steps": 0,
            "isHome": true,
            "isInPlay": false
          }
        ],
        "isOffline": false
      },
      {
        "id": 1,
        "name": "Md Atik",
        "color": "#43A047",
        "avatar": "https://res.cloudinary.com/dz88yjerw/image/upload/v1779774308/ccut8qllcbmzl6bxx0yy.png",
        "cover": "https://res.cloudinary.com/dz88yjerw/image/upload/v1759779146/gyshxw4n76fbsohz3rcz.jpg",
        "profileId": "67e431d61e4463f7adfa544e",
        "isActive": false,
        "pieces": [
          {
            "id": 0,
            "steps": 0,
            "isHome": true,
            "isInPlay": false
          },
          {
            "id": 1,
            "steps": 0,
            "isHome": true,
            "isInPlay": false
          },
          {
            "id": 2,
            "steps": 0,
            "isHome": true,
            "isInPlay": false
          },
          {
            "id": 3,
            "steps": 0,
            "isHome": true,
            "isInPlay": false
          }
        ],
        "isOffline": false
      }
    ],
    "selectedPlayerCount": 2,
    "currentPlayer": 1,
    "diceValue": 0,
    "gameStarted": true,
    "timestamp": 1787175790027,
    "playersSeq": 2
  }
}
[2026-08-19T21:45:26.018Z] [LUDO-EVENT] players-get-response {
  "gameId": "mt0m6qmjuv9ywz"
}
[2026-08-19T21:45:26.019Z] [LUDO-STATE] game:mt0m6qmjuv9ywz {
  "gameId": "mt0m6qmjuv9ywz",
  "snapshot": {
    "gameId": "mt0m6qmjuv9ywz",
    "players": [
      {
        "id": 0,
        "name": "Md Atik",
        "color": "#E53935",
        "avatar": "https://res.cloudinary.com/dz88yjerw/image/upload/v1786061008/y2bgpcmceri6ogm2anvw.png",
        "profileId": "67bf1e4009395add03e1e234",
        "isActive": false,
        "pieces": [
          {
            "id": 0,
            "steps": 0,
            "isHome": true,
            "isInPlay": false
          },
          {
            "id": 1,
            "steps": 0,
            "isHome": true,
            "isInPlay": false
          },
          {
            "id": 2,
            "steps": 0,
            "isHome": true,
            "isInPlay": false
          },
          {
            "id": 3,
            "steps": 0,
            "isHome": true,
            "isInPlay": false
          }
        ],
        "isOffline": false
      },
      {
        "id": 1,
        "name": "Md Atik",
        "color": "#43A047",
        "avatar": "https://res.cloudinary.com/dz88yjerw/image/upload/v1779774308/ccut8qllcbmzl6bxx0yy.png",
        "cover": "https://res.cloudinary.com/dz88yjerw/image/upload/v1759779146/gyshxw4n76fbsohz3rcz.jpg",
        "profileId": "67e431d61e4463f7adfa544e",
        "isActive": true,
        "pieces": [
          {
            "id": 0,
            "steps": 0,
            "isHome": true,
            "isInPlay": false
          },
          {
            "id": 1,
            "steps": 0,
            "isHome": true,
            "isInPlay": false
          },
          {
            "id": 2,
            "steps": 0,
            "isHome": true,
            "isInPlay": false
          },
          {
            "id": 3,
            "steps": 0,
            "isHome": true,
            "isInPlay": false
          }
        ],
        "isOffline": false
      }
    ],
    "selectedPlayerCount": 2,
    "currentPlayer": 0,
    "diceValue": 0,
    "gameStarted": true,
    "timestamp": 1787175786907,
    "playersSeq": 1
  }
}
[2026-08-19T21:45:28.007Z] [LUDO-EVENT] players-get-response {
  "gameId": "mt0mbauwoxrhz0"
}
[2026-08-19T21:45:28.008Z] [LUDO-STATE] game:mt0mbauwoxrhz0 {
  "gameId": "mt0mbauwoxrhz0",
  "snapshot": {
    "gameId": "mt0mbauwoxrhz0",
    "players": [
      {
        "id": 0,
        "name": "Mohammad Ikram",
        "color": "#E53935",
        "avatar": "https://res.cloudinary.com/dz88yjerw/image/upload/v1786061008/y2bgpcmceri6ogm2anvw.png",
        "cover": "https://res.cloudinary.com/dz88yjerw/image/upload/v1780098021/abtk9davy21pzff2x0cd.png",
        "profileId": "67bf1e4009395add03e1e234",
        "isActive": true,
        "pieces": [
          {
            "id": 0,
            "steps": 0,
            "isHome": true,
            "isInPlay": false
          },
          {
            "id": 1,
            "steps": 0,
            "isHome": true,
            "isInPlay": false
          },
          {
            "id": 2,
            "steps": 0,
            "isHome": true,
            "isInPlay": false
          },
          {
            "id": 3,
            "steps": 0,
            "isHome": true,
            "isInPlay": false
          }
        ],
        "isOffline": false
      },
      {
        "id": 1,
        "name": "Md Atik",
        "color": "#43A047",
        "avatar": "https://res.cloudinary.com/dz88yjerw/image/upload/v1779774308/ccut8qllcbmzl6bxx0yy.png",
        "cover": "https://res.cloudinary.com/dz88yjerw/image/upload/v1759779146/gyshxw4n76fbsohz3rcz.jpg",
        "profileId": "67e431d61e4463f7adfa544e",
        "isActive": false,
        "pieces": [
          {
            "id": 0,
            "steps": 0,
            "isHome": true,
            "isInPlay": false
          },
          {
            "id": 1,
            "steps": 0,
            "isHome": true,
            "isInPlay": false
          },
          {
            "id": 2,
            "steps": 0,
            "isHome": true,
            "isInPlay": false
          },
          {
            "id": 3,
            "steps": 0,
            "isHome": true,
            "isInPlay": false
          }
        ],
        "isOffline": false
      }
    ],
    "selectedPlayerCount": 2,
    "currentPlayer": 1,
    "diceValue": 0,
    "gameStarted": true,
    "timestamp": 1787175790027,
    "playersSeq": 2
  }
}
[2026-08-19T21:45:31.009Z] [LUDO-EVENT] players-get-response {
  "gameId": "mt0mbauwoxrhz0"
}
[2026-08-19T21:45:31.009Z] [LUDO-STATE] game:mt0mbauwoxrhz0 {
  "gameId": "mt0mbauwoxrhz0",
  "snapshot": {
    "gameId": "mt0mbauwoxrhz0",
    "players": [
      {
        "id": 0,
        "name": "Mohammad Ikram",
        "color": "#E53935",
        "avatar": "https://res.cloudinary.com/dz88yjerw/image/upload/v1786061008/y2bgpcmceri6ogm2anvw.png",
        "cover": "https://res.cloudinary.com/dz88yjerw/image/upload/v1780098021/abtk9davy21pzff2x0cd.png",
        "profileId": "67bf1e4009395add03e1e234",
        "isActive": true,
        "pieces": [
          {
            "id": 0,
            "steps": 0,
            "isHome": true,
            "isInPlay": false
          },
          {
            "id": 1,
            "steps": 0,
            "isHome": true,
            "isInPlay": false
          },
          {
            "id": 2,
            "steps": 0,
            "isHome": true,
            "isInPlay": false
          },
          {
            "id": 3,
            "steps": 0,
            "isHome": true,
            "isInPlay": false
          }
        ],
        "isOffline": false
      },
      {
        "id": 1,
        "name": "Md Atik",
        "color": "#43A047",
        "avatar": "https://res.cloudinary.com/dz88yjerw/image/upload/v1779774308/ccut8qllcbmzl6bxx0yy.png",
        "cover": "https://res.cloudinary.com/dz88yjerw/image/upload/v1759779146/gyshxw4n76fbsohz3rcz.jpg",
        "profileId": "67e431d61e4463f7adfa544e",
        "isActive": false,
        "pieces": [
          {
            "id": 0,
            "steps": 0,
            "isHome": true,
            "isInPlay": false
          },
          {
            "id": 1,
            "steps": 0,
            "isHome": true,
            "isInPlay": false
          },
          {
            "id": 2,
            "steps": 0,
            "isHome": true,
            "isInPlay": false
          },
          {
            "id": 3,
            "steps": 0,
            "isHome": true,
            "isInPlay": false
          }
        ],
        "isOffline": false
      }
    ],
    "selectedPlayerCount": 2,
    "currentPlayer": 1,
    "diceValue": 0,
    "gameStarted": true,
    "timestamp": 1787175790027,
    "playersSeq": 2
  }
}
[2026-08-19T21:45:34.008Z] [LUDO-EVENT] players-get-response {
  "gameId": "mt0mbauwoxrhz0"
}
[2026-08-19T21:45:34.008Z] [LUDO-STATE] game:mt0mbauwoxrhz0 {
  "gameId": "mt0mbauwoxrhz0",
  "snapshot": {
    "gameId": "mt0mbauwoxrhz0",
    "players": [
      {
        "id": 0,
        "name": "Mohammad Ikram",
        "color": "#E53935",
        "avatar": "https://res.cloudinary.com/dz88yjerw/image/upload/v1786061008/y2bgpcmceri6ogm2anvw.png",
        "cover": "https://res.cloudinary.com/dz88yjerw/image/upload/v1780098021/abtk9davy21pzff2x0cd.png",
        "profileId": "67bf1e4009395add03e1e234",
        "isActive": true,
        "pieces": [
          {
            "id": 0,
            "steps": 0,
            "isHome": true,
            "isInPlay": false
          },
          {
            "id": 1,
            "steps": 0,
            "isHome": true,
            "isInPlay": false
          },
          {
            "id": 2,
            "steps": 0,
            "isHome": true,
            "isInPlay": false
          },
          {
            "id": 3,
            "steps": 0,
            "isHome": true,
            "isInPlay": false
          }
        ],
        "isOffline": false
      },
      {
        "id": 1,
        "name": "Md Atik",
        "color": "#43A047",
        "avatar": "https://res.cloudinary.com/dz88yjerw/image/upload/v1779774308/ccut8qllcbmzl6bxx0yy.png",
        "cover": "https://res.cloudinary.com/dz88yjerw/image/upload/v1759779146/gyshxw4n76fbsohz3rcz.jpg",
        "profileId": "67e431d61e4463f7adfa544e",
        "isActive": false,
        "pieces": [
          {
            "id": 0,
            "steps": 0,
            "isHome": true,
            "isInPlay": false
          },
          {
            "id": 1,
            "steps": 0,
            "isHome": true,
            "isInPlay": false
          },
          {
            "id": 2,
            "steps": 0,
            "isHome": true,
            "isInPlay": false
          },
          {
            "id": 3,
            "steps": 0,
            "isHome": true,
            "isInPlay": false
          }
        ],
        "isOffline": false
      }
    ],
    "selectedPlayerCount": 2,
    "currentPlayer": 1,
    "diceValue": 0,
    "gameStarted": true,
    "timestamp": 1787175790027,
    "playersSeq": 2
  }
}
[2026-08-19T21:45:40.017Z] [LUDO-EVENT] players-get-response {
  "gameId": "mt0m6qmjuv9ywz"
}
[2026-08-19T21:45:40.017Z] [LUDO-STATE] game:mt0m6qmjuv9ywz {
  "gameId": "mt0m6qmjuv9ywz",
  "snapshot": {
    "gameId": "mt0m6qmjuv9ywz",
    "players": [
      {
        "id": 0,
        "name": "Md Atik",
        "color": "#E53935",
        "avatar": "https://res.cloudinary.com/dz88yjerw/image/upload/v1786061008/y2bgpcmceri6ogm2anvw.png",
        "profileId": "67bf1e4009395add03e1e234",
        "isActive": false,
        "pieces": [
          {
            "id": 0,
            "steps": 0,
            "isHome": true,
            "isInPlay": false
          },
          {
            "id": 1,
            "steps": 0,
            "isHome": true,
            "isInPlay": false
          },
          {
            "id": 2,
            "steps": 0,
            "isHome": true,
            "isInPlay": false
          },
          {
            "id": 3,
            "steps": 0,
            "isHome": true,
            "isInPlay": false
          }
        ],
        "isOffline": false
      },
      {
        "id": 1,
        "name": "Md Atik",
        "color": "#43A047",
        "avatar": "https://res.cloudinary.com/dz88yjerw/image/upload/v1779774308/ccut8qllcbmzl6bxx0yy.png",
        "cover": "https://res.cloudinary.com/dz88yjerw/image/upload/v1759779146/gyshxw4n76fbsohz3rcz.jpg",
        "profileId": "67e431d61e4463f7adfa544e",
        "isActive": true,
        "pieces": [
          {
            "id": 0,
            "steps": 0,
            "isHome": true,
            "isInPlay": false
          },
          {
            "id": 1,
            "steps": 0,
            "isHome": true,
            "isInPlay": false
          },
          {
            "id": 2,
            "steps": 0,
            "isHome": true,
            "isInPlay": false
          },
          {
            "id": 3,
            "steps": 0,
            "isHome": true,
            "isInPlay": false
          }
        ],
        "isOffline": false
      }
    ],
    "selectedPlayerCount": 2,
    "currentPlayer": 0,
    "diceValue": 0,
    "gameStarted": true,
    "timestamp": 1787175786907,
    "playersSeq": 1
  }
}
[2026-08-19T21:45:43.186Z] [LUDO-EVENT] players-get-response {
  "gameId": "mt0m6qmjuv9ywz"
}
[2026-08-19T21:45:43.187Z] [LUDO-STATE] game:mt0m6qmjuv9ywz {
  "gameId": "mt0m6qmjuv9ywz",
  "snapshot": {
    "gameId": "mt0m6qmjuv9ywz",
    "players": [
      {
        "id": 0,
        "name": "Md Atik",
        "color": "#E53935",
        "avatar": "https://res.cloudinary.com/dz88yjerw/image/upload/v1786061008/y2bgpcmceri6ogm2anvw.png",
        "profileId": "67bf1e4009395add03e1e234",
        "isActive": false,
        "pieces": [
          {
            "id": 0,
            "steps": 0,
            "isHome": true,
            "isInPlay": false
          },
          {
            "id": 1,
            "steps": 0,
            "isHome": true,
            "isInPlay": false
          },
          {
            "id": 2,
            "steps": 0,
            "isHome": true,
            "isInPlay": false
          },
          {
            "id": 3,
            "steps": 0,
            "isHome": true,
            "isInPlay": false
          }
        ],
        "isOffline": false
      },
      {
        "id": 1,
        "name": "Md Atik",
        "color": "#43A047",
        "avatar": "https://res.cloudinary.com/dz88yjerw/image/upload/v1779774308/ccut8qllcbmzl6bxx0yy.png",
        "cover": "https://res.cloudinary.com/dz88yjerw/image/upload/v1759779146/gyshxw4n76fbsohz3rcz.jpg",
        "profileId": "67e431d61e4463f7adfa544e",
        "isActive": true,
        "pieces": [
          {
            "id": 0,
            "steps": 0,
            "isHome": true,
            "isInPlay": false
          },
          {
            "id": 1,
            "steps": 0,
            "isHome": true,
            "isInPlay": false
          },
          {
            "id": 2,
            "steps": 0,
            "isHome": true,
            "isInPlay": false
          },
          {
            "id": 3,
            "steps": 0,
            "isHome": true,
            "isInPlay": false
          }
        ],
        "isOffline": false
      }
    ],
    "selectedPlayerCount": 2,
    "currentPlayer": 0,
    "diceValue": 0,
    "gameStarted": true,
    "timestamp": 1787175786907,
    "playersSeq": 1
  }
}
[2026-08-19T21:46:25.553Z] [LUDO-EVENT] players-snapshot {
  "gameId": "mt0mfr0yusoa89",
  "players": 2,
  "selectedPlayerCount": 2,
  "currentPlayer": 0
}
[2026-08-19T21:46:25.554Z] [LUDO-STATE] game:mt0mfr0yusoa89 {
  "gameId": "mt0mfr0yusoa89",
  "snapshot": {
    "gameId": "mt0mfr0yusoa89",
    "players": [
      {
        "id": 0,
        "name": "Mohammad Ikram",
        "color": "#E53935",
        "avatar": "https://res.cloudinary.com/dz88yjerw/image/upload/v1786061008/y2bgpcmceri6ogm2anvw.png",
        "cover": "https://res.cloudinary.com/dz88yjerw/image/upload/v1780098021/abtk9davy21pzff2x0cd.png",
        "profileId": "67bf1e4009395add03e1e234",
        "isActive": true,
        "pieces": [
          {
            "id": 0,
            "steps": 0,
            "isHome": true,
            "isInPlay": false
          },
          {
            "id": 1,
            "steps": 0,
            "isHome": true,
            "isInPlay": false
          },
          {
            "id": 2,
            "steps": 0,
            "isHome": true,
            "isInPlay": false
          },
          {
            "id": 3,
            "steps": 0,
            "isHome": true,
            "isInPlay": false
          }
        ],
        "isOffline": false
      },
      {
        "id": 1,
        "name": "Md Atik",
        "color": "#43A047",
        "avatar": "https://res.cloudinary.com/dz88yjerw/image/upload/v1779774308/ccut8qllcbmzl6bxx0yy.png",
        "cover": "https://res.cloudinary.com/dz88yjerw/image/upload/v1759779146/gyshxw4n76fbsohz3rcz.jpg",
        "profileId": "67e431d61e4463f7adfa544e",
        "isActive": false,
        "pieces": [
          {
            "id": 0,
            "steps": 0,
            "isHome": true,
            "isInPlay": false
          },
          {
            "id": 1,
            "steps": 0,
            "isHome": true,
            "isInPlay": false
          },
          {
            "id": 2,
            "steps": 0,
            "isHome": true,
            "isInPlay": false
          },
          {
            "id": 3,
            "steps": 0,
            "isHome": true,
            "isInPlay": false
          }
        ],
        "isOffline": false
      }
    ],
    "selectedPlayerCount": 2,
    "currentPlayer": 0,
    "diceValue": 0,
    "gameStarted": false,
    "timestamp": 1787175985466,
    "playersSeq": 1
  }
}
[2026-08-19T21:46:32.249Z] [LUDO-EVENT] players-get-response {
  "gameId": "mt0mfr0yusoa89"
}
[2026-08-19T21:46:32.253Z] [LUDO-STATE] game:mt0mfr0yusoa89 {
  "gameId": "mt0mfr0yusoa89",
  "snapshot": {
    "gameId": "mt0mfr0yusoa89",
    "players": [
      {
        "id": 0,
        "name": "Mohammad Ikram",
        "color": "#E53935",
        "avatar": "https://res.cloudinary.com/dz88yjerw/image/upload/v1786061008/y2bgpcmceri6ogm2anvw.png",
        "cover": "https://res.cloudinary.com/dz88yjerw/image/upload/v1780098021/abtk9davy21pzff2x0cd.png",
        "profileId": "67bf1e4009395add03e1e234",
        "isActive": true,
        "pieces": [
          {
            "id": 0,
            "steps": 0,
            "isHome": true,
            "isInPlay": false
          },
          {
            "id": 1,
            "steps": 0,
            "isHome": true,
            "isInPlay": false
          },
          {
            "id": 2,
            "steps": 0,
            "isHome": true,
            "isInPlay": false
          },
          {
            "id": 3,
            "steps": 0,
            "isHome": true,
            "isInPlay": false
          }
        ],
        "isOffline": false
      },
      {
        "id": 1,
        "name": "Md Atik",
        "color": "#43A047",
        "avatar": "https://res.cloudinary.com/dz88yjerw/image/upload/v1779774308/ccut8qllcbmzl6bxx0yy.png",
        "cover": "https://res.cloudinary.com/dz88yjerw/image/upload/v1759779146/gyshxw4n76fbsohz3rcz.jpg",
        "profileId": "67e431d61e4463f7adfa544e",
        "isActive": true,
        "pieces": [
          {
            "id": 0,
            "steps": 0,
            "isHome": true,
            "isInPlay": false
          },
          {
            "id": 1,
            "steps": 0,
            "isHome": true,
            "isInPlay": false
          },
          {
            "id": 2,
            "steps": 0,
            "isHome": true,
            "isInPlay": false
          },
          {
            "id": 3,
            "steps": 0,
            "isHome": true,
            "isInPlay": false
          }
        ],
        "isOffline": false
      }
    ],
    "selectedPlayerCount": 2,
    "currentPlayer": 0,
    "diceValue": 0,
    "gameStarted": false,
    "timestamp": 1787175985466,
    "playersSeq": 1
  }
}
[2026-08-19T21:46:32.405Z] [LUDO-EVENT] accept {
  "socketId": "OygsR98wfA4lOtazAAAX",
  "effectiveProfileId": "67e431d61e4463f7adfa544e",
  "payload": {
    "gameId": "mt0mfr0yusoa89",
    "slotIndex": 1,
    "friend": {
      "_id": "67e431d61e4463f7adfa544e",
      "fullName": "Md Atik",
      "profilePic": "https://res.cloudinary.com/dz88yjerw/image/upload/v1779774308/ccut8qllcbmzl6bxx0yy.png",
      "coverPic": "https://res.cloudinary.com/dz88yjerw/image/upload/v1759779146/gyshxw4n76fbsohz3rcz.jpg"
    },
    "from": "67bf1e4009395add03e1e234"
  },
  "room": "ludo_mt0mfr0yusoa89",
  "roomSize": 2
}
[2026-08-19T21:46:32.408Z] [LUDO-EVENT] accepted-emitted {
  "room": "ludo_mt0mfr0yusoa89",
  "roomSize": 2,
  "payload": {
    "gameId": "mt0mfr0yusoa89",
    "slotIndex": 1,
    "friend": {
      "_id": "67e431d61e4463f7adfa544e",
      "fullName": "Md Atik",
      "profilePic": "https://res.cloudinary.com/dz88yjerw/image/upload/v1779774308/ccut8qllcbmzl6bxx0yy.png",
      "coverPic": "https://res.cloudinary.com/dz88yjerw/image/upload/v1759779146/gyshxw4n76fbsohz3rcz.jpg"
    },
    "from": "67bf1e4009395add03e1e234",
    "serverTs": 1787175992406
  }
}
[2026-08-19T21:46:32.416Z] [LUDO-STATE] game:mt0mfr0yusoa89 {
  "gameId": "mt0mfr0yusoa89",
  "snapshot": {
    "gameId": "mt0mfr0yusoa89",
    "players": [
      {
        "id": 0,
        "name": "Mohammad Ikram",
        "color": "#E53935",
        "avatar": "https://res.cloudinary.com/dz88yjerw/image/upload/v1786061008/y2bgpcmceri6ogm2anvw.png",
        "cover": "https://res.cloudinary.com/dz88yjerw/image/upload/v1780098021/abtk9davy21pzff2x0cd.png",
        "profileId": "67bf1e4009395add03e1e234",
        "isActive": true,
        "pieces": [
          {
            "id": 0,
            "steps": 0,
            "isHome": true,
            "isInPlay": false
          },
          {
            "id": 1,
            "steps": 0,
            "isHome": true,
            "isInPlay": false
          },
          {
            "id": 2,
            "steps": 0,
            "isHome": true,
            "isInPlay": false
          },
          {
            "id": 3,
            "steps": 0,
            "isHome": true,
            "isInPlay": false
          }
        ],
        "isOffline": false
      },
      {
        "id": 1,
        "name": "Md Atik",
        "color": "#43A047",
        "avatar": "https://res.cloudinary.com/dz88yjerw/image/upload/v1779774308/ccut8qllcbmzl6bxx0yy.png",
        "cover": "https://res.cloudinary.com/dz88yjerw/image/upload/v1759779146/gyshxw4n76fbsohz3rcz.jpg",
        "profileId": "67e431d61e4463f7adfa544e",
        "isActive": false,
        "pieces": [
          {
            "id": 0,
            "steps": 0,
            "isHome": true,
            "isInPlay": false
          },
          {
            "id": 1,
            "steps": 0,
            "isHome": true,
            "isInPlay": false
          },
          {
            "id": 2,
            "steps": 0,
            "isHome": true,
            "isInPlay": false
          },
          {
            "id": 3,
            "steps": 0,
            "isHome": true,
            "isInPlay": false
          }
        ],
        "isOffline": false
      }
    ],
    "selectedPlayerCount": 2,
    "currentPlayer": 0,
    "diceValue": 0,
    "gameStarted": false,
    "timestamp": 1787175985466,
    "playersSeq": 1
  }
}
[2026-08-19T21:46:32.458Z] [LUDO-EVENT] players-get-response {
  "gameId": "mt0mfr0yusoa89"
}
[2026-08-19T21:46:32.459Z] [LUDO-STATE] game:mt0mfr0yusoa89 {
  "gameId": "mt0mfr0yusoa89",
  "snapshot": {
    "gameId": "mt0mfr0yusoa89",
    "players": [
      {
        "id": 0,
        "name": "Mohammad Ikram",
        "color": "#E53935",
        "avatar": "https://res.cloudinary.com/dz88yjerw/image/upload/v1786061008/y2bgpcmceri6ogm2anvw.png",
        "cover": "https://res.cloudinary.com/dz88yjerw/image/upload/v1780098021/abtk9davy21pzff2x0cd.png",
        "profileId": "67bf1e4009395add03e1e234",
        "isActive": true,
        "pieces": [
          {
            "id": 0,
            "steps": 0,
            "isHome": true,
            "isInPlay": false
          },
          {
            "id": 1,
            "steps": 0,
            "isHome": true,
            "isInPlay": false
          },
          {
            "id": 2,
            "steps": 0,
            "isHome": true,
            "isInPlay": false
          },
          {
            "id": 3,
            "steps": 0,
            "isHome": true,
            "isInPlay": false
          }
        ],
        "isOffline": false
      },
      {
        "id": 1,
        "name": "Md Atik",
        "color": "#43A047",
        "avatar": "https://res.cloudinary.com/dz88yjerw/image/upload/v1779774308/ccut8qllcbmzl6bxx0yy.png",
        "cover": "https://res.cloudinary.com/dz88yjerw/image/upload/v1759779146/gyshxw4n76fbsohz3rcz.jpg",
        "profileId": "67e431d61e4463f7adfa544e",
        "isActive": true,
        "pieces": [
          {
            "id": 0,
            "steps": 0,
            "isHome": true,
            "isInPlay": false
          },
          {
            "id": 1,
            "steps": 0,
            "isHome": true,
            "isInPlay": false
          },
          {
            "id": 2,
            "steps": 0,
            "isHome": true,
            "isInPlay": false
          },
          {
            "id": 3,
            "steps": 0,
            "isHome": true,
            "isInPlay": false
          }
        ],
        "isOffline": false
      }
    ],
    "selectedPlayerCount": 2,
    "currentPlayer": 0,
    "diceValue": 0,
    "gameStarted": false,
    "timestamp": 1787175985466,
    "playersSeq": 1
  }
}
[2026-08-19T21:46:32.632Z] [LUDO-EVENT] players-snapshot {
  "gameId": "mt0mfr0yusoa89",
  "players": 2,
  "selectedPlayerCount": 2,
  "currentPlayer": 0
}
[2026-08-19T21:46:32.632Z] [LUDO-STATE] game:mt0mfr0yusoa89 {
  "gameId": "mt0mfr0yusoa89",
  "snapshot": {
    "gameId": "mt0mfr0yusoa89",
    "players": [
      {
        "id": 0,
        "name": "Mohammad Ikram",
        "color": "#E53935",
        "avatar": "https://res.cloudinary.com/dz88yjerw/image/upload/v1786061008/y2bgpcmceri6ogm2anvw.png",
        "cover": "https://res.cloudinary.com/dz88yjerw/image/upload/v1780098021/abtk9davy21pzff2x0cd.png",
        "profileId": "67bf1e4009395add03e1e234",
        "isActive": true,
        "pieces": [
          {
            "id": 0,
            "steps": 0,
            "isHome": true,
            "isInPlay": false
          },
          {
            "id": 1,
            "steps": 0,
            "isHome": true,
            "isInPlay": false
          },
          {
            "id": 2,
            "steps": 0,
            "isHome": true,
            "isInPlay": false
          },
          {
            "id": 3,
            "steps": 0,
            "isHome": true,
            "isInPlay": false
          }
        ],
        "isOffline": false
      },
      {
        "id": 1,
        "name": "Md Atik",
        "color": "#43A047",
        "avatar": "https://res.cloudinary.com/dz88yjerw/image/upload/v1779774308/ccut8qllcbmzl6bxx0yy.png",
        "cover": "https://res.cloudinary.com/dz88yjerw/image/upload/v1759779146/gyshxw4n76fbsohz3rcz.jpg",
        "profileId": "67e431d61e4463f7adfa544e",
        "isActive": true,
        "pieces": [
          {
            "id": 0,
            "steps": 0,
            "isHome": true,
            "isInPlay": false
          },
          {
            "id": 1,
            "steps": 0,
            "isHome": true,
            "isInPlay": false
          },
          {
            "id": 2,
            "steps": 0,
            "isHome": true,
            "isInPlay": false
          },
          {
            "id": 3,
            "steps": 0,
            "isHome": true,
            "isInPlay": false
          }
        ],
        "isOffline": false
      }
    ],
    "selectedPlayerCount": 2,
    "currentPlayer": 0,
    "diceValue": 0,
    "gameStarted": false,
    "timestamp": 1787175992619,
    "playersSeq": 2
  }
}
[2026-08-19T21:46:33.382Z] [LUDO-EVENT] players-snapshot {
  "gameId": "mt0mfr0yusoa89",
  "players": 2,
  "selectedPlayerCount": 2,
  "currentPlayer": 0
}
[2026-08-19T21:46:33.383Z] [LUDO-STATE] game:mt0mfr0yusoa89 {
  "gameId": "mt0mfr0yusoa89",
  "snapshot": {
    "gameId": "mt0mfr0yusoa89",
    "players": [
      {
        "id": 0,
        "name": "Mohammad Ikram",
        "color": "#E53935",
        "avatar": "https://res.cloudinary.com/dz88yjerw/image/upload/v1786061008/y2bgpcmceri6ogm2anvw.png",
        "cover": "https://res.cloudinary.com/dz88yjerw/image/upload/v1780098021/abtk9davy21pzff2x0cd.png",
        "profileId": "67bf1e4009395add03e1e234",
        "isActive": true,
        "pieces": [
          {
            "id": 0,
            "steps": 0,
            "isHome": true,
            "isInPlay": false
          },
          {
            "id": 1,
            "steps": 0,
            "isHome": true,
            "isInPlay": false
          },
          {
            "id": 2,
            "steps": 0,
            "isHome": true,
            "isInPlay": false
          },
          {
            "id": 3,
            "steps": 0,
            "isHome": true,
            "isInPlay": false
          }
        ],
        "isOffline": false
      },
      {
        "id": 1,
        "name": "Md Atik",
        "color": "#43A047",
        "avatar": "https://res.cloudinary.com/dz88yjerw/image/upload/v1779774308/ccut8qllcbmzl6bxx0yy.png",
        "cover": "https://res.cloudinary.com/dz88yjerw/image/upload/v1759779146/gyshxw4n76fbsohz3rcz.jpg",
        "profileId": "67e431d61e4463f7adfa544e",
        "isActive": true,
        "pieces": [
          {
            "id": 0,
            "steps": 0,
            "isHome": true,
            "isInPlay": false
          },
          {
            "id": 1,
            "steps": 0,
            "isHome": true,
            "isInPlay": false
          },
          {
            "id": 2,
            "steps": 0,
            "isHome": true,
            "isInPlay": false
          },
          {
            "id": 3,
            "steps": 0,
            "isHome": true,
            "isInPlay": false
          }
        ],
        "isOffline": false
      }
    ],
    "selectedPlayerCount": 2,
    "currentPlayer": 0,
    "diceValue": 0,
    "gameStarted": true,
    "timestamp": 1787175993261,
    "playersSeq": 3
  }
}
[2026-08-19T21:46:36.145Z] [LUDO-EVENT] players-get-response {
  "gameId": "mt0mfr0yusoa89"
}
[2026-08-19T21:46:36.146Z] [LUDO-STATE] game:mt0mfr0yusoa89 {
  "gameId": "mt0mfr0yusoa89",
  "snapshot": {
    "gameId": "mt0mfr0yusoa89",
    "players": [
      {
        "id": 0,
        "name": "Mohammad Ikram",
        "color": "#E53935",
        "avatar": "https://res.cloudinary.com/dz88yjerw/image/upload/v1786061008/y2bgpcmceri6ogm2anvw.png",
        "cover": "https://res.cloudinary.com/dz88yjerw/image/upload/v1780098021/abtk9davy21pzff2x0cd.png",
        "profileId": "67bf1e4009395add03e1e234",
        "isActive": true,
        "pieces": [
          {
            "id": 0,
            "steps": 0,
            "isHome": true,
            "isInPlay": false
          },
          {
            "id": 1,
            "steps": 0,
            "isHome": true,
            "isInPlay": false
          },
          {
            "id": 2,
            "steps": 0,
            "isHome": true,
            "isInPlay": false
          },
          {
            "id": 3,
            "steps": 0,
            "isHome": true,
            "isInPlay": false
          }
        ],
        "isOffline": false
      },
      {
        "id": 1,
        "name": "Md Atik",
        "color": "#43A047",
        "avatar": "https://res.cloudinary.com/dz88yjerw/image/upload/v1779774308/ccut8qllcbmzl6bxx0yy.png",
        "cover": "https://res.cloudinary.com/dz88yjerw/image/upload/v1759779146/gyshxw4n76fbsohz3rcz.jpg",
        "profileId": "67e431d61e4463f7adfa544e",
        "isActive": true,
        "pieces": [
          {
            "id": 0,
            "steps": 0,
            "isHome": true,
            "isInPlay": false
          },
          {
            "id": 1,
            "steps": 0,
            "isHome": true,
            "isInPlay": false
          },
          {
            "id": 2,
            "steps": 0,
            "isHome": true,
            "isInPlay": false
          },
          {
            "id": 3,
            "steps": 0,
            "isHome": true,
            "isInPlay": false
          }
        ],
        "isOffline": false
      }
    ],
    "selectedPlayerCount": 2,
    "currentPlayer": 0,
    "diceValue": 0,
    "gameStarted": true,
    "timestamp": 1787175993261,
    "playersSeq": 3
  }
}
[2026-08-19T21:46:36.555Z] [LUDO-EVENT] players-get-response {
  "gameId": "mt0mfr0yusoa89"
}
[2026-08-19T21:46:36.556Z] [LUDO-STATE] game:mt0mfr0yusoa89 {
  "gameId": "mt0mfr0yusoa89",
  "snapshot": {
    "gameId": "mt0mfr0yusoa89",
    "players": [
      {
        "id": 0,
        "name": "Mohammad Ikram",
        "color": "#E53935",
        "avatar": "https://res.cloudinary.com/dz88yjerw/image/upload/v1786061008/y2bgpcmceri6ogm2anvw.png",
        "cover": "https://res.cloudinary.com/dz88yjerw/image/upload/v1780098021/abtk9davy21pzff2x0cd.png",
        "profileId": "67bf1e4009395add03e1e234",
        "isActive": true,
        "pieces": [
          {
            "id": 0,
            "steps": 0,
            "isHome": true,
            "isInPlay": false
          },
          {
            "id": 1,
            "steps": 0,
            "isHome": true,
            "isInPlay": false
          },
          {
            "id": 2,
            "steps": 0,
            "isHome": true,
            "isInPlay": false
          },
          {
            "id": 3,
            "steps": 0,
            "isHome": true,
            "isInPlay": false
          }
        ],
        "isOffline": false
      },
      {
        "id": 1,
        "name": "Md Atik",
        "color": "#43A047",
        "avatar": "https://res.cloudinary.com/dz88yjerw/image/upload/v1779774308/ccut8qllcbmzl6bxx0yy.png",
        "cover": "https://res.cloudinary.com/dz88yjerw/image/upload/v1759779146/gyshxw4n76fbsohz3rcz.jpg",
        "profileId": "67e431d61e4463f7adfa544e",
        "isActive": true,
        "pieces": [
          {
            "id": 0,
            "steps": 0,
            "isHome": true,
            "isInPlay": false
          },
          {
            "id": 1,
            "steps": 0,
            "isHome": true,
            "isInPlay": false
          },
          {
            "id": 2,
            "steps": 0,
            "isHome": true,
            "isInPlay": false
          },
          {
            "id": 3,
            "steps": 0,
            "isHome": true,
            "isInPlay": false
          }
        ],
        "isOffline": false
      }
    ],
    "selectedPlayerCount": 2,
    "currentPlayer": 0,
    "diceValue": 0,
    "gameStarted": true,
    "timestamp": 1787175993261,
    "playersSeq": 3
  }
}
[2026-08-19T21:46:39.163Z] [LUDO-EVENT] players-get-response {
  "gameId": "mt0mfr0yusoa89"
}
[2026-08-19T21:46:39.165Z] [LUDO-STATE] game:mt0mfr0yusoa89 {
  "gameId": "mt0mfr0yusoa89",
  "snapshot": {
    "gameId": "mt0mfr0yusoa89",
    "players": [
      {
        "id": 0,
        "name": "Mohammad Ikram",
        "color": "#E53935",
        "avatar": "https://res.cloudinary.com/dz88yjerw/image/upload/v1786061008/y2bgpcmceri6ogm2anvw.png",
        "cover": "https://res.cloudinary.com/dz88yjerw/image/upload/v1780098021/abtk9davy21pzff2x0cd.png",
        "profileId": "67bf1e4009395add03e1e234",
        "isActive": true,
        "pieces": [
          {
            "id": 0,
            "steps": 0,
            "isHome": true,
            "isInPlay": false
          },
          {
            "id": 1,
            "steps": 0,
            "isHome": true,
            "isInPlay": false
          },
          {
            "id": 2,
            "steps": 0,
            "isHome": true,
            "isInPlay": false
          },
          {
            "id": 3,
            "steps": 0,
            "isHome": true,
            "isInPlay": false
          }
        ],
        "isOffline": false
      },
      {
        "id": 1,
        "name": "Md Atik",
        "color": "#43A047",
        "avatar": "https://res.cloudinary.com/dz88yjerw/image/upload/v1779774308/ccut8qllcbmzl6bxx0yy.png",
        "cover": "https://res.cloudinary.com/dz88yjerw/image/upload/v1759779146/gyshxw4n76fbsohz3rcz.jpg",
        "profileId": "67e431d61e4463f7adfa544e",
        "isActive": true,
        "pieces": [
          {
            "id": 0,
            "steps": 0,
            "isHome": true,
            "isInPlay": false
          },
          {
            "id": 1,
            "steps": 0,
            "isHome": true,
            "isInPlay": false
          },
          {
            "id": 2,
            "steps": 0,
            "isHome": true,
            "isInPlay": false
          },
          {
            "id": 3,
            "steps": 0,
            "isHome": true,
            "isInPlay": false
          }
        ],
        "isOffline": false
      }
    ],
    "selectedPlayerCount": 2,
    "currentPlayer": 0,
    "diceValue": 0,
    "gameStarted": true,
    "timestamp": 1787175993261,
    "playersSeq": 3
  }
}
[2026-08-19T21:46:39.463Z] [LUDO-EVENT] players-get-response {
  "gameId": "mt0mfr0yusoa89"
}
[2026-08-19T21:46:39.466Z] [LUDO-STATE] game:mt0mfr0yusoa89 {
  "gameId": "mt0mfr0yusoa89",
  "snapshot": {
    "gameId": "mt0mfr0yusoa89",
    "players": [
      {
        "id": 0,
        "name": "Mohammad Ikram",
        "color": "#E53935",
        "avatar": "https://res.cloudinary.com/dz88yjerw/image/upload/v1786061008/y2bgpcmceri6ogm2anvw.png",
        "cover": "https://res.cloudinary.com/dz88yjerw/image/upload/v1780098021/abtk9davy21pzff2x0cd.png",
        "profileId": "67bf1e4009395add03e1e234",
        "isActive": true,
        "pieces": [
          {
            "id": 0,
            "steps": 0,
            "isHome": true,
            "isInPlay": false
          },
          {
            "id": 1,
            "steps": 0,
            "isHome": true,
            "isInPlay": false
          },
          {
            "id": 2,
            "steps": 0,
            "isHome": true,
            "isInPlay": false
          },
          {
            "id": 3,
            "steps": 0,
            "isHome": true,
            "isInPlay": false
          }
        ],
        "isOffline": false
      },
      {
        "id": 1,
        "name": "Md Atik",
        "color": "#43A047",
        "avatar": "https://res.cloudinary.com/dz88yjerw/image/upload/v1779774308/ccut8qllcbmzl6bxx0yy.png",
        "cover": "https://res.cloudinary.com/dz88yjerw/image/upload/v1759779146/gyshxw4n76fbsohz3rcz.jpg",
        "profileId": "67e431d61e4463f7adfa544e",
        "isActive": true,
        "pieces": [
          {
            "id": 0,
            "steps": 0,
            "isHome": true,
            "isInPlay": false
          },
          {
            "id": 1,
            "steps": 0,
            "isHome": true,
            "isInPlay": false
          },
          {
            "id": 2,
            "steps": 0,
            "isHome": true,
            "isInPlay": false
          },
          {
            "id": 3,
            "steps": 0,
            "isHome": true,
            "isInPlay": false
          }
        ],
        "isOffline": false
      }
    ],
    "selectedPlayerCount": 2,
    "currentPlayer": 0,
    "diceValue": 0,
    "gameStarted": true,
    "timestamp": 1787175993261,
    "playersSeq": 3
  }
}
[2026-08-19T21:46:39.683Z] [LUDO-EVENT] roll-validated {
  "socketId": "GMA4t1iCfuU_meE4AAAZ",
  "gameId": "mt0mfr0yusoa89",
  "by": "67bf1e4009395add03e1e234",
  "value": 4,
  "currentPlayer": 0
}
[2026-08-19T21:46:39.684Z] [LUDO-STATE] game:mt0mfr0yusoa89 {
  "gameId": "mt0mfr0yusoa89",
  "snapshot": {
    "gameId": "mt0mfr0yusoa89",
    "players": [
      {
        "id": 0,
        "name": "Mohammad Ikram",
        "color": "#E53935",
        "avatar": "https://res.cloudinary.com/dz88yjerw/image/upload/v1786061008/y2bgpcmceri6ogm2anvw.png",
        "cover": "https://res.cloudinary.com/dz88yjerw/image/upload/v1780098021/abtk9davy21pzff2x0cd.png",
        "profileId": "67bf1e4009395add03e1e234",
        "isActive": true,
        "pieces": [
          {
            "id": 0,
            "steps": 0,
            "isHome": true,
            "isInPlay": false
          },
          {
            "id": 1,
            "steps": 0,
            "isHome": true,
            "isInPlay": false
          },
          {
            "id": 2,
            "steps": 0,
            "isHome": true,
            "isInPlay": false
          },
          {
            "id": 3,
            "steps": 0,
            "isHome": true,
            "isInPlay": false
          }
        ],
        "isOffline": false
      },
      {
        "id": 1,
        "name": "Md Atik",
        "color": "#43A047",
        "avatar": "https://res.cloudinary.com/dz88yjerw/image/upload/v1779774308/ccut8qllcbmzl6bxx0yy.png",
        "cover": "https://res.cloudinary.com/dz88yjerw/image/upload/v1759779146/gyshxw4n76fbsohz3rcz.jpg",
        "profileId": "67e431d61e4463f7adfa544e",
        "isActive": true,
        "pieces": [
          {
            "id": 0,
            "steps": 0,
            "isHome": true,
            "isInPlay": false
          },
          {
            "id": 1,
            "steps": 0,
            "isHome": true,
            "isInPlay": false
          },
          {
            "id": 2,
            "steps": 0,
            "isHome": true,
            "isInPlay": false
          },
          {
            "id": 3,
            "steps": 0,
            "isHome": true,
            "isInPlay": false
          }
        ],
        "isOffline": false
      }
    ],
    "selectedPlayerCount": 2,
    "currentPlayer": 0,
    "diceValue": 4,
    "gameStarted": true,
    "timestamp": 1787175993261,
    "playersSeq": 3
  }
}
[2026-08-19T21:46:40.443Z] [LUDO-EVENT] players-snapshot {
  "gameId": "mt0mfr0yusoa89",
  "players": 2,
  "selectedPlayerCount": 2,
  "currentPlayer": 1
}
[2026-08-19T21:46:40.445Z] [LUDO-STATE] game:mt0mfr0yusoa89 {
  "gameId": "mt0mfr0yusoa89",
  "snapshot": {
    "gameId": "mt0mfr0yusoa89",
    "players": [
      {
        "id": 0,
        "name": "Mohammad Ikram",
        "color": "#E53935",
        "avatar": "https://res.cloudinary.com/dz88yjerw/image/upload/v1786061008/y2bgpcmceri6ogm2anvw.png",
        "cover": "https://res.cloudinary.com/dz88yjerw/image/upload/v1780098021/abtk9davy21pzff2x0cd.png",
        "profileId": "67bf1e4009395add03e1e234",
        "isActive": true,
        "pieces": [
          {
            "id": 0,
            "steps": 0,
            "isHome": true,
            "isInPlay": false
          },
          {
            "id": 1,
            "steps": 0,
            "isHome": true,
            "isInPlay": false
          },
          {
            "id": 2,
            "steps": 0,
            "isHome": true,
            "isInPlay": false
          },
          {
            "id": 3,
            "steps": 0,
            "isHome": true,
            "isInPlay": false
          }
        ],
        "isOffline": false
      },
      {
        "id": 1,
        "name": "Md Atik",
        "color": "#43A047",
        "avatar": "https://res.cloudinary.com/dz88yjerw/image/upload/v1779774308/ccut8qllcbmzl6bxx0yy.png",
        "cover": "https://res.cloudinary.com/dz88yjerw/image/upload/v1759779146/gyshxw4n76fbsohz3rcz.jpg",
        "profileId": "67e431d61e4463f7adfa544e",
        "isActive": true,
        "pieces": [
          {
            "id": 0,
            "steps": 0,
            "isHome": true,
            "isInPlay": false
          },
          {
            "id": 1,
            "steps": 0,
            "isHome": true,
            "isInPlay": false
          },
          {
            "id": 2,
            "steps": 0,
            "isHome": true,
            "isInPlay": false
          },
          {
            "id": 3,
            "steps": 0,
            "isHome": true,
            "isInPlay": false
          }
        ],
        "isOffline": false
      }
    ],
    "selectedPlayerCount": 2,
    "currentPlayer": 1,
    "diceValue": 0,
    "gameStarted": true,
    "timestamp": 1787176000396,
    "playersSeq": 4
  }
}
[2026-08-19T21:46:42.158Z] [LUDO-EVENT] players-get-response {
  "gameId": "mt0mfr0yusoa89"
}
[2026-08-19T21:46:42.159Z] [LUDO-STATE] game:mt0mfr0yusoa89 {
  "gameId": "mt0mfr0yusoa89",
  "snapshot": {
    "gameId": "mt0mfr0yusoa89",
    "players": [
      {
        "id": 0,
        "name": "Mohammad Ikram",
        "color": "#E53935",
        "avatar": "https://res.cloudinary.com/dz88yjerw/image/upload/v1786061008/y2bgpcmceri6ogm2anvw.png",
        "cover": "https://res.cloudinary.com/dz88yjerw/image/upload/v1780098021/abtk9davy21pzff2x0cd.png",
        "profileId": "67bf1e4009395add03e1e234",
        "isActive": true,
        "pieces": [
          {
            "id": 0,
            "steps": 0,
            "isHome": true,
            "isInPlay": false
          },
          {
            "id": 1,
            "steps": 0,
            "isHome": true,
            "isInPlay": false
          },
          {
            "id": 2,
            "steps": 0,
            "isHome": true,
            "isInPlay": false
          },
          {
            "id": 3,
            "steps": 0,
            "isHome": true,
            "isInPlay": false
          }
        ],
        "isOffline": false
      },
      {
        "id": 1,
        "name": "Md Atik",
        "color": "#43A047",
        "avatar": "https://res.cloudinary.com/dz88yjerw/image/upload/v1779774308/ccut8qllcbmzl6bxx0yy.png",
        "cover": "https://res.cloudinary.com/dz88yjerw/image/upload/v1759779146/gyshxw4n76fbsohz3rcz.jpg",
        "profileId": "67e431d61e4463f7adfa544e",
        "isActive": true,
        "pieces": [
          {
            "id": 0,
            "steps": 0,
            "isHome": true,
            "isInPlay": false
          },
          {
            "id": 1,
            "steps": 0,
            "isHome": true,
            "isInPlay": false
          },
          {
            "id": 2,
            "steps": 0,
            "isHome": true,
            "isInPlay": false
          },
          {
            "id": 3,
            "steps": 0,
            "isHome": true,
            "isInPlay": false
          }
        ],
        "isOffline": false
      }
    ],
    "selectedPlayerCount": 2,
    "currentPlayer": 1,
    "diceValue": 0,
    "gameStarted": true,
    "timestamp": 1787176000396,
    "playersSeq": 4
  }
}
[2026-08-19T21:46:42.403Z] [LUDO-EVENT] roll-validated {
  "socketId": "OygsR98wfA4lOtazAAAX",
  "gameId": "mt0mfr0yusoa89",
  "by": "67e431d61e4463f7adfa544e",
  "value": 5,
  "currentPlayer": 1
}
[2026-08-19T21:46:42.404Z] [LUDO-STATE] game:mt0mfr0yusoa89 {
  "gameId": "mt0mfr0yusoa89",
  "snapshot": {
    "gameId": "mt0mfr0yusoa89",
    "players": [
      {
        "id": 0,
        "name": "Mohammad Ikram",
        "color": "#E53935",
        "avatar": "https://res.cloudinary.com/dz88yjerw/image/upload/v1786061008/y2bgpcmceri6ogm2anvw.png",
        "cover": "https://res.cloudinary.com/dz88yjerw/image/upload/v1780098021/abtk9davy21pzff2x0cd.png",
        "profileId": "67bf1e4009395add03e1e234",
        "isActive": true,
        "pieces": [
          {
            "id": 0,
            "steps": 0,
            "isHome": true,
            "isInPlay": false
          },
          {
            "id": 1,
            "steps": 0,
            "isHome": true,
            "isInPlay": false
          },
          {
            "id": 2,
            "steps": 0,
            "isHome": true,
            "isInPlay": false
          },
          {
            "id": 3,
            "steps": 0,
            "isHome": true,
            "isInPlay": false
          }
        ],
        "isOffline": false
      },
      {
        "id": 1,
        "name": "Md Atik",
        "color": "#43A047",
        "avatar": "https://res.cloudinary.com/dz88yjerw/image/upload/v1779774308/ccut8qllcbmzl6bxx0yy.png",
        "cover": "https://res.cloudinary.com/dz88yjerw/image/upload/v1759779146/gyshxw4n76fbsohz3rcz.jpg",
        "profileId": "67e431d61e4463f7adfa544e",
        "isActive": true,
        "pieces": [
          {
            "id": 0,
            "steps": 0,
            "isHome": true,
            "isInPlay": false
          },
          {
            "id": 1,
            "steps": 0,
            "isHome": true,
            "isInPlay": false
          },
          {
            "id": 2,
            "steps": 0,
            "isHome": true,
            "isInPlay": false
          },
          {
            "id": 3,
            "steps": 0,
            "isHome": true,
            "isInPlay": false
          }
        ],
        "isOffline": false
      }
    ],
    "selectedPlayerCount": 2,
    "currentPlayer": 1,
    "diceValue": 5,
    "gameStarted": true,
    "timestamp": 1787176000396,
    "playersSeq": 4
  }
}
[2026-08-19T21:46:42.700Z] [LUDO-EVENT] players-snapshot {
  "gameId": "mt0mfr0yusoa89",
  "players": 2,
  "selectedPlayerCount": 2,
  "currentPlayer": 0
}
[2026-08-19T21:46:42.701Z] [LUDO-STATE] game:mt0mfr0yusoa89 {
  "gameId": "mt0mfr0yusoa89",
  "snapshot": {
    "gameId": "mt0mfr0yusoa89",
    "players": [
      {
        "id": 0,
        "name": "Mohammad Ikram",
        "color": "#E53935",
        "avatar": "https://res.cloudinary.com/dz88yjerw/image/upload/v1786061008/y2bgpcmceri6ogm2anvw.png",
        "cover": "https://res.cloudinary.com/dz88yjerw/image/upload/v1780098021/abtk9davy21pzff2x0cd.png",
        "profileId": "67bf1e4009395add03e1e234",
        "isActive": true,
        "pieces": [
          {
            "id": 0,
            "steps": 0,
            "isHome": true,
            "isInPlay": false
          },
          {
            "id": 1,
            "steps": 0,
            "isHome": true,
            "isInPlay": false
          },
          {
            "id": 2,
            "steps": 0,
            "isHome": true,
            "isInPlay": false
          },
          {
            "id": 3,
            "steps": 0,
            "isHome": true,
            "isInPlay": false
          }
        ],
        "isOffline": false
      },
      {
        "id": 1,
        "name": "Md Atik",
        "color": "#43A047",
        "avatar": "https://res.cloudinary.com/dz88yjerw/image/upload/v1779774308/ccut8qllcbmzl6bxx0yy.png",
        "cover": "https://res.cloudinary.com/dz88yjerw/image/upload/v1759779146/gyshxw4n76fbsohz3rcz.jpg",
        "profileId": "67e431d61e4463f7adfa544e",
        "isActive": true,
        "pieces": [
          {
            "id": 0,
            "steps": 0,
            "isHome": true,
            "isInPlay": false
          },
          {
            "id": 1,
            "steps": 0,
            "isHome": true,
            "isInPlay": false
          },
          {
            "id": 2,
            "steps": 0,
            "isHome": true,
            "isInPlay": false
          },
          {
            "id": 3,
            "steps": 0,
            "isHome": true,
            "isInPlay": false
          }
        ],
        "isOffline": false
      }
    ],
    "selectedPlayerCount": 2,
    "currentPlayer": 0,
    "diceValue": 0,
    "gameStarted": true,
    "timestamp": 1787176002666,
    "playersSeq": 5
  }
}
[2026-08-19T21:46:45.158Z] [LUDO-EVENT] players-get-response {
  "gameId": "mt0mfr0yusoa89"
}
[2026-08-19T21:46:45.159Z] [LUDO-STATE] game:mt0mfr0yusoa89 {
  "gameId": "mt0mfr0yusoa89",
  "snapshot": {
    "gameId": "mt0mfr0yusoa89",
    "players": [
      {
        "id": 0,
        "name": "Mohammad Ikram",
        "color": "#E53935",
        "avatar": "https://res.cloudinary.com/dz88yjerw/image/upload/v1786061008/y2bgpcmceri6ogm2anvw.png",
        "cover": "https://res.cloudinary.com/dz88yjerw/image/upload/v1780098021/abtk9davy21pzff2x0cd.png",
        "profileId": "67bf1e4009395add03e1e234",
        "isActive": true,
        "pieces": [
          {
            "id": 0,
            "steps": 0,
            "isHome": true,
            "isInPlay": false
          },
          {
            "id": 1,
            "steps": 0,
            "isHome": true,
            "isInPlay": false
          },
          {
            "id": 2,
            "steps": 0,
            "isHome": true,
            "isInPlay": false
          },
          {
            "id": 3,
            "steps": 0,
            "isHome": true,
            "isInPlay": false
          }
        ],
        "isOffline": false
      },
      {
        "id": 1,
        "name": "Md Atik",
        "color": "#43A047",
        "avatar": "https://res.cloudinary.com/dz88yjerw/image/upload/v1779774308/ccut8qllcbmzl6bxx0yy.png",
        "cover": "https://res.cloudinary.com/dz88yjerw/image/upload/v1759779146/gyshxw4n76fbsohz3rcz.jpg",
        "profileId": "67e431d61e4463f7adfa544e",
        "isActive": true,
        "pieces": [
          {
            "id": 0,
            "steps": 0,
            "isHome": true,
            "isInPlay": false
          },
          {
            "id": 1,
            "steps": 0,
            "isHome": true,
            "isInPlay": false
          },
          {
            "id": 2,
            "steps": 0,
            "isHome": true,
            "isInPlay": false
          },
          {
            "id": 3,
            "steps": 0,
            "isHome": true,
            "isInPlay": false
          }
        ],
        "isOffline": false
      }
    ],
    "selectedPlayerCount": 2,
    "currentPlayer": 0,
    "diceValue": 0,
    "gameStarted": true,
    "timestamp": 1787176002666,
    "playersSeq": 5
  }
}
[2026-08-19T21:46:45.326Z] [LUDO-EVENT] roll-validated {
  "socketId": "GMA4t1iCfuU_meE4AAAZ",
  "gameId": "mt0mfr0yusoa89",
  "by": "67bf1e4009395add03e1e234",
  "value": 4,
  "currentPlayer": 0
}
[2026-08-19T21:46:45.327Z] [LUDO-STATE] game:mt0mfr0yusoa89 {
  "gameId": "mt0mfr0yusoa89",
  "snapshot": {
    "gameId": "mt0mfr0yusoa89",
    "players": [
      {
        "id": 0,
        "name": "Mohammad Ikram",
        "color": "#E53935",
        "avatar": "https://res.cloudinary.com/dz88yjerw/image/upload/v1786061008/y2bgpcmceri6ogm2anvw.png",
        "cover": "https://res.cloudinary.com/dz88yjerw/image/upload/v1780098021/abtk9davy21pzff2x0cd.png",
        "profileId": "67bf1e4009395add03e1e234",
        "isActive": true,
        "pieces": [
          {
            "id": 0,
            "steps": 0,
            "isHome": true,
            "isInPlay": false
          },
          {
            "id": 1,
            "steps": 0,
            "isHome": true,
            "isInPlay": false
          },
          {
            "id": 2,
            "steps": 0,
            "isHome": true,
            "isInPlay": false
          },
          {
            "id": 3,
            "steps": 0,
            "isHome": true,
            "isInPlay": false
          }
        ],
        "isOffline": false
      },
      {
        "id": 1,
        "name": "Md Atik",
        "color": "#43A047",
        "avatar": "https://res.cloudinary.com/dz88yjerw/image/upload/v1779774308/ccut8qllcbmzl6bxx0yy.png",
        "cover": "https://res.cloudinary.com/dz88yjerw/image/upload/v1759779146/gyshxw4n76fbsohz3rcz.jpg",
        "profileId": "67e431d61e4463f7adfa544e",
        "isActive": true,
        "pieces": [
          {
            "id": 0,
            "steps": 0,
            "isHome": true,
            "isInPlay": false
          },
          {
            "id": 1,
            "steps": 0,
            "isHome": true,
            "isInPlay": false
          },
          {
            "id": 2,
            "steps": 0,
            "isHome": true,
            "isInPlay": false
          },
          {
            "id": 3,
            "steps": 0,
            "isHome": true,
            "isInPlay": false
          }
        ],
        "isOffline": false
      }
    ],
    "selectedPlayerCount": 2,
    "currentPlayer": 0,
    "diceValue": 4,
    "gameStarted": true,
    "timestamp": 1787176002666,
    "playersSeq": 5
  }
}
[2026-08-19T21:46:45.470Z] [LUDO-EVENT] players-get-response {
  "gameId": "mt0mfr0yusoa89"
}
[2026-08-19T21:46:45.470Z] [LUDO-STATE] game:mt0mfr0yusoa89 {
  "gameId": "mt0mfr0yusoa89",
  "snapshot": {
    "gameId": "mt0mfr0yusoa89",
    "players": [
      {
        "id": 0,
        "name": "Mohammad Ikram",
        "color": "#E53935",
        "avatar": "https://res.cloudinary.com/dz88yjerw/image/upload/v1786061008/y2bgpcmceri6ogm2anvw.png",
        "cover": "https://res.cloudinary.com/dz88yjerw/image/upload/v1780098021/abtk9davy21pzff2x0cd.png",
        "profileId": "67bf1e4009395add03e1e234",
        "isActive": true,
        "pieces": [
          {
            "id": 0,
            "steps": 0,
            "isHome": true,
            "isInPlay": false
          },
          {
            "id": 1,
            "steps": 0,
            "isHome": true,
            "isInPlay": false
          },
          {
            "id": 2,
            "steps": 0,
            "isHome": true,
            "isInPlay": false
          },
          {
            "id": 3,
            "steps": 0,
            "isHome": true,
            "isInPlay": false
          }
        ],
        "isOffline": false
      },
      {
        "id": 1,
        "name": "Md Atik",
        "color": "#43A047",
        "avatar": "https://res.cloudinary.com/dz88yjerw/image/upload/v1779774308/ccut8qllcbmzl6bxx0yy.png",
        "cover": "https://res.cloudinary.com/dz88yjerw/image/upload/v1759779146/gyshxw4n76fbsohz3rcz.jpg",
        "profileId": "67e431d61e4463f7adfa544e",
        "isActive": true,
        "pieces": [
          {
            "id": 0,
            "steps": 0,
            "isHome": true,
            "isInPlay": false
          },
          {
            "id": 1,
            "steps": 0,
            "isHome": true,
            "isInPlay": false
          },
          {
            "id": 2,
            "steps": 0,
            "isHome": true,
            "isInPlay": false
          },
          {
            "id": 3,
            "steps": 0,
            "isHome": true,
            "isInPlay": false
          }
        ],
        "isOffline": false
      }
    ],
    "selectedPlayerCount": 2,
    "currentPlayer": 0,
    "diceValue": 4,
    "gameStarted": true,
    "timestamp": 1787176002666,
    "playersSeq": 5
  }
}
[2026-08-19T21:46:46.051Z] [LUDO-EVENT] players-snapshot {
  "gameId": "mt0mfr0yusoa89",
  "players": 2,
  "selectedPlayerCount": 2,
  "currentPlayer": 1
}
[2026-08-19T21:46:46.052Z] [LUDO-STATE] game:mt0mfr0yusoa89 {
  "gameId": "mt0mfr0yusoa89",
  "snapshot": {
    "gameId": "mt0mfr0yusoa89",
    "players": [
      {
        "id": 0,
        "name": "Mohammad Ikram",
        "color": "#E53935",
        "avatar": "https://res.cloudinary.com/dz88yjerw/image/upload/v1786061008/y2bgpcmceri6ogm2anvw.png",
        "cover": "https://res.cloudinary.com/dz88yjerw/image/upload/v1780098021/abtk9davy21pzff2x0cd.png",
        "profileId": "67bf1e4009395add03e1e234",
        "isActive": true,
        "pieces": [
          {
            "id": 0,
            "steps": 0,
            "isHome": true,
            "isInPlay": false
          },
          {
            "id": 1,
            "steps": 0,
            "isHome": true,
            "isInPlay": false
          },
          {
            "id": 2,
            "steps": 0,
            "isHome": true,
            "isInPlay": false
          },
          {
            "id": 3,
            "steps": 0,
            "isHome": true,
            "isInPlay": false
          }
        ],
        "isOffline": false
      },
      {
        "id": 1,
        "name": "Md Atik",
        "color": "#43A047",
        "avatar": "https://res.cloudinary.com/dz88yjerw/image/upload/v1779774308/ccut8qllcbmzl6bxx0yy.png",
        "cover": "https://res.cloudinary.com/dz88yjerw/image/upload/v1759779146/gyshxw4n76fbsohz3rcz.jpg",
        "profileId": "67e431d61e4463f7adfa544e",
        "isActive": true,
        "pieces": [
          {
            "id": 0,
            "steps": 0,
            "isHome": true,
            "isInPlay": false
          },
          {
            "id": 1,
            "steps": 0,
            "isHome": true,
            "isInPlay": false
          },
          {
            "id": 2,
            "steps": 0,
            "isHome": true,
            "isInPlay": false
          },
          {
            "id": 3,
            "steps": 0,
            "isHome": true,
            "isInPlay": false
          }
        ],
        "isOffline": false
      }
    ],
    "selectedPlayerCount": 2,
    "currentPlayer": 1,
    "diceValue": 0,
    "gameStarted": true,
    "timestamp": 1787176005994,
    "playersSeq": 6
  }
}
[2026-08-19T21:46:47.794Z] [LUDO-EVENT] roll-validated {
  "socketId": "OygsR98wfA4lOtazAAAX",
  "gameId": "mt0mfr0yusoa89",
  "by": "67e431d61e4463f7adfa544e",
  "value": 2,
  "currentPlayer": 1
}
[2026-08-19T21:46:47.795Z] [LUDO-STATE] game:mt0mfr0yusoa89 {
  "gameId": "mt0mfr0yusoa89",
  "snapshot": {
    "gameId": "mt0mfr0yusoa89",
    "players": [
      {
        "id": 0,
        "name": "Mohammad Ikram",
        "color": "#E53935",
        "avatar": "https://res.cloudinary.com/dz88yjerw/image/upload/v1786061008/y2bgpcmceri6ogm2anvw.png",
        "cover": "https://res.cloudinary.com/dz88yjerw/image/upload/v1780098021/abtk9davy21pzff2x0cd.png",
        "profileId": "67bf1e4009395add03e1e234",
        "isActive": true,
        "pieces": [
          {
            "id": 0,
            "steps": 0,
            "isHome": true,
            "isInPlay": false
          },
          {
            "id": 1,
            "steps": 0,
            "isHome": true,
            "isInPlay": false
          },
          {
            "id": 2,
            "steps": 0,
            "isHome": true,
            "isInPlay": false
          },
          {
            "id": 3,
            "steps": 0,
            "isHome": true,
            "isInPlay": false
          }
        ],
        "isOffline": false
      },
      {
        "id": 1,
        "name": "Md Atik",
        "color": "#43A047",
        "avatar": "https://res.cloudinary.com/dz88yjerw/image/upload/v1779774308/ccut8qllcbmzl6bxx0yy.png",
        "cover": "https://res.cloudinary.com/dz88yjerw/image/upload/v1759779146/gyshxw4n76fbsohz3rcz.jpg",
        "profileId": "67e431d61e4463f7adfa544e",
        "isActive": true,
        "pieces": [
          {
            "id": 0,
            "steps": 0,
            "isHome": true,
            "isInPlay": false
          },
          {
            "id": 1,
            "steps": 0,
            "isHome": true,
            "isInPlay": false
          },
          {
            "id": 2,
            "steps": 0,
            "isHome": true,
            "isInPlay": false
          },
          {
            "id": 3,
            "steps": 0,
            "isHome": true,
            "isInPlay": false
          }
        ],
        "isOffline": false
      }
    ],
    "selectedPlayerCount": 2,
    "currentPlayer": 1,
    "diceValue": 2,
    "gameStarted": true,
    "timestamp": 1787176005994,
    "playersSeq": 6
  }
}
[2026-08-19T21:46:48.078Z] [LUDO-EVENT] players-snapshot {
  "gameId": "mt0mfr0yusoa89",
  "players": 2,
  "selectedPlayerCount": 2,
  "currentPlayer": 0
}
[2026-08-19T21:46:48.079Z] [LUDO-STATE] game:mt0mfr0yusoa89 {
  "gameId": "mt0mfr0yusoa89",
  "snapshot": {
    "gameId": "mt0mfr0yusoa89",
    "players": [
      {
        "id": 0,
        "name": "Mohammad Ikram",
        "color": "#E53935",
        "avatar": "https://res.cloudinary.com/dz88yjerw/image/upload/v1786061008/y2bgpcmceri6ogm2anvw.png",
        "cover": "https://res.cloudinary.com/dz88yjerw/image/upload/v1780098021/abtk9davy21pzff2x0cd.png",
        "profileId": "67bf1e4009395add03e1e234",
        "isActive": true,
        "pieces": [
          {
            "id": 0,
            "steps": 0,
            "isHome": true,
            "isInPlay": false
          },
          {
            "id": 1,
            "steps": 0,
            "isHome": true,
            "isInPlay": false
          },
          {
            "id": 2,
            "steps": 0,
            "isHome": true,
            "isInPlay": false
          },
          {
            "id": 3,
            "steps": 0,
            "isHome": true,
            "isInPlay": false
          }
        ],
        "isOffline": false
      },
      {
        "id": 1,
        "name": "Md Atik",
        "color": "#43A047",
        "avatar": "https://res.cloudinary.com/dz88yjerw/image/upload/v1779774308/ccut8qllcbmzl6bxx0yy.png",
        "cover": "https://res.cloudinary.com/dz88yjerw/image/upload/v1759779146/gyshxw4n76fbsohz3rcz.jpg",
        "profileId": "67e431d61e4463f7adfa544e",
        "isActive": true,
        "pieces": [
          {
            "id": 0,
            "steps": 0,
            "isHome": true,
            "isInPlay": false
          },
          {
            "id": 1,
            "steps": 0,
            "isHome": true,
            "isInPlay": false
          },
          {
            "id": 2,
            "steps": 0,
            "isHome": true,
            "isInPlay": false
          },
          {
            "id": 3,
            "steps": 0,
            "isHome": true,
            "isInPlay": false
          }
        ],
        "isOffline": false
      }
    ],
    "selectedPlayerCount": 2,
    "currentPlayer": 0,
    "diceValue": 0,
    "gameStarted": true,
    "timestamp": 1787176008058,
    "playersSeq": 7
  }
}
[2026-08-19T21:46:48.202Z] [LUDO-EVENT] players-get-response {
  "gameId": "mt0mfr0yusoa89"
}
[2026-08-19T21:46:48.203Z] [LUDO-STATE] game:mt0mfr0yusoa89 {
  "gameId": "mt0mfr0yusoa89",
  "snapshot": {
    "gameId": "mt0mfr0yusoa89",
    "players": [
      {
        "id": 0,
        "name": "Mohammad Ikram",
        "color": "#E53935",
        "avatar": "https://res.cloudinary.com/dz88yjerw/image/upload/v1786061008/y2bgpcmceri6ogm2anvw.png",
        "cover": "https://res.cloudinary.com/dz88yjerw/image/upload/v1780098021/abtk9davy21pzff2x0cd.png",
        "profileId": "67bf1e4009395add03e1e234",
        "isActive": true,
        "pieces": [
          {
            "id": 0,
            "steps": 0,
            "isHome": true,
            "isInPlay": false
          },
          {
            "id": 1,
            "steps": 0,
            "isHome": true,
            "isInPlay": false
          },
          {
            "id": 2,
            "steps": 0,
            "isHome": true,
            "isInPlay": false
          },
          {
            "id": 3,
            "steps": 0,
            "isHome": true,
            "isInPlay": false
          }
        ],
        "isOffline": false
      },
      {
        "id": 1,
        "name": "Md Atik",
        "color": "#43A047",
        "avatar": "https://res.cloudinary.com/dz88yjerw/image/upload/v1779774308/ccut8qllcbmzl6bxx0yy.png",
        "cover": "https://res.cloudinary.com/dz88yjerw/image/upload/v1759779146/gyshxw4n76fbsohz3rcz.jpg",
        "profileId": "67e431d61e4463f7adfa544e",
        "isActive": true,
        "pieces": [
          {
            "id": 0,
            "steps": 0,
            "isHome": true,
            "isInPlay": false
          },
          {
            "id": 1,
            "steps": 0,
            "isHome": true,
            "isInPlay": false
          },
          {
            "id": 2,
            "steps": 0,
            "isHome": true,
            "isInPlay": false
          },
          {
            "id": 3,
            "steps": 0,
            "isHome": true,
            "isInPlay": false
          }
        ],
        "isOffline": false
      }
    ],
    "selectedPlayerCount": 2,
    "currentPlayer": 0,
    "diceValue": 0,
    "gameStarted": true,
    "timestamp": 1787176008058,
    "playersSeq": 7
  }
}
[2026-08-19T21:46:50.747Z] [LUDO-EVENT] roll-validated {
  "socketId": "GMA4t1iCfuU_meE4AAAZ",
  "gameId": "mt0mfr0yusoa89",
  "by": "67bf1e4009395add03e1e234",
  "value": 2,
  "currentPlayer": 0
}
[2026-08-19T21:46:50.747Z] [LUDO-STATE] game:mt0mfr0yusoa89 {
  "gameId": "mt0mfr0yusoa89",
  "snapshot": {
    "gameId": "mt0mfr0yusoa89",
    "players": [
      {
        "id": 0,
        "name": "Mohammad Ikram",
        "color": "#E53935",
        "avatar": "https://res.cloudinary.com/dz88yjerw/image/upload/v1786061008/y2bgpcmceri6ogm2anvw.png",
        "cover": "https://res.cloudinary.com/dz88yjerw/image/upload/v1780098021/abtk9davy21pzff2x0cd.png",
        "profileId": "67bf1e4009395add03e1e234",
        "isActive": true,
        "pieces": [
          {
            "id": 0,
            "steps": 0,
            "isHome": true,
            "isInPlay": false
          },
          {
            "id": 1,
            "steps": 0,
            "isHome": true,
            "isInPlay": false
          },
          {
            "id": 2,
            "steps": 0,
            "isHome": true,
            "isInPlay": false
          },
          {
            "id": 3,
            "steps": 0,
            "isHome": true,
            "isInPlay": false
          }
        ],
        "isOffline": false
      },
      {
        "id": 1,
        "name": "Md Atik",
        "color": "#43A047",
        "avatar": "https://res.cloudinary.com/dz88yjerw/image/upload/v1779774308/ccut8qllcbmzl6bxx0yy.png",
        "cover": "https://res.cloudinary.com/dz88yjerw/image/upload/v1759779146/gyshxw4n76fbsohz3rcz.jpg",
        "profileId": "67e431d61e4463f7adfa544e",
        "isActive": true,
        "pieces": [
          {
            "id": 0,
            "steps": 0,
            "isHome": true,
            "isInPlay": false
          },
          {
            "id": 1,
            "steps": 0,
            "isHome": true,
            "isInPlay": false
          },
          {
            "id": 2,
            "steps": 0,
            "isHome": true,
            "isInPlay": false
          },
          {
            "id": 3,
            "steps": 0,
            "isHome": true,
            "isInPlay": false
          }
        ],
        "isOffline": false
      }
    ],
    "selectedPlayerCount": 2,
    "currentPlayer": 0,
    "diceValue": 2,
    "gameStarted": true,
    "timestamp": 1787176008058,
    "playersSeq": 7
  }
}
[2026-08-19T21:46:51.199Z] [LUDO-EVENT] players-get-response {
  "gameId": "mt0mfr0yusoa89"
}
[2026-08-19T21:46:51.200Z] [LUDO-STATE] game:mt0mfr0yusoa89 {
  "gameId": "mt0mfr0yusoa89",
  "snapshot": {
    "gameId": "mt0mfr0yusoa89",
    "players": [
      {
        "id": 0,
        "name": "Mohammad Ikram",
        "color": "#E53935",
        "avatar": "https://res.cloudinary.com/dz88yjerw/image/upload/v1786061008/y2bgpcmceri6ogm2anvw.png",
        "cover": "https://res.cloudinary.com/dz88yjerw/image/upload/v1780098021/abtk9davy21pzff2x0cd.png",
        "profileId": "67bf1e4009395add03e1e234",
        "isActive": true,
        "pieces": [
          {
            "id": 0,
            "steps": 0,
            "isHome": true,
            "isInPlay": false
          },
          {
            "id": 1,
            "steps": 0,
            "isHome": true,
            "isInPlay": false
          },
          {
            "id": 2,
            "steps": 0,
            "isHome": true,
            "isInPlay": false
          },
          {
            "id": 3,
            "steps": 0,
            "isHome": true,
            "isInPlay": false
          }
        ],
        "isOffline": false
      },
      {
        "id": 1,
        "name": "Md Atik",
        "color": "#43A047",
        "avatar": "https://res.cloudinary.com/dz88yjerw/image/upload/v1779774308/ccut8qllcbmzl6bxx0yy.png",
        "cover": "https://res.cloudinary.com/dz88yjerw/image/upload/v1759779146/gyshxw4n76fbsohz3rcz.jpg",
        "profileId": "67e431d61e4463f7adfa544e",
        "isActive": true,
        "pieces": [
          {
            "id": 0,
            "steps": 0,
            "isHome": true,
            "isInPlay": false
          },
          {
            "id": 1,
            "steps": 0,
            "isHome": true,
            "isInPlay": false
          },
          {
            "id": 2,
            "steps": 0,
            "isHome": true,
            "isInPlay": false
          },
          {
            "id": 3,
            "steps": 0,
            "isHome": true,
            "isInPlay": false
          }
        ],
        "isOffline": false
      }
    ],
    "selectedPlayerCount": 2,
    "currentPlayer": 0,
    "diceValue": 2,
    "gameStarted": true,
    "timestamp": 1787176008058,
    "playersSeq": 7
  }
}
[2026-08-19T21:46:51.476Z] [LUDO-EVENT] players-get-response {
  "gameId": "mt0mfr0yusoa89"
}
[2026-08-19T21:46:51.477Z] [LUDO-STATE] game:mt0mfr0yusoa89 {
  "gameId": "mt0mfr0yusoa89",
  "snapshot": {
    "gameId": "mt0mfr0yusoa89",
    "players": [
      {
        "id": 0,
        "name": "Mohammad Ikram",
        "color": "#E53935",
        "avatar": "https://res.cloudinary.com/dz88yjerw/image/upload/v1786061008/y2bgpcmceri6ogm2anvw.png",
        "cover": "https://res.cloudinary.com/dz88yjerw/image/upload/v1780098021/abtk9davy21pzff2x0cd.png",
        "profileId": "67bf1e4009395add03e1e234",
        "isActive": true,
        "pieces": [
          {
            "id": 0,
            "steps": 0,
            "isHome": true,
            "isInPlay": false
          },
          {
            "id": 1,
            "steps": 0,
            "isHome": true,
            "isInPlay": false
          },
          {
            "id": 2,
            "steps": 0,
            "isHome": true,
            "isInPlay": false
          },
          {
            "id": 3,
            "steps": 0,
            "isHome": true,
            "isInPlay": false
          }
        ],
        "isOffline": false
      },
      {
        "id": 1,
        "name": "Md Atik",
        "color": "#43A047",
        "avatar": "https://res.cloudinary.com/dz88yjerw/image/upload/v1779774308/ccut8qllcbmzl6bxx0yy.png",
        "cover": "https://res.cloudinary.com/dz88yjerw/image/upload/v1759779146/gyshxw4n76fbsohz3rcz.jpg",
        "profileId": "67e431d61e4463f7adfa544e",
        "isActive": true,
        "pieces": [
          {
            "id": 0,
            "steps": 0,
            "isHome": true,
            "isInPlay": false
          },
          {
            "id": 1,
            "steps": 0,
            "isHome": true,
            "isInPlay": false
          },
          {
            "id": 2,
            "steps": 0,
            "isHome": true,
            "isInPlay": false
          },
          {
            "id": 3,
            "steps": 0,
            "isHome": true,
            "isInPlay": false
          }
        ],
        "isOffline": false
      }
    ],
    "selectedPlayerCount": 2,
    "currentPlayer": 0,
    "diceValue": 2,
    "gameStarted": true,
    "timestamp": 1787176008058,
    "playersSeq": 7
  }
}
[2026-08-19T21:46:51.565Z] [LUDO-EVENT] players-snapshot {
  "gameId": "mt0mfr0yusoa89",
  "players": 2,
  "selectedPlayerCount": 2,
  "currentPlayer": 0
}
[2026-08-19T21:46:51.567Z] [LUDO-STATE] game:mt0mfr0yusoa89 {
  "gameId": "mt0mfr0yusoa89",
  "snapshot": {
    "gameId": "mt0mfr0yusoa89",
    "players": [
      {
        "id": 0,
        "name": "Mohammad Ikram",
        "color": "#E53935",
        "avatar": "https://res.cloudinary.com/dz88yjerw/image/upload/v1786061008/y2bgpcmceri6ogm2anvw.png",
        "cover": "https://res.cloudinary.com/dz88yjerw/image/upload/v1780098021/abtk9davy21pzff2x0cd.png",
        "profileId": "67bf1e4009395add03e1e234",
        "isActive": true,
        "pieces": [
          {
            "id": 0,
            "steps": 0,
            "isHome": true,
            "isInPlay": false
          },
          {
            "id": 1,
            "steps": 0,
            "isHome": true,
            "isInPlay": false
          },
          {
            "id": 2,
            "steps": 0,
            "isHome": true,
            "isInPlay": false
          },
          {
            "id": 3,
            "steps": 0,
            "isHome": true,
            "isInPlay": false
          }
        ],
        "isOffline": false
      },
      {
        "id": 1,
        "name": "Md Atik",
        "color": "#43A047",
        "avatar": "https://res.cloudinary.com/dz88yjerw/image/upload/v1779774308/ccut8qllcbmzl6bxx0yy.png",
        "cover": "https://res.cloudinary.com/dz88yjerw/image/upload/v1759779146/gyshxw4n76fbsohz3rcz.jpg",
        "profileId": "67e431d61e4463f7adfa544e",
        "isActive": true,
        "pieces": [
          {
            "id": 0,
            "steps": 0,
            "isHome": true,
            "isInPlay": false
          },
          {
            "id": 1,
            "steps": 0,
            "isHome": true,
            "isInPlay": false
          },
          {
            "id": 2,
            "steps": 0,
            "isHome": true,
            "isInPlay": false
          },
          {
            "id": 3,
            "steps": 0,
            "isHome": true,
            "isInPlay": false
          }
        ],
        "isOffline": false
      }
    ],
    "selectedPlayerCount": 2,
    "currentPlayer": 0,
    "diceValue": 0,
    "gameStarted": true,
    "timestamp": 1787176011509,
    "playersSeq": 8
  }
}
[2026-08-19T21:46:54.187Z] [LUDO-EVENT] players-get-response {
  "gameId": "mt0mfr0yusoa89"
}
[2026-08-19T21:46:54.188Z] [LUDO-STATE] game:mt0mfr0yusoa89 {
  "gameId": "mt0mfr0yusoa89",
  "snapshot": {
    "gameId": "mt0mfr0yusoa89",
    "players": [
      {
        "id": 0,
        "name": "Mohammad Ikram",
        "color": "#E53935",
        "avatar": "https://res.cloudinary.com/dz88yjerw/image/upload/v1786061008/y2bgpcmceri6ogm2anvw.png",
        "cover": "https://res.cloudinary.com/dz88yjerw/image/upload/v1780098021/abtk9davy21pzff2x0cd.png",
        "profileId": "67bf1e4009395add03e1e234",
        "isActive": true,
        "pieces": [
          {
            "id": 0,
            "steps": 0,
            "isHome": true,
            "isInPlay": false
          },
          {
            "id": 1,
            "steps": 0,
            "isHome": true,
            "isInPlay": false
          },
          {
            "id": 2,
            "steps": 0,
            "isHome": true,
            "isInPlay": false
          },
          {
            "id": 3,
            "steps": 0,
            "isHome": true,
            "isInPlay": false
          }
        ],
        "isOffline": false
      },
      {
        "id": 1,
        "name": "Md Atik",
        "color": "#43A047",
        "avatar": "https://res.cloudinary.com/dz88yjerw/image/upload/v1779774308/ccut8qllcbmzl6bxx0yy.png",
        "cover": "https://res.cloudinary.com/dz88yjerw/image/upload/v1759779146/gyshxw4n76fbsohz3rcz.jpg",
        "profileId": "67e431d61e4463f7adfa544e",
        "isActive": true,
        "pieces": [
          {
            "id": 0,
            "steps": 0,
            "isHome": true,
            "isInPlay": false
          },
          {
            "id": 1,
            "steps": 0,
            "isHome": true,
            "isInPlay": false
          },
          {
            "id": 2,
            "steps": 0,
            "isHome": true,
            "isInPlay": false
          },
          {
            "id": 3,
            "steps": 0,
            "isHome": true,
            "isInPlay": false
          }
        ],
        "isOffline": false
      }
    ],
    "selectedPlayerCount": 2,
    "currentPlayer": 0,
    "diceValue": 0,
    "gameStarted": true,
    "timestamp": 1787176011509,
    "playersSeq": 8
  }
}
[2026-08-19T21:46:54.361Z] [LUDO-EVENT] roll-validated {
  "socketId": "GMA4t1iCfuU_meE4AAAZ",
  "gameId": "mt0mfr0yusoa89",
  "by": "67bf1e4009395add03e1e234",
  "value": 2,
  "currentPlayer": 0
}
[2026-08-19T21:46:54.363Z] [LUDO-STATE] game:mt0mfr0yusoa89 {
  "gameId": "mt0mfr0yusoa89",
  "snapshot": {
    "gameId": "mt0mfr0yusoa89",
    "players": [
      {
        "id": 0,
        "name": "Mohammad Ikram",
        "color": "#E53935",
        "avatar": "https://res.cloudinary.com/dz88yjerw/image/upload/v1786061008/y2bgpcmceri6ogm2anvw.png",
        "cover": "https://res.cloudinary.com/dz88yjerw/image/upload/v1780098021/abtk9davy21pzff2x0cd.png",
        "profileId": "67bf1e4009395add03e1e234",
        "isActive": true,
        "pieces": [
          {
            "id": 0,
            "steps": 0,
            "isHome": true,
            "isInPlay": false
          },
          {
            "id": 1,
            "steps": 0,
            "isHome": true,
            "isInPlay": false
          },
          {
            "id": 2,
            "steps": 0,
            "isHome": true,
            "isInPlay": false
          },
          {
            "id": 3,
            "steps": 0,
            "isHome": true,
            "isInPlay": false
          }
        ],
        "isOffline": false
      },
      {
        "id": 1,
        "name": "Md Atik",
        "color": "#43A047",
        "avatar": "https://res.cloudinary.com/dz88yjerw/image/upload/v1779774308/ccut8qllcbmzl6bxx0yy.png",
        "cover": "https://res.cloudinary.com/dz88yjerw/image/upload/v1759779146/gyshxw4n76fbsohz3rcz.jpg",
        "profileId": "67e431d61e4463f7adfa544e",
        "isActive": true,
        "pieces": [
          {
            "id": 0,
            "steps": 0,
            "isHome": true,
            "isInPlay": false
          },
          {
            "id": 1,
            "steps": 0,
            "isHome": true,
            "isInPlay": false
          },
          {
            "id": 2,
            "steps": 0,
            "isHome": true,
            "isInPlay": false
          },
          {
            "id": 3,
            "steps": 0,
            "isHome": true,
            "isInPlay": false
          }
        ],
        "isOffline": false
      }
    ],
    "selectedPlayerCount": 2,
    "currentPlayer": 0,
    "diceValue": 2,
    "gameStarted": true,
    "timestamp": 1787176011509,
    "playersSeq": 8
  }
}
[2026-08-19T21:46:55.090Z] [LUDO-EVENT] players-snapshot {
  "gameId": "mt0mfr0yusoa89",
  "players": 2,
  "selectedPlayerCount": 2,
  "currentPlayer": 1
}
[2026-08-19T21:46:55.091Z] [LUDO-STATE] game:mt0mfr0yusoa89 {
  "gameId": "mt0mfr0yusoa89",
  "snapshot": {
    "gameId": "mt0mfr0yusoa89",
    "players": [
      {
        "id": 0,
        "name": "Mohammad Ikram",
        "color": "#E53935",
        "avatar": "https://res.cloudinary.com/dz88yjerw/image/upload/v1786061008/y2bgpcmceri6ogm2anvw.png",
        "cover": "https://res.cloudinary.com/dz88yjerw/image/upload/v1780098021/abtk9davy21pzff2x0cd.png",
        "profileId": "67bf1e4009395add03e1e234",
        "isActive": true,
        "pieces": [
          {
            "id": 0,
            "steps": 0,
            "isHome": true,
            "isInPlay": false
          },
          {
            "id": 1,
            "steps": 0,
            "isHome": true,
            "isInPlay": false
          },
          {
            "id": 2,
            "steps": 0,
            "isHome": true,
            "isInPlay": false
          },
          {
            "id": 3,
            "steps": 0,
            "isHome": true,
            "isInPlay": false
          }
        ],
        "isOffline": false
      },
      {
        "id": 1,
        "name": "Md Atik",
        "color": "#43A047",
        "avatar": "https://res.cloudinary.com/dz88yjerw/image/upload/v1779774308/ccut8qllcbmzl6bxx0yy.png",
        "cover": "https://res.cloudinary.com/dz88yjerw/image/upload/v1759779146/gyshxw4n76fbsohz3rcz.jpg",
        "profileId": "67e431d61e4463f7adfa544e",
        "isActive": true,
        "pieces": [
          {
            "id": 0,
            "steps": 0,
            "isHome": true,
            "isInPlay": false
          },
          {
            "id": 1,
            "steps": 0,
            "isHome": true,
            "isInPlay": false
          },
          {
            "id": 2,
            "steps": 0,
            "isHome": true,
            "isInPlay": false
          },
          {
            "id": 3,
            "steps": 0,
            "isHome": true,
            "isInPlay": false
          }
        ],
        "isOffline": false
      }
    ],
    "selectedPlayerCount": 2,
    "currentPlayer": 1,
    "diceValue": 0,
    "gameStarted": true,
    "timestamp": 1787176015059,
    "playersSeq": 9
  }
}
[2026-08-19T21:46:57.067Z] [LUDO-EVENT] roll-validated {
  "socketId": "OygsR98wfA4lOtazAAAX",
  "gameId": "mt0mfr0yusoa89",
  "by": "67e431d61e4463f7adfa544e",
  "value": 6,
  "currentPlayer": 1
}
[2026-08-19T21:46:57.069Z] [LUDO-STATE] game:mt0mfr0yusoa89 {
  "gameId": "mt0mfr0yusoa89",
  "snapshot": {
    "gameId": "mt0mfr0yusoa89",
    "players": [
      {
        "id": 0,
        "name": "Mohammad Ikram",
        "color": "#E53935",
        "avatar": "https://res.cloudinary.com/dz88yjerw/image/upload/v1786061008/y2bgpcmceri6ogm2anvw.png",
        "cover": "https://res.cloudinary.com/dz88yjerw/image/upload/v1780098021/abtk9davy21pzff2x0cd.png",
        "profileId": "67bf1e4009395add03e1e234",
        "isActive": true,
        "pieces": [
          {
            "id": 0,
            "steps": 0,
            "isHome": true,
            "isInPlay": false
          },
          {
            "id": 1,
            "steps": 0,
            "isHome": true,
            "isInPlay": false
          },
          {
            "id": 2,
            "steps": 0,
            "isHome": true,
            "isInPlay": false
          },
          {
            "id": 3,
            "steps": 0,
            "isHome": true,
            "isInPlay": false
          }
        ],
        "isOffline": false
      },
      {
        "id": 1,
        "name": "Md Atik",
        "color": "#43A047",
        "avatar": "https://res.cloudinary.com/dz88yjerw/image/upload/v1779774308/ccut8qllcbmzl6bxx0yy.png",
        "cover": "https://res.cloudinary.com/dz88yjerw/image/upload/v1759779146/gyshxw4n76fbsohz3rcz.jpg",
        "profileId": "67e431d61e4463f7adfa544e",
        "isActive": true,
        "pieces": [
          {
            "id": 0,
            "steps": 0,
            "isHome": true,
            "isInPlay": false
          },
          {
            "id": 1,
            "steps": 0,
            "isHome": true,
            "isInPlay": false
          },
          {
            "id": 2,
            "steps": 0,
            "isHome": true,
            "isInPlay": false
          },
          {
            "id": 3,
            "steps": 0,
            "isHome": true,
            "isInPlay": false
          }
        ],
        "isOffline": false
      }
    ],
    "selectedPlayerCount": 2,
    "currentPlayer": 1,
    "diceValue": 6,
    "gameStarted": true,
    "timestamp": 1787176015059,
    "playersSeq": 9
  }
}
[2026-08-19T21:46:57.228Z] [LUDO-EVENT] players-get-response {
  "gameId": "mt0mfr0yusoa89"
}
[2026-08-19T21:46:57.229Z] [LUDO-STATE] game:mt0mfr0yusoa89 {
  "gameId": "mt0mfr0yusoa89",
  "snapshot": {
    "gameId": "mt0mfr0yusoa89",
    "players": [
      {
        "id": 0,
        "name": "Mohammad Ikram",
        "color": "#E53935",
        "avatar": "https://res.cloudinary.com/dz88yjerw/image/upload/v1786061008/y2bgpcmceri6ogm2anvw.png",
        "cover": "https://res.cloudinary.com/dz88yjerw/image/upload/v1780098021/abtk9davy21pzff2x0cd.png",
        "profileId": "67bf1e4009395add03e1e234",
        "isActive": true,
        "pieces": [
          {
            "id": 0,
            "steps": 0,
            "isHome": true,
            "isInPlay": false
          },
          {
            "id": 1,
            "steps": 0,
            "isHome": true,
            "isInPlay": false
          },
          {
            "id": 2,
            "steps": 0,
            "isHome": true,
            "isInPlay": false
          },
          {
            "id": 3,
            "steps": 0,
            "isHome": true,
            "isInPlay": false
          }
        ],
        "isOffline": false
      },
      {
        "id": 1,
        "name": "Md Atik",
        "color": "#43A047",
        "avatar": "https://res.cloudinary.com/dz88yjerw/image/upload/v1779774308/ccut8qllcbmzl6bxx0yy.png",
        "cover": "https://res.cloudinary.com/dz88yjerw/image/upload/v1759779146/gyshxw4n76fbsohz3rcz.jpg",
        "profileId": "67e431d61e4463f7adfa544e",
        "isActive": true,
        "pieces": [
          {
            "id": 0,
            "steps": 0,
            "isHome": true,
            "isInPlay": false
          },
          {
            "id": 1,
            "steps": 0,
            "isHome": true,
            "isInPlay": false
          },
          {
            "id": 2,
            "steps": 0,
            "isHome": true,
            "isInPlay": false
          },
          {
            "id": 3,
            "steps": 0,
            "isHome": true,
            "isInPlay": false
          }
        ],
        "isOffline": false
      }
    ],
    "selectedPlayerCount": 2,
    "currentPlayer": 1,
    "diceValue": 6,
    "gameStarted": true,
    "timestamp": 1787176015059,
    "playersSeq": 9
  }
}
[2026-08-19T21:46:57.462Z] [LUDO-EVENT] players-get-response {
  "gameId": "mt0mfr0yusoa89"
}
[2026-08-19T21:46:57.464Z] [LUDO-STATE] game:mt0mfr0yusoa89 {
  "gameId": "mt0mfr0yusoa89",
  "snapshot": {
    "gameId": "mt0mfr0yusoa89",
    "players": [
      {
        "id": 0,
        "name": "Mohammad Ikram",
        "color": "#E53935",
        "avatar": "https://res.cloudinary.com/dz88yjerw/image/upload/v1786061008/y2bgpcmceri6ogm2anvw.png",
        "cover": "https://res.cloudinary.com/dz88yjerw/image/upload/v1780098021/abtk9davy21pzff2x0cd.png",
        "profileId": "67bf1e4009395add03e1e234",
        "isActive": true,
        "pieces": [
          {
            "id": 0,
            "steps": 0,
            "isHome": true,
            "isInPlay": false
          },
          {
            "id": 1,
            "steps": 0,
            "isHome": true,
            "isInPlay": false
          },
          {
            "id": 2,
            "steps": 0,
            "isHome": true,
            "isInPlay": false
          },
          {
            "id": 3,
            "steps": 0,
            "isHome": true,
            "isInPlay": false
          }
        ],
        "isOffline": false
      },
      {
        "id": 1,
        "name": "Md Atik",
        "color": "#43A047",
        "avatar": "https://res.cloudinary.com/dz88yjerw/image/upload/v1779774308/ccut8qllcbmzl6bxx0yy.png",
        "cover": "https://res.cloudinary.com/dz88yjerw/image/upload/v1759779146/gyshxw4n76fbsohz3rcz.jpg",
        "profileId": "67e431d61e4463f7adfa544e",
        "isActive": true,
        "pieces": [
          {
            "id": 0,
            "steps": 0,
            "isHome": true,
            "isInPlay": false
          },
          {
            "id": 1,
            "steps": 0,
            "isHome": true,
            "isInPlay": false
          },
          {
            "id": 2,
            "steps": 0,
            "isHome": true,
            "isInPlay": false
          },
          {
            "id": 3,
            "steps": 0,
            "isHome": true,
            "isInPlay": false
          }
        ],
        "isOffline": false
      }
    ],
    "selectedPlayerCount": 2,
    "currentPlayer": 1,
    "diceValue": 6,
    "gameStarted": true,
    "timestamp": 1787176015059,
    "playersSeq": 9
  }
}
[2026-08-19T21:46:58.267Z] [LUDO-EVENT] move-validated {
  "socketId": "OygsR98wfA4lOtazAAAX",
  "gameId": "mt0mfr0yusoa89",
  "by": "67e431d61e4463f7adfa544e",
  "playerIndex": 1,
  "fromSteps": 0,
  "toSteps": 1,
  "rolled": 6
}
[2026-08-19T21:46:58.268Z] [LUDO-STATE] game:mt0mfr0yusoa89 {
  "gameId": "mt0mfr0yusoa89",
  "snapshot": {
    "gameId": "mt0mfr0yusoa89",
    "players": [
      {
        "id": 0,
        "name": "Mohammad Ikram",
        "color": "#E53935",
        "avatar": "https://res.cloudinary.com/dz88yjerw/image/upload/v1786061008/y2bgpcmceri6ogm2anvw.png",
        "cover": "https://res.cloudinary.com/dz88yjerw/image/upload/v1780098021/abtk9davy21pzff2x0cd.png",
        "profileId": "67bf1e4009395add03e1e234",
        "isActive": true,
        "pieces": [
          {
            "id": 0,
            "steps": 0,
            "isHome": true,
            "isInPlay": false
          },
          {
            "id": 1,
            "steps": 0,
            "isHome": true,
            "isInPlay": false
          },
          {
            "id": 2,
            "steps": 0,
            "isHome": true,
            "isInPlay": false
          },
          {
            "id": 3,
            "steps": 0,
            "isHome": true,
            "isInPlay": false
          }
        ],
        "isOffline": false
      },
      {
        "id": 1,
        "name": "Md Atik",
        "color": "#43A047",
        "avatar": "https://res.cloudinary.com/dz88yjerw/image/upload/v1779774308/ccut8qllcbmzl6bxx0yy.png",
        "cover": "https://res.cloudinary.com/dz88yjerw/image/upload/v1759779146/gyshxw4n76fbsohz3rcz.jpg",
        "profileId": "67e431d61e4463f7adfa544e",
        "isActive": true,
        "pieces": [
          {
            "id": 0,
            "steps": 0,
            "isHome": true,
            "isInPlay": false
          },
          {
            "id": 1,
            "steps": 0,
            "isHome": true,
            "isInPlay": false
          },
          {
            "id": 2,
            "steps": 0,
            "isHome": true,
            "isInPlay": false
          },
          {
            "id": 3,
            "steps": 0,
            "isHome": true,
            "isInPlay": false
          }
        ],
        "isOffline": false
      }
    ],
    "selectedPlayerCount": 2,
    "currentPlayer": 1,
    "diceValue": 6,
    "gameStarted": true,
    "timestamp": 1787176015059,
    "playersSeq": 9
  }
}
[2026-08-19T21:46:58.411Z] [LUDO-EVENT] players-snapshot {
  "gameId": "mt0mfr0yusoa89",
  "players": 2,
  "selectedPlayerCount": 2,
  "currentPlayer": 1
}
[2026-08-19T21:46:58.413Z] [LUDO-STATE] game:mt0mfr0yusoa89 {
  "gameId": "mt0mfr0yusoa89",
  "snapshot": {
    "gameId": "mt0mfr0yusoa89",
    "players": [
      {
        "id": 0,
        "name": "Mohammad Ikram",
        "color": "#E53935",
        "avatar": "https://res.cloudinary.com/dz88yjerw/image/upload/v1786061008/y2bgpcmceri6ogm2anvw.png",
        "cover": "https://res.cloudinary.com/dz88yjerw/image/upload/v1780098021/abtk9davy21pzff2x0cd.png",
        "profileId": "67bf1e4009395add03e1e234",
        "isActive": true,
        "pieces": [
          {
            "id": 0,
            "steps": 0,
            "isHome": true,
            "isInPlay": false
          },
          {
            "id": 1,
            "steps": 0,
            "isHome": true,
            "isInPlay": false
          },
          {
            "id": 2,
            "steps": 0,
            "isHome": true,
            "isInPlay": false
          },
          {
            "id": 3,
            "steps": 0,
            "isHome": true,
            "isInPlay": false
          }
        ],
        "isOffline": false
      },
      {
        "id": 1,
        "name": "Md Atik",
        "color": "#43A047",
        "avatar": "https://res.cloudinary.com/dz88yjerw/image/upload/v1779774308/ccut8qllcbmzl6bxx0yy.png",
        "cover": "https://res.cloudinary.com/dz88yjerw/image/upload/v1759779146/gyshxw4n76fbsohz3rcz.jpg",
        "profileId": "67e431d61e4463f7adfa544e",
        "isActive": true,
        "pieces": [
          {
            "id": 0,
            "steps": 0,
            "isHome": true,
            "isInPlay": false
          },
          {
            "id": 1,
            "steps": 0,
            "isHome": true,
            "isInPlay": false
          },
          {
            "id": 2,
            "steps": 1,
            "isHome": false,
            "isInPlay": true
          },
          {
            "id": 3,
            "steps": 0,
            "isHome": true,
            "isInPlay": false
          }
        ],
        "isOffline": false
      }
    ],
    "selectedPlayerCount": 2,
    "currentPlayer": 1,
    "diceValue": 0,
    "gameStarted": true,
    "timestamp": 1787176018400,
    "playersSeq": 10
  }
}
[2026-08-19T21:47:00.066Z] [LUDO-EVENT] roll-validated {
  "socketId": "OygsR98wfA4lOtazAAAX",
  "gameId": "mt0mfr0yusoa89",
  "by": "67e431d61e4463f7adfa544e",
  "value": 3,
  "currentPlayer": 1
}
[2026-08-19T21:47:00.067Z] [LUDO-STATE] game:mt0mfr0yusoa89 {
  "gameId": "mt0mfr0yusoa89",
  "snapshot": {
    "gameId": "mt0mfr0yusoa89",
    "players": [
      {
        "id": 0,
        "name": "Mohammad Ikram",
        "color": "#E53935",
        "avatar": "https://res.cloudinary.com/dz88yjerw/image/upload/v1786061008/y2bgpcmceri6ogm2anvw.png",
        "cover": "https://res.cloudinary.com/dz88yjerw/image/upload/v1780098021/abtk9davy21pzff2x0cd.png",
        "profileId": "67bf1e4009395add03e1e234",
        "isActive": true,
        "pieces": [
          {
            "id": 0,
            "steps": 0,
            "isHome": true,
            "isInPlay": false
          },
          {
            "id": 1,
            "steps": 0,
            "isHome": true,
            "isInPlay": false
          },
          {
            "id": 2,
            "steps": 0,
            "isHome": true,
            "isInPlay": false
          },
          {
            "id": 3,
            "steps": 0,
            "isHome": true,
            "isInPlay": false
          }
        ],
        "isOffline": false
      },
      {
        "id": 1,
        "name": "Md Atik",
        "color": "#43A047",
        "avatar": "https://res.cloudinary.com/dz88yjerw/image/upload/v1779774308/ccut8qllcbmzl6bxx0yy.png",
        "cover": "https://res.cloudinary.com/dz88yjerw/image/upload/v1759779146/gyshxw4n76fbsohz3rcz.jpg",
        "profileId": "67e431d61e4463f7adfa544e",
        "isActive": true,
        "pieces": [
          {
            "id": 0,
            "steps": 0,
            "isHome": true,
            "isInPlay": false
          },
          {
            "id": 1,
            "steps": 0,
            "isHome": true,
            "isInPlay": false
          },
          {
            "id": 2,
            "steps": 1,
            "isHome": false,
            "isInPlay": true
          },
          {
            "id": 3,
            "steps": 0,
            "isHome": true,
            "isInPlay": false
          }
        ],
        "isOffline": false
      }
    ],
    "selectedPlayerCount": 2,
    "currentPlayer": 1,
    "diceValue": 3,
    "gameStarted": true,
    "timestamp": 1787176018400,
    "playersSeq": 10
  }
}
[2026-08-19T21:47:00.205Z] [LUDO-EVENT] players-get-response {
  "gameId": "mt0mfr0yusoa89"
}
[2026-08-19T21:47:00.206Z] [LUDO-STATE] game:mt0mfr0yusoa89 {
  "gameId": "mt0mfr0yusoa89",
  "snapshot": {
    "gameId": "mt0mfr0yusoa89",
    "players": [
      {
        "id": 0,
        "name": "Mohammad Ikram",
        "color": "#E53935",
        "avatar": "https://res.cloudinary.com/dz88yjerw/image/upload/v1786061008/y2bgpcmceri6ogm2anvw.png",
        "cover": "https://res.cloudinary.com/dz88yjerw/image/upload/v1780098021/abtk9davy21pzff2x0cd.png",
        "profileId": "67bf1e4009395add03e1e234",
        "isActive": true,
        "pieces": [
          {
            "id": 0,
            "steps": 0,
            "isHome": true,
            "isInPlay": false
          },
          {
            "id": 1,
            "steps": 0,
            "isHome": true,
            "isInPlay": false
          },
          {
            "id": 2,
            "steps": 0,
            "isHome": true,
            "isInPlay": false
          },
          {
            "id": 3,
            "steps": 0,
            "isHome": true,
            "isInPlay": false
          }
        ],
        "isOffline": false
      },
      {
        "id": 1,
        "name": "Md Atik",
        "color": "#43A047",
        "avatar": "https://res.cloudinary.com/dz88yjerw/image/upload/v1779774308/ccut8qllcbmzl6bxx0yy.png",
        "cover": "https://res.cloudinary.com/dz88yjerw/image/upload/v1759779146/gyshxw4n76fbsohz3rcz.jpg",
        "profileId": "67e431d61e4463f7adfa544e",
        "isActive": true,
        "pieces": [
          {
            "id": 0,
            "steps": 0,
            "isHome": true,
            "isInPlay": false
          },
          {
            "id": 1,
            "steps": 0,
            "isHome": true,
            "isInPlay": false
          },
          {
            "id": 2,
            "steps": 1,
            "isHome": false,
            "isInPlay": true
          },
          {
            "id": 3,
            "steps": 0,
            "isHome": true,
            "isInPlay": false
          }
        ],
        "isOffline": false
      }
    ],
    "selectedPlayerCount": 2,
    "currentPlayer": 1,
    "diceValue": 3,
    "gameStarted": true,
    "timestamp": 1787176018400,
    "playersSeq": 10
  }
}
[2026-08-19T21:47:00.269Z] [LUDO-EVENT] move-validated {
  "socketId": "OygsR98wfA4lOtazAAAX",
  "gameId": "mt0mfr0yusoa89",
  "by": "67e431d61e4463f7adfa544e",
  "playerIndex": 1,
  "fromSteps": 1,
  "toSteps": 4,
  "rolled": 0
}
[2026-08-19T21:47:00.270Z] [LUDO-STATE] game:mt0mfr0yusoa89 {
  "gameId": "mt0mfr0yusoa89",
  "snapshot": {
    "gameId": "mt0mfr0yusoa89",
    "players": [
      {
        "id": 0,
        "name": "Mohammad Ikram",
        "color": "#E53935",
        "avatar": "https://res.cloudinary.com/dz88yjerw/image/upload/v1786061008/y2bgpcmceri6ogm2anvw.png",
        "cover": "https://res.cloudinary.com/dz88yjerw/image/upload/v1780098021/abtk9davy21pzff2x0cd.png",
        "profileId": "67bf1e4009395add03e1e234",
        "isActive": true,
        "pieces": [
          {
            "id": 0,
            "steps": 0,
            "isHome": true,
            "isInPlay": false
          },
          {
            "id": 1,
            "steps": 0,
            "isHome": true,
            "isInPlay": false
          },
          {
            "id": 2,
            "steps": 0,
            "isHome": true,
            "isInPlay": false
          },
          {
            "id": 3,
            "steps": 0,
            "isHome": true,
            "isInPlay": false
          }
        ],
        "isOffline": false
      },
      {
        "id": 1,
        "name": "Md Atik",
        "color": "#43A047",
        "avatar": "https://res.cloudinary.com/dz88yjerw/image/upload/v1779774308/ccut8qllcbmzl6bxx0yy.png",
        "cover": "https://res.cloudinary.com/dz88yjerw/image/upload/v1759779146/gyshxw4n76fbsohz3rcz.jpg",
        "profileId": "67e431d61e4463f7adfa544e",
        "isActive": true,
        "pieces": [
          {
            "id": 0,
            "steps": 0,
            "isHome": true,
            "isInPlay": false
          },
          {
            "id": 1,
            "steps": 0,
            "isHome": true,
            "isInPlay": false
          },
          {
            "id": 2,
            "steps": 1,
            "isHome": false,
            "isInPlay": true
          },
          {
            "id": 3,
            "steps": 0,
            "isHome": true,
            "isInPlay": false
          }
        ],
        "isOffline": false
      }
    ],
    "selectedPlayerCount": 2,
    "currentPlayer": 1,
    "diceValue": 3,
    "gameStarted": true,
    "timestamp": 1787176018400,
    "playersSeq": 10
  }
}
[2026-08-19T21:47:00.628Z] [LUDO-EVENT] players-snapshot {
  "gameId": "mt0mfr0yusoa89",
  "players": 2,
  "selectedPlayerCount": 2,
  "currentPlayer": 0
}
[2026-08-19T21:47:00.628Z] [LUDO-STATE] game:mt0mfr0yusoa89 {
  "gameId": "mt0mfr0yusoa89",
  "snapshot": {
    "gameId": "mt0mfr0yusoa89",
    "players": [
      {
        "id": 0,
        "name": "Mohammad Ikram",
        "color": "#E53935",
        "avatar": "https://res.cloudinary.com/dz88yjerw/image/upload/v1786061008/y2bgpcmceri6ogm2anvw.png",
        "cover": "https://res.cloudinary.com/dz88yjerw/image/upload/v1780098021/abtk9davy21pzff2x0cd.png",
        "profileId": "67bf1e4009395add03e1e234",
        "isActive": true,
        "pieces": [
          {
            "id": 0,
            "steps": 0,
            "isHome": true,
            "isInPlay": false
          },
          {
            "id": 1,
            "steps": 0,
            "isHome": true,
            "isInPlay": false
          },
          {
            "id": 2,
            "steps": 0,
            "isHome": true,
            "isInPlay": false
          },
          {
            "id": 3,
            "steps": 0,
            "isHome": true,
            "isInPlay": false
          }
        ],
        "isOffline": false
      },
      {
        "id": 1,
        "name": "Md Atik",
        "color": "#43A047",
        "avatar": "https://res.cloudinary.com/dz88yjerw/image/upload/v1779774308/ccut8qllcbmzl6bxx0yy.png",
        "cover": "https://res.cloudinary.com/dz88yjerw/image/upload/v1759779146/gyshxw4n76fbsohz3rcz.jpg",
        "profileId": "67e431d61e4463f7adfa544e",
        "isActive": true,
        "pieces": [
          {
            "id": 0,
            "steps": 0,
            "isHome": true,
            "isInPlay": false
          },
          {
            "id": 1,
            "steps": 0,
            "isHome": true,
            "isInPlay": false
          },
          {
            "id": 2,
            "steps": 4,
            "isHome": false,
            "isInPlay": true
          },
          {
            "id": 3,
            "steps": 0,
            "isHome": true,
            "isInPlay": false
          }
        ],
        "isOffline": false
      }
    ],
    "selectedPlayerCount": 2,
    "currentPlayer": 0,
    "diceValue": 0,
    "gameStarted": true,
    "timestamp": 1787176020562,
    "playersSeq": 11
  }
}
[2026-08-19T21:47:03.249Z] [LUDO-EVENT] players-get-response {
  "gameId": "mt0mfr0yusoa89"
}
[2026-08-19T21:47:03.261Z] [LUDO-STATE] game:mt0mfr0yusoa89 {
  "gameId": "mt0mfr0yusoa89",
  "snapshot": {
    "gameId": "mt0mfr0yusoa89",
    "players": [
      {
        "id": 0,
        "name": "Mohammad Ikram",
        "color": "#E53935",
        "avatar": "https://res.cloudinary.com/dz88yjerw/image/upload/v1786061008/y2bgpcmceri6ogm2anvw.png",
        "cover": "https://res.cloudinary.com/dz88yjerw/image/upload/v1780098021/abtk9davy21pzff2x0cd.png",
        "profileId": "67bf1e4009395add03e1e234",
        "isActive": true,
        "pieces": [
          {
            "id": 0,
            "steps": 0,
            "isHome": true,
            "isInPlay": false
          },
          {
            "id": 1,
            "steps": 0,
            "isHome": true,
            "isInPlay": false
          },
          {
            "id": 2,
            "steps": 0,
            "isHome": true,
            "isInPlay": false
          },
          {
            "id": 3,
            "steps": 0,
            "isHome": true,
            "isInPlay": false
          }
        ],
        "isOffline": false
      },
      {
        "id": 1,
        "name": "Md Atik",
        "color": "#43A047",
        "avatar": "https://res.cloudinary.com/dz88yjerw/image/upload/v1779774308/ccut8qllcbmzl6bxx0yy.png",
        "cover": "https://res.cloudinary.com/dz88yjerw/image/upload/v1759779146/gyshxw4n76fbsohz3rcz.jpg",
        "profileId": "67e431d61e4463f7adfa544e",
        "isActive": true,
        "pieces": [
          {
            "id": 0,
            "steps": 0,
            "isHome": true,
            "isInPlay": false
          },
          {
            "id": 1,
            "steps": 0,
            "isHome": true,
            "isInPlay": false
          },
          {
            "id": 2,
            "steps": 4,
            "isHome": false,
            "isInPlay": true
          },
          {
            "id": 3,
            "steps": 0,
            "isHome": true,
            "isInPlay": false
          }
        ],
        "isOffline": false
      }
    ],
    "selectedPlayerCount": 2,
    "currentPlayer": 0,
    "diceValue": 0,
    "gameStarted": true,
    "timestamp": 1787176020562,
    "playersSeq": 11
  }
}
[2026-08-19T21:47:03.465Z] [LUDO-EVENT] players-get-response {
  "gameId": "mt0mfr0yusoa89"
}
[2026-08-19T21:47:03.468Z] [LUDO-STATE] game:mt0mfr0yusoa89 {
  "gameId": "mt0mfr0yusoa89",
  "snapshot": {
    "gameId": "mt0mfr0yusoa89",
    "players": [
      {
        "id": 0,
        "name": "Mohammad Ikram",
        "color": "#E53935",
        "avatar": "https://res.cloudinary.com/dz88yjerw/image/upload/v1786061008/y2bgpcmceri6ogm2anvw.png",
        "cover": "https://res.cloudinary.com/dz88yjerw/image/upload/v1780098021/abtk9davy21pzff2x0cd.png",
        "profileId": "67bf1e4009395add03e1e234",
        "isActive": true,
        "pieces": [
          {
            "id": 0,
            "steps": 0,
            "isHome": true,
            "isInPlay": false
          },
          {
            "id": 1,
            "steps": 0,
            "isHome": true,
            "isInPlay": false
          },
          {
            "id": 2,
            "steps": 0,
            "isHome": true,
            "isInPlay": false
          },
          {
            "id": 3,
            "steps": 0,
            "isHome": true,
            "isInPlay": false
          }
        ],
        "isOffline": false
      },
      {
        "id": 1,
        "name": "Md Atik",
        "color": "#43A047",
        "avatar": "https://res.cloudinary.com/dz88yjerw/image/upload/v1779774308/ccut8qllcbmzl6bxx0yy.png",
        "cover": "https://res.cloudinary.com/dz88yjerw/image/upload/v1759779146/gyshxw4n76fbsohz3rcz.jpg",
        "profileId": "67e431d61e4463f7adfa544e",
        "isActive": true,
        "pieces": [
          {
            "id": 0,
            "steps": 0,
            "isHome": true,
            "isInPlay": false
          },
          {
            "id": 1,
            "steps": 0,
            "isHome": true,
            "isInPlay": false
          },
          {
            "id": 2,
            "steps": 4,
            "isHome": false,
            "isInPlay": true
          },
          {
            "id": 3,
            "steps": 0,
            "isHome": true,
            "isInPlay": false
          }
        ],
        "isOffline": false
      }
    ],
    "selectedPlayerCount": 2,
    "currentPlayer": 0,
    "diceValue": 0,
    "gameStarted": true,
    "timestamp": 1787176020562,
    "playersSeq": 11
  }
}
[2026-08-19T21:47:03.601Z] [LUDO-EVENT] roll-validated {
  "socketId": "GMA4t1iCfuU_meE4AAAZ",
  "gameId": "mt0mfr0yusoa89",
  "by": "67bf1e4009395add03e1e234",
  "value": 2,
  "currentPlayer": 0
}
[2026-08-19T21:47:03.602Z] [LUDO-STATE] game:mt0mfr0yusoa89 {
  "gameId": "mt0mfr0yusoa89",
  "snapshot": {
    "gameId": "mt0mfr0yusoa89",
    "players": [
      {
        "id": 0,
        "name": "Mohammad Ikram",
        "color": "#E53935",
        "avatar": "https://res.cloudinary.com/dz88yjerw/image/upload/v1786061008/y2bgpcmceri6ogm2anvw.png",
        "cover": "https://res.cloudinary.com/dz88yjerw/image/upload/v1780098021/abtk9davy21pzff2x0cd.png",
        "profileId": "67bf1e4009395add03e1e234",
        "isActive": true,
        "pieces": [
          {
            "id": 0,
            "steps": 0,
            "isHome": true,
            "isInPlay": false
          },
          {
            "id": 1,
            "steps": 0,
            "isHome": true,
            "isInPlay": false
          },
          {
            "id": 2,
            "steps": 0,
            "isHome": true,
            "isInPlay": false
          },
          {
            "id": 3,
            "steps": 0,
            "isHome": true,
            "isInPlay": false
          }
        ],
        "isOffline": false
      },
      {
        "id": 1,
        "name": "Md Atik",
        "color": "#43A047",
        "avatar": "https://res.cloudinary.com/dz88yjerw/image/upload/v1779774308/ccut8qllcbmzl6bxx0yy.png",
        "cover": "https://res.cloudinary.com/dz88yjerw/image/upload/v1759779146/gyshxw4n76fbsohz3rcz.jpg",
        "profileId": "67e431d61e4463f7adfa544e",
        "isActive": true,
        "pieces": [
          {
            "id": 0,
            "steps": 0,
            "isHome": true,
            "isInPlay": false
          },
          {
            "id": 1,
            "steps": 0,
            "isHome": true,
            "isInPlay": false
          },
          {
            "id": 2,
            "steps": 4,
            "isHome": false,
            "isInPlay": true
          },
          {
            "id": 3,
            "steps": 0,
            "isHome": true,
            "isInPlay": false
          }
        ],
        "isOffline": false
      }
    ],
    "selectedPlayerCount": 2,
    "currentPlayer": 0,
    "diceValue": 2,
    "gameStarted": true,
    "timestamp": 1787176020562,
    "playersSeq": 11
  }
}
[2026-08-19T21:47:04.290Z] [LUDO-EVENT] players-snapshot {
  "gameId": "mt0mfr0yusoa89",
  "players": 2,
  "selectedPlayerCount": 2,
  "currentPlayer": 1
}
[2026-08-19T21:47:04.291Z] [LUDO-STATE] game:mt0mfr0yusoa89 {
  "gameId": "mt0mfr0yusoa89",
  "snapshot": {
    "gameId": "mt0mfr0yusoa89",
    "players": [
      {
        "id": 0,
        "name": "Mohammad Ikram",
        "color": "#E53935",
        "avatar": "https://res.cloudinary.com/dz88yjerw/image/upload/v1786061008/y2bgpcmceri6ogm2anvw.png",
        "cover": "https://res.cloudinary.com/dz88yjerw/image/upload/v1780098021/abtk9davy21pzff2x0cd.png",
        "profileId": "67bf1e4009395add03e1e234",
        "isActive": true,
        "pieces": [
          {
            "id": 0,
            "steps": 0,
            "isHome": true,
            "isInPlay": false
          },
          {
            "id": 1,
            "steps": 0,
            "isHome": true,
            "isInPlay": false
          },
          {
            "id": 2,
            "steps": 0,
            "isHome": true,
            "isInPlay": false
          },
          {
            "id": 3,
            "steps": 0,
            "isHome": true,
            "isInPlay": false
          }
        ],
        "isOffline": false
      },
      {
        "id": 1,
        "name": "Md Atik",
        "color": "#43A047",
        "avatar": "https://res.cloudinary.com/dz88yjerw/image/upload/v1779774308/ccut8qllcbmzl6bxx0yy.png",
        "cover": "https://res.cloudinary.com/dz88yjerw/image/upload/v1759779146/gyshxw4n76fbsohz3rcz.jpg",
        "profileId": "67e431d61e4463f7adfa544e",
        "isActive": true,
        "pieces": [
          {
            "id": 0,
            "steps": 0,
            "isHome": true,
            "isInPlay": false
          },
          {
            "id": 1,
            "steps": 0,
            "isHome": true,
            "isInPlay": false
          },
          {
            "id": 2,
            "steps": 4,
            "isHome": false,
            "isInPlay": true
          },
          {
            "id": 3,
            "steps": 0,
            "isHome": true,
            "isInPlay": false
          }
        ],
        "isOffline": false
      }
    ],
    "selectedPlayerCount": 2,
    "currentPlayer": 1,
    "diceValue": 0,
    "gameStarted": true,
    "timestamp": 1787176024290,
    "playersSeq": 12
  }
}
[2026-08-19T21:47:06.212Z] [LUDO-EVENT] players-get-response {
  "gameId": "mt0mfr0yusoa89"
}
[2026-08-19T21:47:06.213Z] [LUDO-STATE] game:mt0mfr0yusoa89 {
  "gameId": "mt0mfr0yusoa89",
  "snapshot": {
    "gameId": "mt0mfr0yusoa89",
    "players": [
      {
        "id": 0,
        "name": "Mohammad Ikram",
        "color": "#E53935",
        "avatar": "https://res.cloudinary.com/dz88yjerw/image/upload/v1786061008/y2bgpcmceri6ogm2anvw.png",
        "cover": "https://res.cloudinary.com/dz88yjerw/image/upload/v1780098021/abtk9davy21pzff2x0cd.png",
        "profileId": "67bf1e4009395add03e1e234",
        "isActive": true,
        "pieces": [
          {
            "id": 0,
            "steps": 0,
            "isHome": true,
            "isInPlay": false
          },
          {
            "id": 1,
            "steps": 0,
            "isHome": true,
            "isInPlay": false
          },
          {
            "id": 2,
            "steps": 0,
            "isHome": true,
            "isInPlay": false
          },
          {
            "id": 3,
            "steps": 0,
            "isHome": true,
            "isInPlay": false
          }
        ],
        "isOffline": false
      },
      {
        "id": 1,
        "name": "Md Atik",
        "color": "#43A047",
        "avatar": "https://res.cloudinary.com/dz88yjerw/image/upload/v1779774308/ccut8qllcbmzl6bxx0yy.png",
        "cover": "https://res.cloudinary.com/dz88yjerw/image/upload/v1759779146/gyshxw4n76fbsohz3rcz.jpg",
        "profileId": "67e431d61e4463f7adfa544e",
        "isActive": true,
        "pieces": [
          {
            "id": 0,
            "steps": 0,
            "isHome": true,
            "isInPlay": false
          },
          {
            "id": 1,
            "steps": 0,
            "isHome": true,
            "isInPlay": false
          },
          {
            "id": 2,
            "steps": 4,
            "isHome": false,
            "isInPlay": true
          },
          {
            "id": 3,
            "steps": 0,
            "isHome": true,
            "isInPlay": false
          }
        ],
        "isOffline": false
      }
    ],
    "selectedPlayerCount": 2,
    "currentPlayer": 1,
    "diceValue": 0,
    "gameStarted": true,
    "timestamp": 1787176024290,
    "playersSeq": 12
  }
}
[2026-08-19T21:47:06.252Z] [LUDO-EVENT] roll-validated {
  "socketId": "OygsR98wfA4lOtazAAAX",
  "gameId": "mt0mfr0yusoa89",
  "by": "67e431d61e4463f7adfa544e",
  "value": 1,
  "currentPlayer": 1
}
[2026-08-19T21:47:06.255Z] [LUDO-STATE] game:mt0mfr0yusoa89 {
  "gameId": "mt0mfr0yusoa89",
  "snapshot": {
    "gameId": "mt0mfr0yusoa89",
    "players": [
      {
        "id": 0,
        "name": "Mohammad Ikram",
        "color": "#E53935",
        "avatar": "https://res.cloudinary.com/dz88yjerw/image/upload/v1786061008/y2bgpcmceri6ogm2anvw.png",
        "cover": "https://res.cloudinary.com/dz88yjerw/image/upload/v1780098021/abtk9davy21pzff2x0cd.png",
        "profileId": "67bf1e4009395add03e1e234",
        "isActive": true,
        "pieces": [
          {
            "id": 0,
            "steps": 0,
            "isHome": true,
            "isInPlay": false
          },
          {
            "id": 1,
            "steps": 0,
            "isHome": true,
            "isInPlay": false
          },
          {
            "id": 2,
            "steps": 0,
            "isHome": true,
            "isInPlay": false
          },
          {
            "id": 3,
            "steps": 0,
            "isHome": true,
            "isInPlay": false
          }
        ],
        "isOffline": false
      },
      {
        "id": 1,
        "name": "Md Atik",
        "color": "#43A047",
        "avatar": "https://res.cloudinary.com/dz88yjerw/image/upload/v1779774308/ccut8qllcbmzl6bxx0yy.png",
        "cover": "https://res.cloudinary.com/dz88yjerw/image/upload/v1759779146/gyshxw4n76fbsohz3rcz.jpg",
        "profileId": "67e431d61e4463f7adfa544e",
        "isActive": true,
        "pieces": [
          {
            "id": 0,
            "steps": 0,
            "isHome": true,
            "isInPlay": false
          },
          {
            "id": 1,
            "steps": 0,
            "isHome": true,
            "isInPlay": false
          },
          {
            "id": 2,
            "steps": 4,
            "isHome": false,
            "isInPlay": true
          },
          {
            "id": 3,
            "steps": 0,
            "isHome": true,
            "isInPlay": false
          }
        ],
        "isOffline": false
      }
    ],
    "selectedPlayerCount": 2,
    "currentPlayer": 1,
    "diceValue": 1,
    "gameStarted": true,
    "timestamp": 1787176024290,
    "playersSeq": 12
  }
}
[2026-08-19T21:47:06.458Z] [LUDO-EVENT] move-validated {
  "socketId": "OygsR98wfA4lOtazAAAX",
  "gameId": "mt0mfr0yusoa89",
  "by": "67e431d61e4463f7adfa544e",
  "playerIndex": 1,
  "fromSteps": 4,
  "toSteps": 5,
  "rolled": 0
}
[2026-08-19T21:47:06.459Z] [LUDO-STATE] game:mt0mfr0yusoa89 {
  "gameId": "mt0mfr0yusoa89",
  "snapshot": {
    "gameId": "mt0mfr0yusoa89",
    "players": [
      {
        "id": 0,
        "name": "Mohammad Ikram",
        "color": "#E53935",
        "avatar": "https://res.cloudinary.com/dz88yjerw/image/upload/v1786061008/y2bgpcmceri6ogm2anvw.png",
        "cover": "https://res.cloudinary.com/dz88yjerw/image/upload/v1780098021/abtk9davy21pzff2x0cd.png",
        "profileId": "67bf1e4009395add03e1e234",
        "isActive": true,
        "pieces": [
          {
            "id": 0,
            "steps": 0,
            "isHome": true,
            "isInPlay": false
          },
          {
            "id": 1,
            "steps": 0,
            "isHome": true,
            "isInPlay": false
          },
          {
            "id": 2,
            "steps": 0,
            "isHome": true,
            "isInPlay": false
          },
          {
            "id": 3,
            "steps": 0,
            "isHome": true,
            "isInPlay": false
          }
        ],
        "isOffline": false
      },
      {
        "id": 1,
        "name": "Md Atik",
        "color": "#43A047",
        "avatar": "https://res.cloudinary.com/dz88yjerw/image/upload/v1779774308/ccut8qllcbmzl6bxx0yy.png",
        "cover": "https://res.cloudinary.com/dz88yjerw/image/upload/v1759779146/gyshxw4n76fbsohz3rcz.jpg",
        "profileId": "67e431d61e4463f7adfa544e",
        "isActive": true,
        "pieces": [
          {
            "id": 0,
            "steps": 0,
            "isHome": true,
            "isInPlay": false
          },
          {
            "id": 1,
            "steps": 0,
            "isHome": true,
            "isInPlay": false
          },
          {
            "id": 2,
            "steps": 4,
            "isHome": false,
            "isInPlay": true
          },
          {
            "id": 3,
            "steps": 0,
            "isHome": true,
            "isInPlay": false
          }
        ],
        "isOffline": false
      }
    ],
    "selectedPlayerCount": 2,
    "currentPlayer": 1,
    "diceValue": 1,
    "gameStarted": true,
    "timestamp": 1787176024290,
    "playersSeq": 12
  }
}
[2026-08-19T21:47:06.497Z] [LUDO-EVENT] players-get-response {
  "gameId": "mt0mfr0yusoa89"
}
[2026-08-19T21:47:06.499Z] [LUDO-STATE] game:mt0mfr0yusoa89 {
  "gameId": "mt0mfr0yusoa89",
  "snapshot": {
    "gameId": "mt0mfr0yusoa89",
    "players": [
      {
        "id": 0,
        "name": "Mohammad Ikram",
        "color": "#E53935",
        "avatar": "https://res.cloudinary.com/dz88yjerw/image/upload/v1786061008/y2bgpcmceri6ogm2anvw.png",
        "cover": "https://res.cloudinary.com/dz88yjerw/image/upload/v1780098021/abtk9davy21pzff2x0cd.png",
        "profileId": "67bf1e4009395add03e1e234",
        "isActive": true,
        "pieces": [
          {
            "id": 0,
            "steps": 0,
            "isHome": true,
            "isInPlay": false
          },
          {
            "id": 1,
            "steps": 0,
            "isHome": true,
            "isInPlay": false
          },
          {
            "id": 2,
            "steps": 0,
            "isHome": true,
            "isInPlay": false
          },
          {
            "id": 3,
            "steps": 0,
            "isHome": true,
            "isInPlay": false
          }
        ],
        "isOffline": false
      },
      {
        "id": 1,
        "name": "Md Atik",
        "color": "#43A047",
        "avatar": "https://res.cloudinary.com/dz88yjerw/image/upload/v1779774308/ccut8qllcbmzl6bxx0yy.png",
        "cover": "https://res.cloudinary.com/dz88yjerw/image/upload/v1759779146/gyshxw4n76fbsohz3rcz.jpg",
        "profileId": "67e431d61e4463f7adfa544e",
        "isActive": true,
        "pieces": [
          {
            "id": 0,
            "steps": 0,
            "isHome": true,
            "isInPlay": false
          },
          {
            "id": 1,
            "steps": 0,
            "isHome": true,
            "isInPlay": false
          },
          {
            "id": 2,
            "steps": 4,
            "isHome": false,
            "isInPlay": true
          },
          {
            "id": 3,
            "steps": 0,
            "isHome": true,
            "isInPlay": false
          }
        ],
        "isOffline": false
      }
    ],
    "selectedPlayerCount": 2,
    "currentPlayer": 1,
    "diceValue": 1,
    "gameStarted": true,
    "timestamp": 1787176024290,
    "playersSeq": 12
  }
}
[2026-08-19T21:47:06.646Z] [LUDO-EVENT] players-snapshot {
  "gameId": "mt0mfr0yusoa89",
  "players": 2,
  "selectedPlayerCount": 2,
  "currentPlayer": 0
}
[2026-08-19T21:47:06.647Z] [LUDO-STATE] game:mt0mfr0yusoa89 {
  "gameId": "mt0mfr0yusoa89",
  "snapshot": {
    "gameId": "mt0mfr0yusoa89",
    "players": [
      {
        "id": 0,
        "name": "Mohammad Ikram",
        "color": "#E53935",
        "avatar": "https://res.cloudinary.com/dz88yjerw/image/upload/v1786061008/y2bgpcmceri6ogm2anvw.png",
        "cover": "https://res.cloudinary.com/dz88yjerw/image/upload/v1780098021/abtk9davy21pzff2x0cd.png",
        "profileId": "67bf1e4009395add03e1e234",
        "isActive": true,
        "pieces": [
          {
            "id": 0,
            "steps": 0,
            "isHome": true,
            "isInPlay": false
          },
          {
            "id": 1,
            "steps": 0,
            "isHome": true,
            "isInPlay": false
          },
          {
            "id": 2,
            "steps": 0,
            "isHome": true,
            "isInPlay": false
          },
          {
            "id": 3,
            "steps": 0,
            "isHome": true,
            "isInPlay": false
          }
        ],
        "isOffline": false
      },
      {
        "id": 1,
        "name": "Md Atik",
        "color": "#43A047",
        "avatar": "https://res.cloudinary.com/dz88yjerw/image/upload/v1779774308/ccut8qllcbmzl6bxx0yy.png",
        "cover": "https://res.cloudinary.com/dz88yjerw/image/upload/v1759779146/gyshxw4n76fbsohz3rcz.jpg",
        "profileId": "67e431d61e4463f7adfa544e",
        "isActive": true,
        "pieces": [
          {
            "id": 0,
            "steps": 0,
            "isHome": true,
            "isInPlay": false
          },
          {
            "id": 1,
            "steps": 0,
            "isHome": true,
            "isInPlay": false
          },
          {
            "id": 2,
            "steps": 5,
            "isHome": false,
            "isInPlay": true
          },
          {
            "id": 3,
            "steps": 0,
            "isHome": true,
            "isInPlay": false
          }
        ],
        "isOffline": false
      }
    ],
    "selectedPlayerCount": 2,
    "currentPlayer": 0,
    "diceValue": 0,
    "gameStarted": true,
    "timestamp": 1787176026619,
    "playersSeq": 13
  }
}
[2026-08-19T21:47:09.211Z] [LUDO-EVENT] players-get-response {
  "gameId": "mt0mfr0yusoa89"
}
[2026-08-19T21:47:09.212Z] [LUDO-STATE] game:mt0mfr0yusoa89 {
  "gameId": "mt0mfr0yusoa89",
  "snapshot": {
    "gameId": "mt0mfr0yusoa89",
    "players": [
      {
        "id": 0,
        "name": "Mohammad Ikram",
        "color": "#E53935",
        "avatar": "https://res.cloudinary.com/dz88yjerw/image/upload/v1786061008/y2bgpcmceri6ogm2anvw.png",
        "cover": "https://res.cloudinary.com/dz88yjerw/image/upload/v1780098021/abtk9davy21pzff2x0cd.png",
        "profileId": "67bf1e4009395add03e1e234",
        "isActive": true,
        "pieces": [
          {
            "id": 0,
            "steps": 0,
            "isHome": true,
            "isInPlay": false
          },
          {
            "id": 1,
            "steps": 0,
            "isHome": true,
            "isInPlay": false
          },
          {
            "id": 2,
            "steps": 0,
            "isHome": true,
            "isInPlay": false
          },
          {
            "id": 3,
            "steps": 0,
            "isHome": true,
            "isInPlay": false
          }
        ],
        "isOffline": false
      },
      {
        "id": 1,
        "name": "Md Atik",
        "color": "#43A047",
        "avatar": "https://res.cloudinary.com/dz88yjerw/image/upload/v1779774308/ccut8qllcbmzl6bxx0yy.png",
        "cover": "https://res.cloudinary.com/dz88yjerw/image/upload/v1759779146/gyshxw4n76fbsohz3rcz.jpg",
        "profileId": "67e431d61e4463f7adfa544e",
        "isActive": true,
        "pieces": [
          {
            "id": 0,
            "steps": 0,
            "isHome": true,
            "isInPlay": false
          },
          {
            "id": 1,
            "steps": 0,
            "isHome": true,
            "isInPlay": false
          },
          {
            "id": 2,
            "steps": 5,
            "isHome": false,
            "isInPlay": true
          },
          {
            "id": 3,
            "steps": 0,
            "isHome": true,
            "isInPlay": false
          }
        ],
        "isOffline": false
      }
    ],
    "selectedPlayerCount": 2,
    "currentPlayer": 0,
    "diceValue": 0,
    "gameStarted": true,
    "timestamp": 1787176026619,
    "playersSeq": 13
  }
}
[2026-08-19T21:47:09.392Z] [LUDO-EVENT] roll-validated {
  "socketId": "GMA4t1iCfuU_meE4AAAZ",
  "gameId": "mt0mfr0yusoa89",
  "by": "67bf1e4009395add03e1e234",
  "value": 6,
  "currentPlayer": 0
}
[2026-08-19T21:47:09.393Z] [LUDO-STATE] game:mt0mfr0yusoa89 {
  "gameId": "mt0mfr0yusoa89",
  "snapshot": {
    "gameId": "mt0mfr0yusoa89",
    "players": [
      {
        "id": 0,
        "name": "Mohammad Ikram",
        "color": "#E53935",
        "avatar": "https://res.cloudinary.com/dz88yjerw/image/upload/v1786061008/y2bgpcmceri6ogm2anvw.png",
        "cover": "https://res.cloudinary.com/dz88yjerw/image/upload/v1780098021/abtk9davy21pzff2x0cd.png",
        "profileId": "67bf1e4009395add03e1e234",
        "isActive": true,
        "pieces": [
          {
            "id": 0,
            "steps": 0,
            "isHome": true,
            "isInPlay": false
          },
          {
            "id": 1,
            "steps": 0,
            "isHome": true,
            "isInPlay": false
          },
          {
            "id": 2,
            "steps": 0,
            "isHome": true,
            "isInPlay": false
          },
          {
            "id": 3,
            "steps": 0,
            "isHome": true,
            "isInPlay": false
          }
        ],
        "isOffline": false
      },
      {
        "id": 1,
        "name": "Md Atik",
        "color": "#43A047",
        "avatar": "https://res.cloudinary.com/dz88yjerw/image/upload/v1779774308/ccut8qllcbmzl6bxx0yy.png",
        "cover": "https://res.cloudinary.com/dz88yjerw/image/upload/v1759779146/gyshxw4n76fbsohz3rcz.jpg",
        "profileId": "67e431d61e4463f7adfa544e",
        "isActive": true,
        "pieces": [
          {
            "id": 0,
            "steps": 0,
            "isHome": true,
            "isInPlay": false
          },
          {
            "id": 1,
            "steps": 0,
            "isHome": true,
            "isInPlay": false
          },
          {
            "id": 2,
            "steps": 5,
            "isHome": false,
            "isInPlay": true
          },
          {
            "id": 3,
            "steps": 0,
            "isHome": true,
            "isInPlay": false
          }
        ],
        "isOffline": false
      }
    ],
    "selectedPlayerCount": 2,
    "currentPlayer": 0,
    "diceValue": 6,
    "gameStarted": true,
    "timestamp": 1787176026619,
    "playersSeq": 13
  }
}
[2026-08-19T21:47:10.647Z] [LUDO-EVENT] move-validated {
  "socketId": "GMA4t1iCfuU_meE4AAAZ",
  "gameId": "mt0mfr0yusoa89",
  "by": "67bf1e4009395add03e1e234",
  "playerIndex": 0,
  "fromSteps": 0,
  "toSteps": 1,
  "rolled": 6
}
[2026-08-19T21:47:10.648Z] [LUDO-STATE] game:mt0mfr0yusoa89 {
  "gameId": "mt0mfr0yusoa89",
  "snapshot": {
    "gameId": "mt0mfr0yusoa89",
    "players": [
      {
        "id": 0,
        "name": "Mohammad Ikram",
        "color": "#E53935",
        "avatar": "https://res.cloudinary.com/dz88yjerw/image/upload/v1786061008/y2bgpcmceri6ogm2anvw.png",
        "cover": "https://res.cloudinary.com/dz88yjerw/image/upload/v1780098021/abtk9davy21pzff2x0cd.png",
        "profileId": "67bf1e4009395add03e1e234",
        "isActive": true,
        "pieces": [
          {
            "id": 0,
            "steps": 0,
            "isHome": true,
            "isInPlay": false
          },
          {
            "id": 1,
            "steps": 0,
            "isHome": true,
            "isInPlay": false
          },
          {
            "id": 2,
            "steps": 0,
            "isHome": true,
            "isInPlay": false
          },
          {
            "id": 3,
            "steps": 0,
            "isHome": true,
            "isInPlay": false
          }
        ],
        "isOffline": false
      },
      {
        "id": 1,
        "name": "Md Atik",
        "color": "#43A047",
        "avatar": "https://res.cloudinary.com/dz88yjerw/image/upload/v1779774308/ccut8qllcbmzl6bxx0yy.png",
        "cover": "https://res.cloudinary.com/dz88yjerw/image/upload/v1759779146/gyshxw4n76fbsohz3rcz.jpg",
        "profileId": "67e431d61e4463f7adfa544e",
        "isActive": true,
        "pieces": [
          {
            "id": 0,
            "steps": 0,
            "isHome": true,
            "isInPlay": false
          },
          {
            "id": 1,
            "steps": 0,
            "isHome": true,
            "isInPlay": false
          },
          {
            "id": 2,
            "steps": 5,
            "isHome": false,
            "isInPlay": true
          },
          {
            "id": 3,
            "steps": 0,
            "isHome": true,
            "isInPlay": false
          }
        ],
        "isOffline": false
      }
    ],
    "selectedPlayerCount": 2,
    "currentPlayer": 0,
    "diceValue": 6,
    "gameStarted": true,
    "timestamp": 1787176026619,
    "playersSeq": 13
  }
}
[2026-08-19T21:47:10.925Z] [LUDO-EVENT] players-snapshot {
  "gameId": "mt0mfr0yusoa89",
  "players": 2,
  "selectedPlayerCount": 2,
  "currentPlayer": 0
}
[2026-08-19T21:47:10.926Z] [LUDO-STATE] game:mt0mfr0yusoa89 {
  "gameId": "mt0mfr0yusoa89",
  "snapshot": {
    "gameId": "mt0mfr0yusoa89",
    "players": [
      {
        "id": 0,
        "name": "Mohammad Ikram",
        "color": "#E53935",
        "avatar": "https://res.cloudinary.com/dz88yjerw/image/upload/v1786061008/y2bgpcmceri6ogm2anvw.png",
        "cover": "https://res.cloudinary.com/dz88yjerw/image/upload/v1780098021/abtk9davy21pzff2x0cd.png",
        "profileId": "67bf1e4009395add03e1e234",
        "isActive": true,
        "pieces": [
          {
            "id": 0,
            "steps": 0,
            "isHome": true,
            "isInPlay": false
          },
          {
            "id": 1,
            "steps": 0,
            "isHome": true,
            "isInPlay": false
          },
          {
            "id": 2,
            "steps": 0,
            "isHome": true,
            "isInPlay": false
          },
          {
            "id": 3,
            "steps": 1,
            "isHome": false,
            "isInPlay": true
          }
        ],
        "isOffline": false
      },
      {
        "id": 1,
        "name": "Md Atik",
        "color": "#43A047",
        "avatar": "https://res.cloudinary.com/dz88yjerw/image/upload/v1779774308/ccut8qllcbmzl6bxx0yy.png",
        "cover": "https://res.cloudinary.com/dz88yjerw/image/upload/v1759779146/gyshxw4n76fbsohz3rcz.jpg",
        "profileId": "67e431d61e4463f7adfa544e",
        "isActive": true,
        "pieces": [
          {
            "id": 0,
            "steps": 0,
            "isHome": true,
            "isInPlay": false
          },
          {
            "id": 1,
            "steps": 0,
            "isHome": true,
            "isInPlay": false
          },
          {
            "id": 2,
            "steps": 5,
            "isHome": false,
            "isInPlay": true
          },
          {
            "id": 3,
            "steps": 0,
            "isHome": true,
            "isInPlay": false
          }
        ],
        "isOffline": false
      }
    ],
    "selectedPlayerCount": 2,
    "currentPlayer": 0,
    "diceValue": 0,
    "gameStarted": true,
    "timestamp": 1787176030849,
    "playersSeq": 14
  }
}
[2026-08-19T21:47:12.230Z] [LUDO-EVENT] players-get-response {
  "gameId": "mt0mfr0yusoa89"
}
[2026-08-19T21:47:12.231Z] [LUDO-STATE] game:mt0mfr0yusoa89 {
  "gameId": "mt0mfr0yusoa89",
  "snapshot": {
    "gameId": "mt0mfr0yusoa89",
    "players": [
      {
        "id": 0,
        "name": "Mohammad Ikram",
        "color": "#E53935",
        "avatar": "https://res.cloudinary.com/dz88yjerw/image/upload/v1786061008/y2bgpcmceri6ogm2anvw.png",
        "cover": "https://res.cloudinary.com/dz88yjerw/image/upload/v1780098021/abtk9davy21pzff2x0cd.png",
        "profileId": "67bf1e4009395add03e1e234",
        "isActive": true,
        "pieces": [
          {
            "id": 0,
            "steps": 0,
            "isHome": true,
            "isInPlay": false
          },
          {
            "id": 1,
            "steps": 0,
            "isHome": true,
            "isInPlay": false
          },
          {
            "id": 2,
            "steps": 0,
            "isHome": true,
            "isInPlay": false
          },
          {
            "id": 3,
            "steps": 1,
            "isHome": false,
            "isInPlay": true
          }
        ],
        "isOffline": false
      },
      {
        "id": 1,
        "name": "Md Atik",
        "color": "#43A047",
        "avatar": "https://res.cloudinary.com/dz88yjerw/image/upload/v1779774308/ccut8qllcbmzl6bxx0yy.png",
        "cover": "https://res.cloudinary.com/dz88yjerw/image/upload/v1759779146/gyshxw4n76fbsohz3rcz.jpg",
        "profileId": "67e431d61e4463f7adfa544e",
        "isActive": true,
        "pieces": [
          {
            "id": 0,
            "steps": 0,
            "isHome": true,
            "isInPlay": false
          },
          {
            "id": 1,
            "steps": 0,
            "isHome": true,
            "isInPlay": false
          },
          {
            "id": 2,
            "steps": 5,
            "isHome": false,
            "isInPlay": true
          },
          {
            "id": 3,
            "steps": 0,
            "isHome": true,
            "isInPlay": false
          }
        ],
        "isOffline": false
      }
    ],
    "selectedPlayerCount": 2,
    "currentPlayer": 0,
    "diceValue": 0,
    "gameStarted": true,
    "timestamp": 1787176030849,
    "playersSeq": 14
  }
}
[2026-08-19T21:47:12.523Z] [LUDO-EVENT] players-get-response {
  "gameId": "mt0mfr0yusoa89"
}
[2026-08-19T21:47:12.533Z] [LUDO-STATE] game:mt0mfr0yusoa89 {
  "gameId": "mt0mfr0yusoa89",
  "snapshot": {
    "gameId": "mt0mfr0yusoa89",
    "players": [
      {
        "id": 0,
        "name": "Mohammad Ikram",
        "color": "#E53935",
        "avatar": "https://res.cloudinary.com/dz88yjerw/image/upload/v1786061008/y2bgpcmceri6ogm2anvw.png",
        "cover": "https://res.cloudinary.com/dz88yjerw/image/upload/v1780098021/abtk9davy21pzff2x0cd.png",
        "profileId": "67bf1e4009395add03e1e234",
        "isActive": true,
        "pieces": [
          {
            "id": 0,
            "steps": 0,
            "isHome": true,
            "isInPlay": false
          },
          {
            "id": 1,
            "steps": 0,
            "isHome": true,
            "isInPlay": false
          },
          {
            "id": 2,
            "steps": 0,
            "isHome": true,
            "isInPlay": false
          },
          {
            "id": 3,
            "steps": 1,
            "isHome": false,
            "isInPlay": true
          }
        ],
        "isOffline": false
      },
      {
        "id": 1,
        "name": "Md Atik",
        "color": "#43A047",
        "avatar": "https://res.cloudinary.com/dz88yjerw/image/upload/v1779774308/ccut8qllcbmzl6bxx0yy.png",
        "cover": "https://res.cloudinary.com/dz88yjerw/image/upload/v1759779146/gyshxw4n76fbsohz3rcz.jpg",
        "profileId": "67e431d61e4463f7adfa544e",
        "isActive": true,
        "pieces": [
          {
            "id": 0,
            "steps": 0,
            "isHome": true,
            "isInPlay": false
          },
          {
            "id": 1,
            "steps": 0,
            "isHome": true,
            "isInPlay": false
          },
          {
            "id": 2,
            "steps": 5,
            "isHome": false,
            "isInPlay": true
          },
          {
            "id": 3,
            "steps": 0,
            "isHome": true,
            "isInPlay": false
          }
        ],
        "isOffline": false
      }
    ],
    "selectedPlayerCount": 2,
    "currentPlayer": 0,
    "diceValue": 0,
    "gameStarted": true,
    "timestamp": 1787176030849,
    "playersSeq": 14
  }
}
[2026-08-19T21:47:12.620Z] [LUDO-EVENT] roll-validated {
  "socketId": "GMA4t1iCfuU_meE4AAAZ",
  "gameId": "mt0mfr0yusoa89",
  "by": "67bf1e4009395add03e1e234",
  "value": 6,
  "currentPlayer": 0
}
[2026-08-19T21:47:12.722Z] [LUDO-STATE] game:mt0mfr0yusoa89 {
  "gameId": "mt0mfr0yusoa89",
  "snapshot": {
    "gameId": "mt0mfr0yusoa89",
    "players": [
      {
        "id": 0,
        "name": "Mohammad Ikram",
        "color": "#E53935",
        "avatar": "https://res.cloudinary.com/dz88yjerw/image/upload/v1786061008/y2bgpcmceri6ogm2anvw.png",
        "cover": "https://res.cloudinary.com/dz88yjerw/image/upload/v1780098021/abtk9davy21pzff2x0cd.png",
        "profileId": "67bf1e4009395add03e1e234",
        "isActive": true,
        "pieces": [
          {
            "id": 0,
            "steps": 0,
            "isHome": true,
            "isInPlay": false
          },
          {
            "id": 1,
            "steps": 0,
            "isHome": true,
            "isInPlay": false
          },
          {
            "id": 2,
            "steps": 0,
            "isHome": true,
            "isInPlay": false
          },
          {
            "id": 3,
            "steps": 1,
            "isHome": false,
            "isInPlay": true
          }
        ],
        "isOffline": false
      },
      {
        "id": 1,
        "name": "Md Atik",
        "color": "#43A047",
        "avatar": "https://res.cloudinary.com/dz88yjerw/image/upload/v1779774308/ccut8qllcbmzl6bxx0yy.png",
        "cover": "https://res.cloudinary.com/dz88yjerw/image/upload/v1759779146/gyshxw4n76fbsohz3rcz.jpg",
        "profileId": "67e431d61e4463f7adfa544e",
        "isActive": true,
        "pieces": [
          {
            "id": 0,
            "steps": 0,
            "isHome": true,
            "isInPlay": false
          },
          {
            "id": 1,
            "steps": 0,
            "isHome": true,
            "isInPlay": false
          },
          {
            "id": 2,
            "steps": 5,
            "isHome": false,
            "isInPlay": true
          },
          {
            "id": 3,
            "steps": 0,
            "isHome": true,
            "isInPlay": false
          }
        ],
        "isOffline": false
      }
    ],
    "selectedPlayerCount": 2,
    "currentPlayer": 0,
    "diceValue": 6,
    "gameStarted": true,
    "timestamp": 1787176030849,
    "playersSeq": 14
  }
}
[2026-08-19T21:47:13.798Z] [LUDO-EVENT] move-validated {
  "socketId": "GMA4t1iCfuU_meE4AAAZ",
  "gameId": "mt0mfr0yusoa89",
  "by": "67bf1e4009395add03e1e234",
  "playerIndex": 0,
  "fromSteps": 0,
  "toSteps": 1,
  "rolled": 6
}
[2026-08-19T21:47:13.799Z] [LUDO-STATE] game:mt0mfr0yusoa89 {
  "gameId": "mt0mfr0yusoa89",
  "snapshot": {
    "gameId": "mt0mfr0yusoa89",
    "players": [
      {
        "id": 0,
        "name": "Mohammad Ikram",
        "color": "#E53935",
        "avatar": "https://res.cloudinary.com/dz88yjerw/image/upload/v1786061008/y2bgpcmceri6ogm2anvw.png",
        "cover": "https://res.cloudinary.com/dz88yjerw/image/upload/v1780098021/abtk9davy21pzff2x0cd.png",
        "profileId": "67bf1e4009395add03e1e234",
        "isActive": true,
        "pieces": [
          {
            "id": 0,
            "steps": 0,
            "isHome": true,
            "isInPlay": false
          },
          {
            "id": 1,
            "steps": 0,
            "isHome": true,
            "isInPlay": false
          },
          {
            "id": 2,
            "steps": 0,
            "isHome": true,
            "isInPlay": false
          },
          {
            "id": 3,
            "steps": 1,
            "isHome": false,
            "isInPlay": true
          }
        ],
        "isOffline": false
      },
      {
        "id": 1,
        "name": "Md Atik",
        "color": "#43A047",
        "avatar": "https://res.cloudinary.com/dz88yjerw/image/upload/v1779774308/ccut8qllcbmzl6bxx0yy.png",
        "cover": "https://res.cloudinary.com/dz88yjerw/image/upload/v1759779146/gyshxw4n76fbsohz3rcz.jpg",
        "profileId": "67e431d61e4463f7adfa544e",
        "isActive": true,
        "pieces": [
          {
            "id": 0,
            "steps": 0,
            "isHome": true,
            "isInPlay": false
          },
          {
            "id": 1,
            "steps": 0,
            "isHome": true,
            "isInPlay": false
          },
          {
            "id": 2,
            "steps": 5,
            "isHome": false,
            "isInPlay": true
          },
          {
            "id": 3,
            "steps": 0,
            "isHome": true,
            "isInPlay": false
          }
        ],
        "isOffline": false
      }
    ],
    "selectedPlayerCount": 2,
    "currentPlayer": 0,
    "diceValue": 6,
    "gameStarted": true,
    "timestamp": 1787176030849,
    "playersSeq": 14
  }
}
[2026-08-19T21:47:14.067Z] [LUDO-EVENT] players-snapshot {
  "gameId": "mt0mfr0yusoa89",
  "players": 2,
  "selectedPlayerCount": 2,
  "currentPlayer": 0
}
[2026-08-19T21:47:14.068Z] [LUDO-STATE] game:mt0mfr0yusoa89 {
  "gameId": "mt0mfr0yusoa89",
  "snapshot": {
    "gameId": "mt0mfr0yusoa89",
    "players": [
      {
        "id": 0,
        "name": "Mohammad Ikram",
        "color": "#E53935",
        "avatar": "https://res.cloudinary.com/dz88yjerw/image/upload/v1786061008/y2bgpcmceri6ogm2anvw.png",
        "cover": "https://res.cloudinary.com/dz88yjerw/image/upload/v1780098021/abtk9davy21pzff2x0cd.png",
        "profileId": "67bf1e4009395add03e1e234",
        "isActive": true,
        "pieces": [
          {
            "id": 0,
            "steps": 0,
            "isHome": true,
            "isInPlay": false
          },
          {
            "id": 1,
            "steps": 0,
            "isHome": true,
            "isInPlay": false
          },
          {
            "id": 2,
            "steps": 1,
            "isHome": false,
            "isInPlay": true
          },
          {
            "id": 3,
            "steps": 1,
            "isHome": false,
            "isInPlay": true
          }
        ],
        "isOffline": false
      },
      {
        "id": 1,
        "name": "Md Atik",
        "color": "#43A047",
        "avatar": "https://res.cloudinary.com/dz88yjerw/image/upload/v1779774308/ccut8qllcbmzl6bxx0yy.png",
        "cover": "https://res.cloudinary.com/dz88yjerw/image/upload/v1759779146/gyshxw4n76fbsohz3rcz.jpg",
        "profileId": "67e431d61e4463f7adfa544e",
        "isActive": true,
        "pieces": [
          {
            "id": 0,
            "steps": 0,
            "isHome": true,
            "isInPlay": false
          },
          {
            "id": 1,
            "steps": 0,
            "isHome": true,
            "isInPlay": false
          },
          {
            "id": 2,
            "steps": 5,
            "isHome": false,
            "isInPlay": true
          },
          {
            "id": 3,
            "steps": 0,
            "isHome": true,
            "isInPlay": false
          }
        ],
        "isOffline": false
      }
    ],
    "selectedPlayerCount": 2,
    "currentPlayer": 0,
    "diceValue": 0,
    "gameStarted": true,
    "timestamp": 1787176034000,
    "playersSeq": 15
  }
}
[2026-08-19T21:47:15.229Z] [LUDO-EVENT] players-get-response {
  "gameId": "mt0mfr0yusoa89"
}
[2026-08-19T21:47:15.230Z] [LUDO-STATE] game:mt0mfr0yusoa89 {
  "gameId": "mt0mfr0yusoa89",
  "snapshot": {
    "gameId": "mt0mfr0yusoa89",
    "players": [
      {
        "id": 0,
        "name": "Mohammad Ikram",
        "color": "#E53935",
        "avatar": "https://res.cloudinary.com/dz88yjerw/image/upload/v1786061008/y2bgpcmceri6ogm2anvw.png",
        "cover": "https://res.cloudinary.com/dz88yjerw/image/upload/v1780098021/abtk9davy21pzff2x0cd.png",
        "profileId": "67bf1e4009395add03e1e234",
        "isActive": true,
        "pieces": [
          {
            "id": 0,
            "steps": 0,
            "isHome": true,
            "isInPlay": false
          },
          {
            "id": 1,
            "steps": 0,
            "isHome": true,
            "isInPlay": false
          },
          {
            "id": 2,
            "steps": 1,
            "isHome": false,
            "isInPlay": true
          },
          {
            "id": 3,
            "steps": 1,
            "isHome": false,
            "isInPlay": true
          }
        ],
        "isOffline": false
      },
      {
        "id": 1,
        "name": "Md Atik",
        "color": "#43A047",
        "avatar": "https://res.cloudinary.com/dz88yjerw/image/upload/v1779774308/ccut8qllcbmzl6bxx0yy.png",
        "cover": "https://res.cloudinary.com/dz88yjerw/image/upload/v1759779146/gyshxw4n76fbsohz3rcz.jpg",
        "profileId": "67e431d61e4463f7adfa544e",
        "isActive": true,
        "pieces": [
          {
            "id": 0,
            "steps": 0,
            "isHome": true,
            "isInPlay": false
          },
          {
            "id": 1,
            "steps": 0,
            "isHome": true,
            "isInPlay": false
          },
          {
            "id": 2,
            "steps": 5,
            "isHome": false,
            "isInPlay": true
          },
          {
            "id": 3,
            "steps": 0,
            "isHome": true,
            "isInPlay": false
          }
        ],
        "isOffline": false
      }
    ],
    "selectedPlayerCount": 2,
    "currentPlayer": 0,
    "diceValue": 0,
    "gameStarted": true,
    "timestamp": 1787176034000,
    "playersSeq": 15
  }
}
[2026-08-19T21:47:15.513Z] [LUDO-EVENT] roll-validated {
  "socketId": "GMA4t1iCfuU_meE4AAAZ",
  "gameId": "mt0mfr0yusoa89",
  "by": "67bf1e4009395add03e1e234",
  "value": 3,
  "currentPlayer": 0
}
[2026-08-19T21:47:15.515Z] [LUDO-STATE] game:mt0mfr0yusoa89 {
  "gameId": "mt0mfr0yusoa89",
  "snapshot": {
    "gameId": "mt0mfr0yusoa89",
    "players": [
      {
        "id": 0,
        "name": "Mohammad Ikram",
        "color": "#E53935",
        "avatar": "https://res.cloudinary.com/dz88yjerw/image/upload/v1786061008/y2bgpcmceri6ogm2anvw.png",
        "cover": "https://res.cloudinary.com/dz88yjerw/image/upload/v1780098021/abtk9davy21pzff2x0cd.png",
        "profileId": "67bf1e4009395add03e1e234",
        "isActive": true,
        "pieces": [
          {
            "id": 0,
            "steps": 0,
            "isHome": true,
            "isInPlay": false
          },
          {
            "id": 1,
            "steps": 0,
            "isHome": true,
            "isInPlay": false
          },
          {
            "id": 2,
            "steps": 1,
            "isHome": false,
            "isInPlay": true
          },
          {
            "id": 3,
            "steps": 1,
            "isHome": false,
            "isInPlay": true
          }
        ],
        "isOffline": false
      },
      {
        "id": 1,
        "name": "Md Atik",
        "color": "#43A047",
        "avatar": "https://res.cloudinary.com/dz88yjerw/image/upload/v1779774308/ccut8qllcbmzl6bxx0yy.png",
        "cover": "https://res.cloudinary.com/dz88yjerw/image/upload/v1759779146/gyshxw4n76fbsohz3rcz.jpg",
        "profileId": "67e431d61e4463f7adfa544e",
        "isActive": true,
        "pieces": [
          {
            "id": 0,
            "steps": 0,
            "isHome": true,
            "isInPlay": false
          },
          {
            "id": 1,
            "steps": 0,
            "isHome": true,
            "isInPlay": false
          },
          {
            "id": 2,
            "steps": 5,
            "isHome": false,
            "isInPlay": true
          },
          {
            "id": 3,
            "steps": 0,
            "isHome": true,
            "isInPlay": false
          }
        ],
        "isOffline": false
      }
    ],
    "selectedPlayerCount": 2,
    "currentPlayer": 0,
    "diceValue": 3,
    "gameStarted": true,
    "timestamp": 1787176034000,
    "playersSeq": 15
  }
}
[2026-08-19T21:47:17.177Z] [LUDO-EVENT] move-validated {
  "socketId": "GMA4t1iCfuU_meE4AAAZ",
  "gameId": "mt0mfr0yusoa89",
  "by": "67bf1e4009395add03e1e234",
  "playerIndex": 0,
  "fromSteps": 1,
  "toSteps": 4,
  "rolled": 0
}
[2026-08-19T21:47:17.178Z] [LUDO-STATE] game:mt0mfr0yusoa89 {
  "gameId": "mt0mfr0yusoa89",
  "snapshot": {
    "gameId": "mt0mfr0yusoa89",
    "players": [
      {
        "id": 0,
        "name": "Mohammad Ikram",
        "color": "#E53935",
        "avatar": "https://res.cloudinary.com/dz88yjerw/image/upload/v1786061008/y2bgpcmceri6ogm2anvw.png",
        "cover": "https://res.cloudinary.com/dz88yjerw/image/upload/v1780098021/abtk9davy21pzff2x0cd.png",
        "profileId": "67bf1e4009395add03e1e234",
        "isActive": true,
        "pieces": [
          {
            "id": 0,
            "steps": 0,
            "isHome": true,
            "isInPlay": false
          },
          {
            "id": 1,
            "steps": 0,
            "isHome": true,
            "isInPlay": false
          },
          {
            "id": 2,
            "steps": 1,
            "isHome": false,
            "isInPlay": true
          },
          {
            "id": 3,
            "steps": 1,
            "isHome": false,
            "isInPlay": true
          }
        ],
        "isOffline": false
      },
      {
        "id": 1,
        "name": "Md Atik",
        "color": "#43A047",
        "avatar": "https://res.cloudinary.com/dz88yjerw/image/upload/v1779774308/ccut8qllcbmzl6bxx0yy.png",
        "cover": "https://res.cloudinary.com/dz88yjerw/image/upload/v1759779146/gyshxw4n76fbsohz3rcz.jpg",
        "profileId": "67e431d61e4463f7adfa544e",
        "isActive": true,
        "pieces": [
          {
            "id": 0,
            "steps": 0,
            "isHome": true,
            "isInPlay": false
          },
          {
            "id": 1,
            "steps": 0,
            "isHome": true,
            "isInPlay": false
          },
          {
            "id": 2,
            "steps": 5,
            "isHome": false,
            "isInPlay": true
          },
          {
            "id": 3,
            "steps": 0,
            "isHome": true,
            "isInPlay": false
          }
        ],
        "isOffline": false
      }
    ],
    "selectedPlayerCount": 2,
    "currentPlayer": 0,
    "diceValue": 3,
    "gameStarted": true,
    "timestamp": 1787176034000,
    "playersSeq": 15
  }
}
[2026-08-19T21:47:17.937Z] [LUDO-EVENT] players-snapshot {
  "gameId": "mt0mfr0yusoa89",
  "players": 2,
  "selectedPlayerCount": 2,
  "currentPlayer": 1
}
[2026-08-19T21:47:17.938Z] [LUDO-STATE] game:mt0mfr0yusoa89 {
  "gameId": "mt0mfr0yusoa89",
  "snapshot": {
    "gameId": "mt0mfr0yusoa89",
    "players": [
      {
        "id": 0,
        "name": "Mohammad Ikram",
        "color": "#E53935",
        "avatar": "https://res.cloudinary.com/dz88yjerw/image/upload/v1786061008/y2bgpcmceri6ogm2anvw.png",
        "cover": "https://res.cloudinary.com/dz88yjerw/image/upload/v1780098021/abtk9davy21pzff2x0cd.png",
        "profileId": "67bf1e4009395add03e1e234",
        "isActive": true,
        "pieces": [
          {
            "id": 0,
            "steps": 0,
            "isHome": true,
            "isInPlay": false
          },
          {
            "id": 1,
            "steps": 0,
            "isHome": true,
            "isInPlay": false
          },
          {
            "id": 2,
            "steps": 1,
            "isHome": false,
            "isInPlay": true
          },
          {
            "id": 3,
            "steps": 4,
            "isHome": false,
            "isInPlay": true
          }
        ],
        "isOffline": false
      },
      {
        "id": 1,
        "name": "Md Atik",
        "color": "#43A047",
        "avatar": "https://res.cloudinary.com/dz88yjerw/image/upload/v1779774308/ccut8qllcbmzl6bxx0yy.png",
        "cover": "https://res.cloudinary.com/dz88yjerw/image/upload/v1759779146/gyshxw4n76fbsohz3rcz.jpg",
        "profileId": "67e431d61e4463f7adfa544e",
        "isActive": true,
        "pieces": [
          {
            "id": 0,
            "steps": 0,
            "isHome": true,
            "isInPlay": false
          },
          {
            "id": 1,
            "steps": 0,
            "isHome": true,
            "isInPlay": false
          },
          {
            "id": 2,
            "steps": 5,
            "isHome": false,
            "isInPlay": true
          },
          {
            "id": 3,
            "steps": 0,
            "isHome": true,
            "isInPlay": false
          }
        ],
        "isOffline": false
      }
    ],
    "selectedPlayerCount": 2,
    "currentPlayer": 1,
    "diceValue": 0,
    "gameStarted": true,
    "timestamp": 1787176037932,
    "playersSeq": 16
  }
}
[2026-08-19T21:47:18.138Z] [LUDO-EVENT] players-snapshot {
  "gameId": "mt0mfr0yusoa89",
  "players": 2,
  "selectedPlayerCount": 2,
  "currentPlayer": 1
}
[2026-08-19T21:47:18.139Z] [LUDO-STATE] game:mt0mfr0yusoa89 {
  "gameId": "mt0mfr0yusoa89",
  "snapshot": {
    "gameId": "mt0mfr0yusoa89",
    "players": [
      {
        "id": 0,
        "name": "Mohammad Ikram",
        "color": "#E53935",
        "avatar": "https://res.cloudinary.com/dz88yjerw/image/upload/v1786061008/y2bgpcmceri6ogm2anvw.png",
        "cover": "https://res.cloudinary.com/dz88yjerw/image/upload/v1780098021/abtk9davy21pzff2x0cd.png",
        "profileId": "67bf1e4009395add03e1e234",
        "isActive": true,
        "pieces": [
          {
            "id": 0,
            "steps": 0,
            "isHome": true,
            "isInPlay": false
          },
          {
            "id": 1,
            "steps": 0,
            "isHome": true,
            "isInPlay": false
          },
          {
            "id": 2,
            "steps": 1,
            "isHome": false,
            "isInPlay": true
          },
          {
            "id": 3,
            "steps": 4,
            "isHome": false,
            "isInPlay": true
          }
        ],
        "isOffline": false
      },
      {
        "id": 1,
        "name": "Md Atik",
        "color": "#43A047",
        "avatar": "https://res.cloudinary.com/dz88yjerw/image/upload/v1779774308/ccut8qllcbmzl6bxx0yy.png",
        "cover": "https://res.cloudinary.com/dz88yjerw/image/upload/v1759779146/gyshxw4n76fbsohz3rcz.jpg",
        "profileId": "67e431d61e4463f7adfa544e",
        "isActive": true,
        "pieces": [
          {
            "id": 0,
            "steps": 0,
            "isHome": true,
            "isInPlay": false
          },
          {
            "id": 1,
            "steps": 0,
            "isHome": true,
            "isInPlay": false
          },
          {
            "id": 2,
            "steps": 5,
            "isHome": false,
            "isInPlay": true
          },
          {
            "id": 3,
            "steps": 0,
            "isHome": true,
            "isInPlay": false
          }
        ],
        "isOffline": false
      }
    ],
    "selectedPlayerCount": 2,
    "currentPlayer": 1,
    "diceValue": 0,
    "gameStarted": true,
    "timestamp": 1787176038128,
    "playersSeq": 17
  }
}
[2026-08-19T21:47:18.299Z] [LUDO-EVENT] players-get-response {
  "gameId": "mt0mfr0yusoa89"
}
[2026-08-19T21:47:18.300Z] [LUDO-STATE] game:mt0mfr0yusoa89 {
  "gameId": "mt0mfr0yusoa89",
  "snapshot": {
    "gameId": "mt0mfr0yusoa89",
    "players": [
      {
        "id": 0,
        "name": "Mohammad Ikram",
        "color": "#E53935",
        "avatar": "https://res.cloudinary.com/dz88yjerw/image/upload/v1786061008/y2bgpcmceri6ogm2anvw.png",
        "cover": "https://res.cloudinary.com/dz88yjerw/image/upload/v1780098021/abtk9davy21pzff2x0cd.png",
        "profileId": "67bf1e4009395add03e1e234",
        "isActive": true,
        "pieces": [
          {
            "id": 0,
            "steps": 0,
            "isHome": true,
            "isInPlay": false
          },
          {
            "id": 1,
            "steps": 0,
            "isHome": true,
            "isInPlay": false
          },
          {
            "id": 2,
            "steps": 1,
            "isHome": false,
            "isInPlay": true
          },
          {
            "id": 3,
            "steps": 4,
            "isHome": false,
            "isInPlay": true
          }
        ],
        "isOffline": false
      },
      {
        "id": 1,
        "name": "Md Atik",
        "color": "#43A047",
        "avatar": "https://res.cloudinary.com/dz88yjerw/image/upload/v1779774308/ccut8qllcbmzl6bxx0yy.png",
        "cover": "https://res.cloudinary.com/dz88yjerw/image/upload/v1759779146/gyshxw4n76fbsohz3rcz.jpg",
        "profileId": "67e431d61e4463f7adfa544e",
        "isActive": true,
        "pieces": [
          {
            "id": 0,
            "steps": 0,
            "isHome": true,
            "isInPlay": false
          },
          {
            "id": 1,
            "steps": 0,
            "isHome": true,
            "isInPlay": false
          },
          {
            "id": 2,
            "steps": 5,
            "isHome": false,
            "isInPlay": true
          },
          {
            "id": 3,
            "steps": 0,
            "isHome": true,
            "isInPlay": false
          }
        ],
        "isOffline": false
      }
    ],
    "selectedPlayerCount": 2,
    "currentPlayer": 1,
    "diceValue": 0,
    "gameStarted": true,
    "timestamp": 1787176038128,
    "playersSeq": 17
  }
}
[2026-08-19T21:47:18.465Z] [LUDO-EVENT] players-get-response {
  "gameId": "mt0mfr0yusoa89"
}
[2026-08-19T21:47:18.466Z] [LUDO-STATE] game:mt0mfr0yusoa89 {
  "gameId": "mt0mfr0yusoa89",
  "snapshot": {
    "gameId": "mt0mfr0yusoa89",
    "players": [
      {
        "id": 0,
        "name": "Mohammad Ikram",
        "color": "#E53935",
        "avatar": "https://res.cloudinary.com/dz88yjerw/image/upload/v1786061008/y2bgpcmceri6ogm2anvw.png",
        "cover": "https://res.cloudinary.com/dz88yjerw/image/upload/v1780098021/abtk9davy21pzff2x0cd.png",
        "profileId": "67bf1e4009395add03e1e234",
        "isActive": true,
        "pieces": [
          {
            "id": 0,
            "steps": 0,
            "isHome": true,
            "isInPlay": false
          },
          {
            "id": 1,
            "steps": 0,
            "isHome": true,
            "isInPlay": false
          },
          {
            "id": 2,
            "steps": 1,
            "isHome": false,
            "isInPlay": true
          },
          {
            "id": 3,
            "steps": 4,
            "isHome": false,
            "isInPlay": true
          }
        ],
        "isOffline": false
      },
      {
        "id": 1,
        "name": "Md Atik",
        "color": "#43A047",
        "avatar": "https://res.cloudinary.com/dz88yjerw/image/upload/v1779774308/ccut8qllcbmzl6bxx0yy.png",
        "cover": "https://res.cloudinary.com/dz88yjerw/image/upload/v1759779146/gyshxw4n76fbsohz3rcz.jpg",
        "profileId": "67e431d61e4463f7adfa544e",
        "isActive": true,
        "pieces": [
          {
            "id": 0,
            "steps": 0,
            "isHome": true,
            "isInPlay": false
          },
          {
            "id": 1,
            "steps": 0,
            "isHome": true,
            "isInPlay": false
          },
          {
            "id": 2,
            "steps": 5,
            "isHome": false,
            "isInPlay": true
          },
          {
            "id": 3,
            "steps": 0,
            "isHome": true,
            "isInPlay": false
          }
        ],
        "isOffline": false
      }
    ],
    "selectedPlayerCount": 2,
    "currentPlayer": 1,
    "diceValue": 0,
    "gameStarted": true,
    "timestamp": 1787176038128,
    "playersSeq": 17
  }
}
[2026-08-19T21:47:20.899Z] [LUDO-EVENT] roll-validated {
  "socketId": "OygsR98wfA4lOtazAAAX",
  "gameId": "mt0mfr0yusoa89",
  "by": "67e431d61e4463f7adfa544e",
  "value": 4,
  "currentPlayer": 1
}
[2026-08-19T21:47:20.900Z] [LUDO-STATE] game:mt0mfr0yusoa89 {
  "gameId": "mt0mfr0yusoa89",
  "snapshot": {
    "gameId": "mt0mfr0yusoa89",
    "players": [
      {
        "id": 0,
        "name": "Mohammad Ikram",
        "color": "#E53935",
        "avatar": "https://res.cloudinary.com/dz88yjerw/image/upload/v1786061008/y2bgpcmceri6ogm2anvw.png",
        "cover": "https://res.cloudinary.com/dz88yjerw/image/upload/v1780098021/abtk9davy21pzff2x0cd.png",
        "profileId": "67bf1e4009395add03e1e234",
        "isActive": true,
        "pieces": [
          {
            "id": 0,
            "steps": 0,
            "isHome": true,
            "isInPlay": false
          },
          {
            "id": 1,
            "steps": 0,
            "isHome": true,
            "isInPlay": false
          },
          {
            "id": 2,
            "steps": 1,
            "isHome": false,
            "isInPlay": true
          },
          {
            "id": 3,
            "steps": 4,
            "isHome": false,
            "isInPlay": true
          }
        ],
        "isOffline": false
      },
      {
        "id": 1,
        "name": "Md Atik",
        "color": "#43A047",
        "avatar": "https://res.cloudinary.com/dz88yjerw/image/upload/v1779774308/ccut8qllcbmzl6bxx0yy.png",
        "cover": "https://res.cloudinary.com/dz88yjerw/image/upload/v1759779146/gyshxw4n76fbsohz3rcz.jpg",
        "profileId": "67e431d61e4463f7adfa544e",
        "isActive": true,
        "pieces": [
          {
            "id": 0,
            "steps": 0,
            "isHome": true,
            "isInPlay": false
          },
          {
            "id": 1,
            "steps": 0,
            "isHome": true,
            "isInPlay": false
          },
          {
            "id": 2,
            "steps": 5,
            "isHome": false,
            "isInPlay": true
          },
          {
            "id": 3,
            "steps": 0,
            "isHome": true,
            "isInPlay": false
          }
        ],
        "isOffline": false
      }
    ],
    "selectedPlayerCount": 2,
    "currentPlayer": 1,
    "diceValue": 4,
    "gameStarted": true,
    "timestamp": 1787176038128,
    "playersSeq": 17
  }
}
[2026-08-19T21:47:21.110Z] [LUDO-EVENT] move-validated {
  "socketId": "OygsR98wfA4lOtazAAAX",
  "gameId": "mt0mfr0yusoa89",
  "by": "67e431d61e4463f7adfa544e",
  "playerIndex": 1,
  "fromSteps": 5,
  "toSteps": 9,
  "rolled": 0
}
[2026-08-19T21:47:21.111Z] [LUDO-STATE] game:mt0mfr0yusoa89 {
  "gameId": "mt0mfr0yusoa89",
  "snapshot": {
    "gameId": "mt0mfr0yusoa89",
    "players": [
      {
        "id": 0,
        "name": "Mohammad Ikram",
        "color": "#E53935",
        "avatar": "https://res.cloudinary.com/dz88yjerw/image/upload/v1786061008/y2bgpcmceri6ogm2anvw.png",
        "cover": "https://res.cloudinary.com/dz88yjerw/image/upload/v1780098021/abtk9davy21pzff2x0cd.png",
        "profileId": "67bf1e4009395add03e1e234",
        "isActive": true,
        "pieces": [
          {
            "id": 0,
            "steps": 0,
            "isHome": true,
            "isInPlay": false
          },
          {
            "id": 1,
            "steps": 0,
            "isHome": true,
            "isInPlay": false
          },
          {
            "id": 2,
            "steps": 1,
            "isHome": false,
            "isInPlay": true
          },
          {
            "id": 3,
            "steps": 4,
            "isHome": false,
            "isInPlay": true
          }
        ],
        "isOffline": false
      },
      {
        "id": 1,
        "name": "Md Atik",
        "color": "#43A047",
        "avatar": "https://res.cloudinary.com/dz88yjerw/image/upload/v1779774308/ccut8qllcbmzl6bxx0yy.png",
        "cover": "https://res.cloudinary.com/dz88yjerw/image/upload/v1759779146/gyshxw4n76fbsohz3rcz.jpg",
        "profileId": "67e431d61e4463f7adfa544e",
        "isActive": true,
        "pieces": [
          {
            "id": 0,
            "steps": 0,
            "isHome": true,
            "isInPlay": false
          },
          {
            "id": 1,
            "steps": 0,
            "isHome": true,
            "isInPlay": false
          },
          {
            "id": 2,
            "steps": 5,
            "isHome": false,
            "isInPlay": true
          },
          {
            "id": 3,
            "steps": 0,
            "isHome": true,
            "isInPlay": false
          }
        ],
        "isOffline": false
      }
    ],
    "selectedPlayerCount": 2,
    "currentPlayer": 1,
    "diceValue": 4,
    "gameStarted": true,
    "timestamp": 1787176038128,
    "playersSeq": 17
  }
}
[2026-08-19T21:47:21.315Z] [LUDO-EVENT] players-get-response {
  "gameId": "mt0mfr0yusoa89"
}
[2026-08-19T21:47:21.316Z] [LUDO-STATE] game:mt0mfr0yusoa89 {
  "gameId": "mt0mfr0yusoa89",
  "snapshot": {
    "gameId": "mt0mfr0yusoa89",
    "players": [
      {
        "id": 0,
        "name": "Mohammad Ikram",
        "color": "#E53935",
        "avatar": "https://res.cloudinary.com/dz88yjerw/image/upload/v1786061008/y2bgpcmceri6ogm2anvw.png",
        "cover": "https://res.cloudinary.com/dz88yjerw/image/upload/v1780098021/abtk9davy21pzff2x0cd.png",
        "profileId": "67bf1e4009395add03e1e234",
        "isActive": true,
        "pieces": [
          {
            "id": 0,
            "steps": 0,
            "isHome": true,
            "isInPlay": false
          },
          {
            "id": 1,
            "steps": 0,
            "isHome": true,
            "isInPlay": false
          },
          {
            "id": 2,
            "steps": 1,
            "isHome": false,
            "isInPlay": true
          },
          {
            "id": 3,
            "steps": 4,
            "isHome": false,
            "isInPlay": true
          }
        ],
        "isOffline": false
      },
      {
        "id": 1,
        "name": "Md Atik",
        "color": "#43A047",
        "avatar": "https://res.cloudinary.com/dz88yjerw/image/upload/v1779774308/ccut8qllcbmzl6bxx0yy.png",
        "cover": "https://res.cloudinary.com/dz88yjerw/image/upload/v1759779146/gyshxw4n76fbsohz3rcz.jpg",
        "profileId": "67e431d61e4463f7adfa544e",
        "isActive": true,
        "pieces": [
          {
            "id": 0,
            "steps": 0,
            "isHome": true,
            "isInPlay": false
          },
          {
            "id": 1,
            "steps": 0,
            "isHome": true,
            "isInPlay": false
          },
          {
            "id": 2,
            "steps": 5,
            "isHome": false,
            "isInPlay": true
          },
          {
            "id": 3,
            "steps": 0,
            "isHome": true,
            "isInPlay": false
          }
        ],
        "isOffline": false
      }
    ],
    "selectedPlayerCount": 2,
    "currentPlayer": 1,
    "diceValue": 4,
    "gameStarted": true,
    "timestamp": 1787176038128,
    "playersSeq": 17
  }
}
[2026-08-19T21:47:21.320Z] [LUDO-EVENT] players-snapshot {
  "gameId": "mt0mfr0yusoa89",
  "players": 2,
  "selectedPlayerCount": 2,
  "currentPlayer": 0
}
[2026-08-19T21:47:21.322Z] [LUDO-STATE] game:mt0mfr0yusoa89 {
  "gameId": "mt0mfr0yusoa89",
  "snapshot": {
    "gameId": "mt0mfr0yusoa89",
    "players": [
      {
        "id": 0,
        "name": "Mohammad Ikram",
        "color": "#E53935",
        "avatar": "https://res.cloudinary.com/dz88yjerw/image/upload/v1786061008/y2bgpcmceri6ogm2anvw.png",
        "cover": "https://res.cloudinary.com/dz88yjerw/image/upload/v1780098021/abtk9davy21pzff2x0cd.png",
        "profileId": "67bf1e4009395add03e1e234",
        "isActive": true,
        "pieces": [
          {
            "id": 0,
            "steps": 0,
            "isHome": true,
            "isInPlay": false
          },
          {
            "id": 1,
            "steps": 0,
            "isHome": true,
            "isInPlay": false
          },
          {
            "id": 2,
            "steps": 1,
            "isHome": false,
            "isInPlay": true
          },
          {
            "id": 3,
            "steps": 4,
            "isHome": false,
            "isInPlay": true
          }
        ],
        "isOffline": false
      },
      {
        "id": 1,
        "name": "Md Atik",
        "color": "#43A047",
        "avatar": "https://res.cloudinary.com/dz88yjerw/image/upload/v1779774308/ccut8qllcbmzl6bxx0yy.png",
        "cover": "https://res.cloudinary.com/dz88yjerw/image/upload/v1759779146/gyshxw4n76fbsohz3rcz.jpg",
        "profileId": "67e431d61e4463f7adfa544e",
        "isActive": true,
        "pieces": [
          {
            "id": 0,
            "steps": 0,
            "isHome": true,
            "isInPlay": false
          },
          {
            "id": 1,
            "steps": 0,
            "isHome": true,
            "isInPlay": false
          },
          {
            "id": 2,
            "steps": 9,
            "isHome": false,
            "isInPlay": true
          },
          {
            "id": 3,
            "steps": 0,
            "isHome": true,
            "isInPlay": false
          }
        ],
        "isOffline": false
      }
    ],
    "selectedPlayerCount": 2,
    "currentPlayer": 0,
    "diceValue": 0,
    "gameStarted": true,
    "timestamp": 1787176041255,
    "playersSeq": 18
  }
}
[2026-08-19T21:47:24.234Z] [LUDO-EVENT] players-get-response {
  "gameId": "mt0mfr0yusoa89"
}
[2026-08-19T21:47:24.236Z] [LUDO-STATE] game:mt0mfr0yusoa89 {
  "gameId": "mt0mfr0yusoa89",
  "snapshot": {
    "gameId": "mt0mfr0yusoa89",
    "players": [
      {
        "id": 0,
        "name": "Mohammad Ikram",
        "color": "#E53935",
        "avatar": "https://res.cloudinary.com/dz88yjerw/image/upload/v1786061008/y2bgpcmceri6ogm2anvw.png",
        "cover": "https://res.cloudinary.com/dz88yjerw/image/upload/v1780098021/abtk9davy21pzff2x0cd.png",
        "profileId": "67bf1e4009395add03e1e234",
        "isActive": true,
        "pieces": [
          {
            "id": 0,
            "steps": 0,
            "isHome": true,
            "isInPlay": false
          },
          {
            "id": 1,
            "steps": 0,
            "isHome": true,
            "isInPlay": false
          },
          {
            "id": 2,
            "steps": 1,
            "isHome": false,
            "isInPlay": true
          },
          {
            "id": 3,
            "steps": 4,
            "isHome": false,
            "isInPlay": true
          }
        ],
        "isOffline": false
      },
      {
        "id": 1,
        "name": "Md Atik",
        "color": "#43A047",
        "avatar": "https://res.cloudinary.com/dz88yjerw/image/upload/v1779774308/ccut8qllcbmzl6bxx0yy.png",
        "cover": "https://res.cloudinary.com/dz88yjerw/image/upload/v1759779146/gyshxw4n76fbsohz3rcz.jpg",
        "profileId": "67e431d61e4463f7adfa544e",
        "isActive": true,
        "pieces": [
          {
            "id": 0,
            "steps": 0,
            "isHome": true,
            "isInPlay": false
          },
          {
            "id": 1,
            "steps": 0,
            "isHome": true,
            "isInPlay": false
          },
          {
            "id": 2,
            "steps": 9,
            "isHome": false,
            "isInPlay": true
          },
          {
            "id": 3,
            "steps": 0,
            "isHome": true,
            "isInPlay": false
          }
        ],
        "isOffline": false
      }
    ],
    "selectedPlayerCount": 2,
    "currentPlayer": 0,
    "diceValue": 0,
    "gameStarted": true,
    "timestamp": 1787176041255,
    "playersSeq": 18
  }
}
[2026-08-19T21:47:24.463Z] [LUDO-EVENT] players-get-response {
  "gameId": "mt0mfr0yusoa89"
}
[2026-08-19T21:47:24.464Z] [LUDO-STATE] game:mt0mfr0yusoa89 {
  "gameId": "mt0mfr0yusoa89",
  "snapshot": {
    "gameId": "mt0mfr0yusoa89",
    "players": [
      {
        "id": 0,
        "name": "Mohammad Ikram",
        "color": "#E53935",
        "avatar": "https://res.cloudinary.com/dz88yjerw/image/upload/v1786061008/y2bgpcmceri6ogm2anvw.png",
        "cover": "https://res.cloudinary.com/dz88yjerw/image/upload/v1780098021/abtk9davy21pzff2x0cd.png",
        "profileId": "67bf1e4009395add03e1e234",
        "isActive": true,
        "pieces": [
          {
            "id": 0,
            "steps": 0,
            "isHome": true,
            "isInPlay": false
          },
          {
            "id": 1,
            "steps": 0,
            "isHome": true,
            "isInPlay": false
          },
          {
            "id": 2,
            "steps": 1,
            "isHome": false,
            "isInPlay": true
          },
          {
            "id": 3,
            "steps": 4,
            "isHome": false,
            "isInPlay": true
          }
        ],
        "isOffline": false
      },
      {
        "id": 1,
        "name": "Md Atik",
        "color": "#43A047",
        "avatar": "https://res.cloudinary.com/dz88yjerw/image/upload/v1779774308/ccut8qllcbmzl6bxx0yy.png",
        "cover": "https://res.cloudinary.com/dz88yjerw/image/upload/v1759779146/gyshxw4n76fbsohz3rcz.jpg",
        "profileId": "67e431d61e4463f7adfa544e",
        "isActive": true,
        "pieces": [
          {
            "id": 0,
            "steps": 0,
            "isHome": true,
            "isInPlay": false
          },
          {
            "id": 1,
            "steps": 0,
            "isHome": true,
            "isInPlay": false
          },
          {
            "id": 2,
            "steps": 9,
            "isHome": false,
            "isInPlay": true
          },
          {
            "id": 3,
            "steps": 0,
            "isHome": true,
            "isInPlay": false
          }
        ],
        "isOffline": false
      }
    ],
    "selectedPlayerCount": 2,
    "currentPlayer": 0,
    "diceValue": 0,
    "gameStarted": true,
    "timestamp": 1787176041255,
    "playersSeq": 18
  }
}
[2026-08-19T21:47:28.612Z] [LUDO-EVENT] players-get-response {
  "gameId": "mt0mfr0yusoa89"
}
[2026-08-19T21:47:28.614Z] [LUDO-STATE] game:mt0mfr0yusoa89 {
  "gameId": "mt0mfr0yusoa89",
  "snapshot": {
    "gameId": "mt0mfr0yusoa89",
    "players": [
      {
        "id": 0,
        "name": "Mohammad Ikram",
        "color": "#E53935",
        "avatar": "https://res.cloudinary.com/dz88yjerw/image/upload/v1786061008/y2bgpcmceri6ogm2anvw.png",
        "cover": "https://res.cloudinary.com/dz88yjerw/image/upload/v1780098021/abtk9davy21pzff2x0cd.png",
        "profileId": "67bf1e4009395add03e1e234",
        "isActive": true,
        "pieces": [
          {
            "id": 0,
            "steps": 0,
            "isHome": true,
            "isInPlay": false
          },
          {
            "id": 1,
            "steps": 0,
            "isHome": true,
            "isInPlay": false
          },
          {
            "id": 2,
            "steps": 1,
            "isHome": false,
            "isInPlay": true
          },
          {
            "id": 3,
            "steps": 4,
            "isHome": false,
            "isInPlay": true
          }
        ],
        "isOffline": false
      },
      {
        "id": 1,
        "name": "Md Atik",
        "color": "#43A047",
        "avatar": "https://res.cloudinary.com/dz88yjerw/image/upload/v1779774308/ccut8qllcbmzl6bxx0yy.png",
        "cover": "https://res.cloudinary.com/dz88yjerw/image/upload/v1759779146/gyshxw4n76fbsohz3rcz.jpg",
        "profileId": "67e431d61e4463f7adfa544e",
        "isActive": true,
        "pieces": [
          {
            "id": 0,
            "steps": 0,
            "isHome": true,
            "isInPlay": false
          },
          {
            "id": 1,
            "steps": 0,
            "isHome": true,
            "isInPlay": false
          },
          {
            "id": 2,
            "steps": 9,
            "isHome": false,
            "isInPlay": true
          },
          {
            "id": 3,
            "steps": 0,
            "isHome": true,
            "isInPlay": false
          }
        ],
        "isOffline": false
      }
    ],
    "selectedPlayerCount": 2,
    "currentPlayer": 0,
    "diceValue": 0,
    "gameStarted": true,
    "timestamp": 1787176041255,
    "playersSeq": 18
  }
}
[2026-08-19T21:47:29.336Z] [LUDO-EVENT] roll-validated {
  "socketId": "GMA4t1iCfuU_meE4AAAZ",
  "gameId": "mt0mfr0yusoa89",
  "by": "67bf1e4009395add03e1e234",
  "value": 6,
  "currentPlayer": 0
}
[2026-08-19T21:47:29.337Z] [LUDO-STATE] game:mt0mfr0yusoa89 {
  "gameId": "mt0mfr0yusoa89",
  "snapshot": {
    "gameId": "mt0mfr0yusoa89",
    "players": [
      {
        "id": 0,
        "name": "Mohammad Ikram",
        "color": "#E53935",
        "avatar": "https://res.cloudinary.com/dz88yjerw/image/upload/v1786061008/y2bgpcmceri6ogm2anvw.png",
        "cover": "https://res.cloudinary.com/dz88yjerw/image/upload/v1780098021/abtk9davy21pzff2x0cd.png",
        "profileId": "67bf1e4009395add03e1e234",
        "isActive": true,
        "pieces": [
          {
            "id": 0,
            "steps": 0,
            "isHome": true,
            "isInPlay": false
          },
          {
            "id": 1,
            "steps": 0,
            "isHome": true,
            "isInPlay": false
          },
          {
            "id": 2,
            "steps": 1,
            "isHome": false,
            "isInPlay": true
          },
          {
            "id": 3,
            "steps": 4,
            "isHome": false,
            "isInPlay": true
          }
        ],
        "isOffline": false
      },
      {
        "id": 1,
        "name": "Md Atik",
        "color": "#43A047",
        "avatar": "https://res.cloudinary.com/dz88yjerw/image/upload/v1779774308/ccut8qllcbmzl6bxx0yy.png",
        "cover": "https://res.cloudinary.com/dz88yjerw/image/upload/v1759779146/gyshxw4n76fbsohz3rcz.jpg",
        "profileId": "67e431d61e4463f7adfa544e",
        "isActive": true,
        "pieces": [
          {
            "id": 0,
            "steps": 0,
            "isHome": true,
            "isInPlay": false
          },
          {
            "id": 1,
            "steps": 0,
            "isHome": true,
            "isInPlay": false
          },
          {
            "id": 2,
            "steps": 9,
            "isHome": false,
            "isInPlay": true
          },
          {
            "id": 3,
            "steps": 0,
            "isHome": true,
            "isInPlay": false
          }
        ],
        "isOffline": false
      }
    ],
    "selectedPlayerCount": 2,
    "currentPlayer": 0,
    "diceValue": 6,
    "gameStarted": true,
    "timestamp": 1787176041255,
    "playersSeq": 18
  }
}
[2026-08-19T21:47:30.462Z] [LUDO-EVENT] players-get-response {
  "gameId": "mt0mfr0yusoa89"
}
[2026-08-19T21:47:30.463Z] [LUDO-STATE] game:mt0mfr0yusoa89 {
  "gameId": "mt0mfr0yusoa89",
  "snapshot": {
    "gameId": "mt0mfr0yusoa89",
    "players": [
      {
        "id": 0,
        "name": "Mohammad Ikram",
        "color": "#E53935",
        "avatar": "https://res.cloudinary.com/dz88yjerw/image/upload/v1786061008/y2bgpcmceri6ogm2anvw.png",
        "cover": "https://res.cloudinary.com/dz88yjerw/image/upload/v1780098021/abtk9davy21pzff2x0cd.png",
        "profileId": "67bf1e4009395add03e1e234",
        "isActive": true,
        "pieces": [
          {
            "id": 0,
            "steps": 0,
            "isHome": true,
            "isInPlay": false
          },
          {
            "id": 1,
            "steps": 0,
            "isHome": true,
            "isInPlay": false
          },
          {
            "id": 2,
            "steps": 1,
            "isHome": false,
            "isInPlay": true
          },
          {
            "id": 3,
            "steps": 4,
            "isHome": false,
            "isInPlay": true
          }
        ],
        "isOffline": false
      },
      {
        "id": 1,
        "name": "Md Atik",
        "color": "#43A047",
        "avatar": "https://res.cloudinary.com/dz88yjerw/image/upload/v1779774308/ccut8qllcbmzl6bxx0yy.png",
        "cover": "https://res.cloudinary.com/dz88yjerw/image/upload/v1759779146/gyshxw4n76fbsohz3rcz.jpg",
        "profileId": "67e431d61e4463f7adfa544e",
        "isActive": true,
        "pieces": [
          {
            "id": 0,
            "steps": 0,
            "isHome": true,
            "isInPlay": false
          },
          {
            "id": 1,
            "steps": 0,
            "isHome": true,
            "isInPlay": false
          },
          {
            "id": 2,
            "steps": 9,
            "isHome": false,
            "isInPlay": true
          },
          {
            "id": 3,
            "steps": 0,
            "isHome": true,
            "isInPlay": false
          }
        ],
        "isOffline": false
      }
    ],
    "selectedPlayerCount": 2,
    "currentPlayer": 0,
    "diceValue": 6,
    "gameStarted": true,
    "timestamp": 1787176041255,
    "playersSeq": 18
  }
}
[2026-08-19T21:47:31.029Z] [LUDO-EVENT] move-validated {
  "socketId": "GMA4t1iCfuU_meE4AAAZ",
  "gameId": "mt0mfr0yusoa89",
  "by": "67bf1e4009395add03e1e234",
  "playerIndex": 0,
  "fromSteps": 4,
  "toSteps": 10,
  "rolled": 0
}
[2026-08-19T21:47:31.030Z] [LUDO-STATE] game:mt0mfr0yusoa89 {
  "gameId": "mt0mfr0yusoa89",
  "snapshot": {
    "gameId": "mt0mfr0yusoa89",
    "players": [
      {
        "id": 0,
        "name": "Mohammad Ikram",
        "color": "#E53935",
        "avatar": "https://res.cloudinary.com/dz88yjerw/image/upload/v1786061008/y2bgpcmceri6ogm2anvw.png",
        "cover": "https://res.cloudinary.com/dz88yjerw/image/upload/v1780098021/abtk9davy21pzff2x0cd.png",
        "profileId": "67bf1e4009395add03e1e234",
        "isActive": true,
        "pieces": [
          {
            "id": 0,
            "steps": 0,
            "isHome": true,
            "isInPlay": false
          },
          {
            "id": 1,
            "steps": 0,
            "isHome": true,
            "isInPlay": false
          },
          {
            "id": 2,
            "steps": 1,
            "isHome": false,
            "isInPlay": true
          },
          {
            "id": 3,
            "steps": 4,
            "isHome": false,
            "isInPlay": true
          }
        ],
        "isOffline": false
      },
      {
        "id": 1,
        "name": "Md Atik",
        "color": "#43A047",
        "avatar": "https://res.cloudinary.com/dz88yjerw/image/upload/v1779774308/ccut8qllcbmzl6bxx0yy.png",
        "cover": "https://res.cloudinary.com/dz88yjerw/image/upload/v1759779146/gyshxw4n76fbsohz3rcz.jpg",
        "profileId": "67e431d61e4463f7adfa544e",
        "isActive": true,
        "pieces": [
          {
            "id": 0,
            "steps": 0,
            "isHome": true,
            "isInPlay": false
          },
          {
            "id": 1,
            "steps": 0,
            "isHome": true,
            "isInPlay": false
          },
          {
            "id": 2,
            "steps": 9,
            "isHome": false,
            "isInPlay": true
          },
          {
            "id": 3,
            "steps": 0,
            "isHome": true,
            "isInPlay": false
          }
        ],
        "isOffline": false
      }
    ],
    "selectedPlayerCount": 2,
    "currentPlayer": 0,
    "diceValue": 6,
    "gameStarted": true,
    "timestamp": 1787176041255,
    "playersSeq": 18
  }
}
[2026-08-19T21:47:31.613Z] [LUDO-EVENT] players-get-response {
  "gameId": "mt0mfr0yusoa89"
}
[2026-08-19T21:47:31.614Z] [LUDO-STATE] game:mt0mfr0yusoa89 {
  "gameId": "mt0mfr0yusoa89",
  "snapshot": {
    "gameId": "mt0mfr0yusoa89",
    "players": [
      {
        "id": 0,
        "name": "Mohammad Ikram",
        "color": "#E53935",
        "avatar": "https://res.cloudinary.com/dz88yjerw/image/upload/v1786061008/y2bgpcmceri6ogm2anvw.png",
        "cover": "https://res.cloudinary.com/dz88yjerw/image/upload/v1780098021/abtk9davy21pzff2x0cd.png",
        "profileId": "67bf1e4009395add03e1e234",
        "isActive": true,
        "pieces": [
          {
            "id": 0,
            "steps": 0,
            "isHome": true,
            "isInPlay": false
          },
          {
            "id": 1,
            "steps": 0,
            "isHome": true,
            "isInPlay": false
          },
          {
            "id": 2,
            "steps": 1,
            "isHome": false,
            "isInPlay": true
          },
          {
            "id": 3,
            "steps": 4,
            "isHome": false,
            "isInPlay": true
          }
        ],
        "isOffline": false
      },
      {
        "id": 1,
        "name": "Md Atik",
        "color": "#43A047",
        "avatar": "https://res.cloudinary.com/dz88yjerw/image/upload/v1779774308/ccut8qllcbmzl6bxx0yy.png",
        "cover": "https://res.cloudinary.com/dz88yjerw/image/upload/v1759779146/gyshxw4n76fbsohz3rcz.jpg",
        "profileId": "67e431d61e4463f7adfa544e",
        "isActive": true,
        "pieces": [
          {
            "id": 0,
            "steps": 0,
            "isHome": true,
            "isInPlay": false
          },
          {
            "id": 1,
            "steps": 0,
            "isHome": true,
            "isInPlay": false
          },
          {
            "id": 2,
            "steps": 9,
            "isHome": false,
            "isInPlay": true
          },
          {
            "id": 3,
            "steps": 0,
            "isHome": true,
            "isInPlay": false
          }
        ],
        "isOffline": false
      }
    ],
    "selectedPlayerCount": 2,
    "currentPlayer": 0,
    "diceValue": 6,
    "gameStarted": true,
    "timestamp": 1787176041255,
    "playersSeq": 18
  }
}
[2026-08-19T21:47:32.151Z] [LUDO-EVENT] players-snapshot {
  "gameId": "mt0mfr0yusoa89",
  "players": 2,
  "selectedPlayerCount": 2,
  "currentPlayer": 0
}
[2026-08-19T21:47:32.152Z] [LUDO-STATE] game:mt0mfr0yusoa89 {
  "gameId": "mt0mfr0yusoa89",
  "snapshot": {
    "gameId": "mt0mfr0yusoa89",
    "players": [
      {
        "id": 0,
        "name": "Mohammad Ikram",
        "color": "#E53935",
        "avatar": "https://res.cloudinary.com/dz88yjerw/image/upload/v1786061008/y2bgpcmceri6ogm2anvw.png",
        "cover": "https://res.cloudinary.com/dz88yjerw/image/upload/v1780098021/abtk9davy21pzff2x0cd.png",
        "profileId": "67bf1e4009395add03e1e234",
        "isActive": true,
        "pieces": [
          {
            "id": 0,
            "steps": 0,
            "isHome": true,
            "isInPlay": false
          },
          {
            "id": 1,
            "steps": 0,
            "isHome": true,
            "isInPlay": false
          },
          {
            "id": 2,
            "steps": 1,
            "isHome": false,
            "isInPlay": true
          },
          {
            "id": 3,
            "steps": 10,
            "isHome": false,
            "isInPlay": true
          }
        ],
        "isOffline": false
      },
      {
        "id": 1,
        "name": "Md Atik",
        "color": "#43A047",
        "avatar": "https://res.cloudinary.com/dz88yjerw/image/upload/v1779774308/ccut8qllcbmzl6bxx0yy.png",
        "cover": "https://res.cloudinary.com/dz88yjerw/image/upload/v1759779146/gyshxw4n76fbsohz3rcz.jpg",
        "profileId": "67e431d61e4463f7adfa544e",
        "isActive": true,
        "pieces": [
          {
            "id": 0,
            "steps": 0,
            "isHome": true,
            "isInPlay": false
          },
          {
            "id": 1,
            "steps": 0,
            "isHome": true,
            "isInPlay": false
          },
          {
            "id": 2,
            "steps": 9,
            "isHome": false,
            "isInPlay": true
          },
          {
            "id": 3,
            "steps": 0,
            "isHome": true,
            "isInPlay": false
          }
        ],
        "isOffline": false
      }
    ],
    "selectedPlayerCount": 2,
    "currentPlayer": 0,
    "diceValue": 0,
    "gameStarted": true,
    "timestamp": 1787176052134,
    "playersSeq": 19
  }
}
[2026-08-19T21:47:32.428Z] [LUDO-EVENT] players-snapshot {
  "gameId": "mt0mfr0yusoa89",
  "players": 2,
  "selectedPlayerCount": 2,
  "currentPlayer": 0
}
[2026-08-19T21:47:32.430Z] [LUDO-STATE] game:mt0mfr0yusoa89 {
  "gameId": "mt0mfr0yusoa89",
  "snapshot": {
    "gameId": "mt0mfr0yusoa89",
    "players": [
      {
        "id": 0,
        "name": "Mohammad Ikram",
        "color": "#E53935",
        "avatar": "https://res.cloudinary.com/dz88yjerw/image/upload/v1786061008/y2bgpcmceri6ogm2anvw.png",
        "cover": "https://res.cloudinary.com/dz88yjerw/image/upload/v1780098021/abtk9davy21pzff2x0cd.png",
        "profileId": "67bf1e4009395add03e1e234",
        "isActive": true,
        "pieces": [
          {
            "id": 0,
            "steps": 0,
            "isHome": true,
            "isInPlay": false
          },
          {
            "id": 1,
            "steps": 0,
            "isHome": true,
            "isInPlay": false
          },
          {
            "id": 2,
            "steps": 1,
            "isHome": false,
            "isInPlay": true
          },
          {
            "id": 3,
            "steps": 10,
            "isHome": false,
            "isInPlay": true
          }
        ],
        "isOffline": false
      },
      {
        "id": 1,
        "name": "Md Atik",
        "color": "#43A047",
        "avatar": "https://res.cloudinary.com/dz88yjerw/image/upload/v1779774308/ccut8qllcbmzl6bxx0yy.png",
        "cover": "https://res.cloudinary.com/dz88yjerw/image/upload/v1759779146/gyshxw4n76fbsohz3rcz.jpg",
        "profileId": "67e431d61e4463f7adfa544e",
        "isActive": true,
        "pieces": [
          {
            "id": 0,
            "steps": 0,
            "isHome": true,
            "isInPlay": false
          },
          {
            "id": 1,
            "steps": 0,
            "isHome": true,
            "isInPlay": false
          },
          {
            "id": 2,
            "steps": 9,
            "isHome": false,
            "isInPlay": true
          },
          {
            "id": 3,
            "steps": 0,
            "isHome": true,
            "isInPlay": false
          }
        ],
        "isOffline": false
      }
    ],
    "selectedPlayerCount": 2,
    "currentPlayer": 0,
    "diceValue": 0,
    "gameStarted": true,
    "timestamp": 1787176052427,
    "playersSeq": 20
  }
}
[2026-08-19T21:47:33.463Z] [LUDO-EVENT] players-get-response {
  "gameId": "mt0mfr0yusoa89"
}
[2026-08-19T21:47:33.463Z] [LUDO-STATE] game:mt0mfr0yusoa89 {
  "gameId": "mt0mfr0yusoa89",
  "snapshot": {
    "gameId": "mt0mfr0yusoa89",
    "players": [
      {
        "id": 0,
        "name": "Mohammad Ikram",
        "color": "#E53935",
        "avatar": "https://res.cloudinary.com/dz88yjerw/image/upload/v1786061008/y2bgpcmceri6ogm2anvw.png",
        "cover": "https://res.cloudinary.com/dz88yjerw/image/upload/v1780098021/abtk9davy21pzff2x0cd.png",
        "profileId": "67bf1e4009395add03e1e234",
        "isActive": true,
        "pieces": [
          {
            "id": 0,
            "steps": 0,
            "isHome": true,
            "isInPlay": false
          },
          {
            "id": 1,
            "steps": 0,
            "isHome": true,
            "isInPlay": false
          },
          {
            "id": 2,
            "steps": 1,
            "isHome": false,
            "isInPlay": true
          },
          {
            "id": 3,
            "steps": 10,
            "isHome": false,
            "isInPlay": true
          }
        ],
        "isOffline": false
      },
      {
        "id": 1,
        "name": "Md Atik",
        "color": "#43A047",
        "avatar": "https://res.cloudinary.com/dz88yjerw/image/upload/v1779774308/ccut8qllcbmzl6bxx0yy.png",
        "cover": "https://res.cloudinary.com/dz88yjerw/image/upload/v1759779146/gyshxw4n76fbsohz3rcz.jpg",
        "profileId": "67e431d61e4463f7adfa544e",
        "isActive": true,
        "pieces": [
          {
            "id": 0,
            "steps": 0,
            "isHome": true,
            "isInPlay": false
          },
          {
            "id": 1,
            "steps": 0,
            "isHome": true,
            "isInPlay": false
          },
          {
            "id": 2,
            "steps": 9,
            "isHome": false,
            "isInPlay": true
          },
          {
            "id": 3,
            "steps": 0,
            "isHome": true,
            "isInPlay": false
          }
        ],
        "isOffline": false
      }
    ],
    "selectedPlayerCount": 2,
    "currentPlayer": 0,
    "diceValue": 0,
    "gameStarted": true,
    "timestamp": 1787176052427,
    "playersSeq": 20
  }
}
[2026-08-19T21:47:35.209Z] [LUDO-EVENT] players-get-response {
  "gameId": "mt0mfr0yusoa89"
}
[2026-08-19T21:47:35.210Z] [LUDO-STATE] game:mt0mfr0yusoa89 {
  "gameId": "mt0mfr0yusoa89",
  "snapshot": {
    "gameId": "mt0mfr0yusoa89",
    "players": [
      {
        "id": 0,
        "name": "Mohammad Ikram",
        "color": "#E53935",
        "avatar": "https://res.cloudinary.com/dz88yjerw/image/upload/v1786061008/y2bgpcmceri6ogm2anvw.png",
        "cover": "https://res.cloudinary.com/dz88yjerw/image/upload/v1780098021/abtk9davy21pzff2x0cd.png",
        "profileId": "67bf1e4009395add03e1e234",
        "isActive": true,
        "pieces": [
          {
            "id": 0,
            "steps": 0,
            "isHome": true,
            "isInPlay": false
          },
          {
            "id": 1,
            "steps": 0,
            "isHome": true,
            "isInPlay": false
          },
          {
            "id": 2,
            "steps": 1,
            "isHome": false,
            "isInPlay": true
          },
          {
            "id": 3,
            "steps": 10,
            "isHome": false,
            "isInPlay": true
          }
        ],
        "isOffline": false
      },
      {
        "id": 1,
        "name": "Md Atik",
        "color": "#43A047",
        "avatar": "https://res.cloudinary.com/dz88yjerw/image/upload/v1779774308/ccut8qllcbmzl6bxx0yy.png",
        "cover": "https://res.cloudinary.com/dz88yjerw/image/upload/v1759779146/gyshxw4n76fbsohz3rcz.jpg",
        "profileId": "67e431d61e4463f7adfa544e",
        "isActive": true,
        "pieces": [
          {
            "id": 0,
            "steps": 0,
            "isHome": true,
            "isInPlay": false
          },
          {
            "id": 1,
            "steps": 0,
            "isHome": true,
            "isInPlay": false
          },
          {
            "id": 2,
            "steps": 9,
            "isHome": false,
            "isInPlay": true
          },
          {
            "id": 3,
            "steps": 0,
            "isHome": true,
            "isInPlay": false
          }
        ],
        "isOffline": false
      }
    ],
    "selectedPlayerCount": 2,
    "currentPlayer": 0,
    "diceValue": 0,
    "gameStarted": true,
    "timestamp": 1787176052427,
    "playersSeq": 20
  }
}
[2026-08-19T21:47:35.922Z] [LUDO-EVENT] roll-validated {
  "socketId": "GMA4t1iCfuU_meE4AAAZ",
  "gameId": "mt0mfr0yusoa89",
  "by": "67bf1e4009395add03e1e234",
  "value": 5,
  "currentPlayer": 0
}
[2026-08-19T21:47:35.923Z] [LUDO-STATE] game:mt0mfr0yusoa89 {
  "gameId": "mt0mfr0yusoa89",
  "snapshot": {
    "gameId": "mt0mfr0yusoa89",
    "players": [
      {
        "id": 0,
        "name": "Mohammad Ikram",
        "color": "#E53935",
        "avatar": "https://res.cloudinary.com/dz88yjerw/image/upload/v1786061008/y2bgpcmceri6ogm2anvw.png",
        "cover": "https://res.cloudinary.com/dz88yjerw/image/upload/v1780098021/abtk9davy21pzff2x0cd.png",
        "profileId": "67bf1e4009395add03e1e234",
        "isActive": true,
        "pieces": [
          {
            "id": 0,
            "steps": 0,
            "isHome": true,
            "isInPlay": false
          },
          {
            "id": 1,
            "steps": 0,
            "isHome": true,
            "isInPlay": false
          },
          {
            "id": 2,
            "steps": 1,
            "isHome": false,
            "isInPlay": true
          },
          {
            "id": 3,
            "steps": 10,
            "isHome": false,
            "isInPlay": true
          }
        ],
        "isOffline": false
      },
      {
        "id": 1,
        "name": "Md Atik",
        "color": "#43A047",
        "avatar": "https://res.cloudinary.com/dz88yjerw/image/upload/v1779774308/ccut8qllcbmzl6bxx0yy.png",
        "cover": "https://res.cloudinary.com/dz88yjerw/image/upload/v1759779146/gyshxw4n76fbsohz3rcz.jpg",
        "profileId": "67e431d61e4463f7adfa544e",
        "isActive": true,
        "pieces": [
          {
            "id": 0,
            "steps": 0,
            "isHome": true,
            "isInPlay": false
          },
          {
            "id": 1,
            "steps": 0,
            "isHome": true,
            "isInPlay": false
          },
          {
            "id": 2,
            "steps": 9,
            "isHome": false,
            "isInPlay": true
          },
          {
            "id": 3,
            "steps": 0,
            "isHome": true,
            "isInPlay": false
          }
        ],
        "isOffline": false
      }
    ],
    "selectedPlayerCount": 2,
    "currentPlayer": 0,
    "diceValue": 5,
    "gameStarted": true,
    "timestamp": 1787176052427,
    "playersSeq": 20
  }
}
[2026-08-19T21:47:36.464Z] [LUDO-EVENT] players-get-response {
  "gameId": "mt0mfr0yusoa89"
}
[2026-08-19T21:47:36.465Z] [LUDO-STATE] game:mt0mfr0yusoa89 {
  "gameId": "mt0mfr0yusoa89",
  "snapshot": {
    "gameId": "mt0mfr0yusoa89",
    "players": [
      {
        "id": 0,
        "name": "Mohammad Ikram",
        "color": "#E53935",
        "avatar": "https://res.cloudinary.com/dz88yjerw/image/upload/v1786061008/y2bgpcmceri6ogm2anvw.png",
        "cover": "https://res.cloudinary.com/dz88yjerw/image/upload/v1780098021/abtk9davy21pzff2x0cd.png",
        "profileId": "67bf1e4009395add03e1e234",
        "isActive": true,
        "pieces": [
          {
            "id": 0,
            "steps": 0,
            "isHome": true,
            "isInPlay": false
          },
          {
            "id": 1,
            "steps": 0,
            "isHome": true,
            "isInPlay": false
          },
          {
            "id": 2,
            "steps": 1,
            "isHome": false,
            "isInPlay": true
          },
          {
            "id": 3,
            "steps": 10,
            "isHome": false,
            "isInPlay": true
          }
        ],
        "isOffline": false
      },
      {
        "id": 1,
        "name": "Md Atik",
        "color": "#43A047",
        "avatar": "https://res.cloudinary.com/dz88yjerw/image/upload/v1779774308/ccut8qllcbmzl6bxx0yy.png",
        "cover": "https://res.cloudinary.com/dz88yjerw/image/upload/v1759779146/gyshxw4n76fbsohz3rcz.jpg",
        "profileId": "67e431d61e4463f7adfa544e",
        "isActive": true,
        "pieces": [
          {
            "id": 0,
            "steps": 0,
            "isHome": true,
            "isInPlay": false
          },
          {
            "id": 1,
            "steps": 0,
            "isHome": true,
            "isInPlay": false
          },
          {
            "id": 2,
            "steps": 9,
            "isHome": false,
            "isInPlay": true
          },
          {
            "id": 3,
            "steps": 0,
            "isHome": true,
            "isInPlay": false
          }
        ],
        "isOffline": false
      }
    ],
    "selectedPlayerCount": 2,
    "currentPlayer": 0,
    "diceValue": 5,
    "gameStarted": true,
    "timestamp": 1787176052427,
    "playersSeq": 20
  }
}
[2026-08-19T21:47:37.672Z] [LUDO-EVENT] move-validated {
  "socketId": "GMA4t1iCfuU_meE4AAAZ",
  "gameId": "mt0mfr0yusoa89",
  "by": "67bf1e4009395add03e1e234",
  "playerIndex": 0,
  "fromSteps": 10,
  "toSteps": 15,
  "rolled": 0
}
[2026-08-19T21:47:37.674Z] [LUDO-STATE] game:mt0mfr0yusoa89 {
  "gameId": "mt0mfr0yusoa89",
  "snapshot": {
    "gameId": "mt0mfr0yusoa89",
    "players": [
      {
        "id": 0,
        "name": "Mohammad Ikram",
        "color": "#E53935",
        "avatar": "https://res.cloudinary.com/dz88yjerw/image/upload/v1786061008/y2bgpcmceri6ogm2anvw.png",
        "cover": "https://res.cloudinary.com/dz88yjerw/image/upload/v1780098021/abtk9davy21pzff2x0cd.png",
        "profileId": "67bf1e4009395add03e1e234",
        "isActive": true,
        "pieces": [
          {
            "id": 0,
            "steps": 0,
            "isHome": true,
            "isInPlay": false
          },
          {
            "id": 1,
            "steps": 0,
            "isHome": true,
            "isInPlay": false
          },
          {
            "id": 2,
            "steps": 1,
            "isHome": false,
            "isInPlay": true
          },
          {
            "id": 3,
            "steps": 10,
            "isHome": false,
            "isInPlay": true
          }
        ],
        "isOffline": false
      },
      {
        "id": 1,
        "name": "Md Atik",
        "color": "#43A047",
        "avatar": "https://res.cloudinary.com/dz88yjerw/image/upload/v1779774308/ccut8qllcbmzl6bxx0yy.png",
        "cover": "https://res.cloudinary.com/dz88yjerw/image/upload/v1759779146/gyshxw4n76fbsohz3rcz.jpg",
        "profileId": "67e431d61e4463f7adfa544e",
        "isActive": true,
        "pieces": [
          {
            "id": 0,
            "steps": 0,
            "isHome": true,
            "isInPlay": false
          },
          {
            "id": 1,
            "steps": 0,
            "isHome": true,
            "isInPlay": false
          },
          {
            "id": 2,
            "steps": 9,
            "isHome": false,
            "isInPlay": true
          },
          {
            "id": 3,
            "steps": 0,
            "isHome": true,
            "isInPlay": false
          }
        ],
        "isOffline": false
      }
    ],
    "selectedPlayerCount": 2,
    "currentPlayer": 0,
    "diceValue": 5,
    "gameStarted": true,
    "timestamp": 1787176052427,
    "playersSeq": 20
  }
}
[2026-08-19T21:47:38.209Z] [LUDO-EVENT] players-get-response {
  "gameId": "mt0mfr0yusoa89"
}
[2026-08-19T21:47:38.210Z] [LUDO-STATE] game:mt0mfr0yusoa89 {
  "gameId": "mt0mfr0yusoa89",
  "snapshot": {
    "gameId": "mt0mfr0yusoa89",
    "players": [
      {
        "id": 0,
        "name": "Mohammad Ikram",
        "color": "#E53935",
        "avatar": "https://res.cloudinary.com/dz88yjerw/image/upload/v1786061008/y2bgpcmceri6ogm2anvw.png",
        "cover": "https://res.cloudinary.com/dz88yjerw/image/upload/v1780098021/abtk9davy21pzff2x0cd.png",
        "profileId": "67bf1e4009395add03e1e234",
        "isActive": true,
        "pieces": [
          {
            "id": 0,
            "steps": 0,
            "isHome": true,
            "isInPlay": false
          },
          {
            "id": 1,
            "steps": 0,
            "isHome": true,
            "isInPlay": false
          },
          {
            "id": 2,
            "steps": 1,
            "isHome": false,
            "isInPlay": true
          },
          {
            "id": 3,
            "steps": 10,
            "isHome": false,
            "isInPlay": true
          }
        ],
        "isOffline": false
      },
      {
        "id": 1,
        "name": "Md Atik",
        "color": "#43A047",
        "avatar": "https://res.cloudinary.com/dz88yjerw/image/upload/v1779774308/ccut8qllcbmzl6bxx0yy.png",
        "cover": "https://res.cloudinary.com/dz88yjerw/image/upload/v1759779146/gyshxw4n76fbsohz3rcz.jpg",
        "profileId": "67e431d61e4463f7adfa544e",
        "isActive": true,
        "pieces": [
          {
            "id": 0,
            "steps": 0,
            "isHome": true,
            "isInPlay": false
          },
          {
            "id": 1,
            "steps": 0,
            "isHome": true,
            "isInPlay": false
          },
          {
            "id": 2,
            "steps": 9,
            "isHome": false,
            "isInPlay": true
          },
          {
            "id": 3,
            "steps": 0,
            "isHome": true,
            "isInPlay": false
          }
        ],
        "isOffline": false
      }
    ],
    "selectedPlayerCount": 2,
    "currentPlayer": 0,
    "diceValue": 5,
    "gameStarted": true,
    "timestamp": 1787176052427,
    "playersSeq": 20
  }
}
[2026-08-19T21:47:38.827Z] [LUDO-EVENT] players-snapshot {
  "gameId": "mt0mfr0yusoa89",
  "players": 2,
  "selectedPlayerCount": 2,
  "currentPlayer": 1
}
[2026-08-19T21:47:38.828Z] [LUDO-STATE] game:mt0mfr0yusoa89 {
  "gameId": "mt0mfr0yusoa89",
  "snapshot": {
    "gameId": "mt0mfr0yusoa89",
    "players": [
      {
        "id": 0,
        "name": "Mohammad Ikram",
        "color": "#E53935",
        "avatar": "https://res.cloudinary.com/dz88yjerw/image/upload/v1786061008/y2bgpcmceri6ogm2anvw.png",
        "cover": "https://res.cloudinary.com/dz88yjerw/image/upload/v1780098021/abtk9davy21pzff2x0cd.png",
        "profileId": "67bf1e4009395add03e1e234",
        "isActive": true,
        "pieces": [
          {
            "id": 0,
            "steps": 0,
            "isHome": true,
            "isInPlay": false
          },
          {
            "id": 1,
            "steps": 0,
            "isHome": true,
            "isInPlay": false
          },
          {
            "id": 2,
            "steps": 1,
            "isHome": false,
            "isInPlay": true
          },
          {
            "id": 3,
            "steps": 15,
            "isHome": false,
            "isInPlay": true
          }
        ],
        "isOffline": false
      },
      {
        "id": 1,
        "name": "Md Atik",
        "color": "#43A047",
        "avatar": "https://res.cloudinary.com/dz88yjerw/image/upload/v1779774308/ccut8qllcbmzl6bxx0yy.png",
        "cover": "https://res.cloudinary.com/dz88yjerw/image/upload/v1759779146/gyshxw4n76fbsohz3rcz.jpg",
        "profileId": "67e431d61e4463f7adfa544e",
        "isActive": true,
        "pieces": [
          {
            "id": 0,
            "steps": 0,
            "isHome": true,
            "isInPlay": false
          },
          {
            "id": 1,
            "steps": 0,
            "isHome": true,
            "isInPlay": false
          },
          {
            "id": 2,
            "steps": 9,
            "isHome": false,
            "isInPlay": true
          },
          {
            "id": 3,
            "steps": 0,
            "isHome": true,
            "isInPlay": false
          }
        ],
        "isOffline": false
      }
    ],
    "selectedPlayerCount": 2,
    "currentPlayer": 1,
    "diceValue": 0,
    "gameStarted": true,
    "timestamp": 1787176058768,
    "playersSeq": 21
  }
}
[2026-08-19T21:47:39.035Z] [LUDO-EVENT] players-snapshot {
  "gameId": "mt0mfr0yusoa89",
  "players": 2,
  "selectedPlayerCount": 2,
  "currentPlayer": 1
}
[2026-08-19T21:47:39.035Z] [LUDO-STATE] game:mt0mfr0yusoa89 {
  "gameId": "mt0mfr0yusoa89",
  "snapshot": {
    "gameId": "mt0mfr0yusoa89",
    "players": [
      {
        "id": 0,
        "name": "Mohammad Ikram",
        "color": "#E53935",
        "avatar": "https://res.cloudinary.com/dz88yjerw/image/upload/v1786061008/y2bgpcmceri6ogm2anvw.png",
        "cover": "https://res.cloudinary.com/dz88yjerw/image/upload/v1780098021/abtk9davy21pzff2x0cd.png",
        "profileId": "67bf1e4009395add03e1e234",
        "isActive": true,
        "pieces": [
          {
            "id": 0,
            "steps": 0,
            "isHome": true,
            "isInPlay": false
          },
          {
            "id": 1,
            "steps": 0,
            "isHome": true,
            "isInPlay": false
          },
          {
            "id": 2,
            "steps": 1,
            "isHome": false,
            "isInPlay": true
          },
          {
            "id": 3,
            "steps": 15,
            "isHome": false,
            "isInPlay": true
          }
        ],
        "isOffline": false
      },
      {
        "id": 1,
        "name": "Md Atik",
        "color": "#43A047",
        "avatar": "https://res.cloudinary.com/dz88yjerw/image/upload/v1779774308/ccut8qllcbmzl6bxx0yy.png",
        "cover": "https://res.cloudinary.com/dz88yjerw/image/upload/v1759779146/gyshxw4n76fbsohz3rcz.jpg",
        "profileId": "67e431d61e4463f7adfa544e",
        "isActive": true,
        "pieces": [
          {
            "id": 0,
            "steps": 0,
            "isHome": true,
            "isInPlay": false
          },
          {
            "id": 1,
            "steps": 0,
            "isHome": true,
            "isInPlay": false
          },
          {
            "id": 2,
            "steps": 9,
            "isHome": false,
            "isInPlay": true
          },
          {
            "id": 3,
            "steps": 0,
            "isHome": true,
            "isInPlay": false
          }
        ],
        "isOffline": false
      }
    ],
    "selectedPlayerCount": 2,
    "currentPlayer": 1,
    "diceValue": 0,
    "gameStarted": true,
    "timestamp": 1787176058947,
    "playersSeq": 22
  }
}
[2026-08-19T21:47:41.211Z] [LUDO-EVENT] players-get-response {
  "gameId": "mt0mfr0yusoa89"
}
[2026-08-19T21:47:41.212Z] [LUDO-STATE] game:mt0mfr0yusoa89 {
  "gameId": "mt0mfr0yusoa89",
  "snapshot": {
    "gameId": "mt0mfr0yusoa89",
    "players": [
      {
        "id": 0,
        "name": "Mohammad Ikram",
        "color": "#E53935",
        "avatar": "https://res.cloudinary.com/dz88yjerw/image/upload/v1786061008/y2bgpcmceri6ogm2anvw.png",
        "cover": "https://res.cloudinary.com/dz88yjerw/image/upload/v1780098021/abtk9davy21pzff2x0cd.png",
        "profileId": "67bf1e4009395add03e1e234",
        "isActive": true,
        "pieces": [
          {
            "id": 0,
            "steps": 0,
            "isHome": true,
            "isInPlay": false
          },
          {
            "id": 1,
            "steps": 0,
            "isHome": true,
            "isInPlay": false
          },
          {
            "id": 2,
            "steps": 1,
            "isHome": false,
            "isInPlay": true
          },
          {
            "id": 3,
            "steps": 15,
            "isHome": false,
            "isInPlay": true
          }
        ],
        "isOffline": false
      },
      {
        "id": 1,
        "name": "Md Atik",
        "color": "#43A047",
        "avatar": "https://res.cloudinary.com/dz88yjerw/image/upload/v1779774308/ccut8qllcbmzl6bxx0yy.png",
        "cover": "https://res.cloudinary.com/dz88yjerw/image/upload/v1759779146/gyshxw4n76fbsohz3rcz.jpg",
        "profileId": "67e431d61e4463f7adfa544e",
        "isActive": true,
        "pieces": [
          {
            "id": 0,
            "steps": 0,
            "isHome": true,
            "isInPlay": false
          },
          {
            "id": 1,
            "steps": 0,
            "isHome": true,
            "isInPlay": false
          },
          {
            "id": 2,
            "steps": 9,
            "isHome": false,
            "isInPlay": true
          },
          {
            "id": 3,
            "steps": 0,
            "isHome": true,
            "isInPlay": false
          }
        ],
        "isOffline": false
      }
    ],
    "selectedPlayerCount": 2,
    "currentPlayer": 1,
    "diceValue": 0,
    "gameStarted": true,
    "timestamp": 1787176058947,
    "playersSeq": 22
  }
}
[2026-08-19T21:47:42.487Z] [LUDO-EVENT] players-get-response {
  "gameId": "mt0mfr0yusoa89"
}
[2026-08-19T21:47:42.487Z] [LUDO-STATE] game:mt0mfr0yusoa89 {
  "gameId": "mt0mfr0yusoa89",
  "snapshot": {
    "gameId": "mt0mfr0yusoa89",
    "players": [
      {
        "id": 0,
        "name": "Mohammad Ikram",
        "color": "#E53935",
        "avatar": "https://res.cloudinary.com/dz88yjerw/image/upload/v1786061008/y2bgpcmceri6ogm2anvw.png",
        "cover": "https://res.cloudinary.com/dz88yjerw/image/upload/v1780098021/abtk9davy21pzff2x0cd.png",
        "profileId": "67bf1e4009395add03e1e234",
        "isActive": true,
        "pieces": [
          {
            "id": 0,
            "steps": 0,
            "isHome": true,
            "isInPlay": false
          },
          {
            "id": 1,
            "steps": 0,
            "isHome": true,
            "isInPlay": false
          },
          {
            "id": 2,
            "steps": 1,
            "isHome": false,
            "isInPlay": true
          },
          {
            "id": 3,
            "steps": 15,
            "isHome": false,
            "isInPlay": true
          }
        ],
        "isOffline": false
      },
      {
        "id": 1,
        "name": "Md Atik",
        "color": "#43A047",
        "avatar": "https://res.cloudinary.com/dz88yjerw/image/upload/v1779774308/ccut8qllcbmzl6bxx0yy.png",
        "cover": "https://res.cloudinary.com/dz88yjerw/image/upload/v1759779146/gyshxw4n76fbsohz3rcz.jpg",
        "profileId": "67e431d61e4463f7adfa544e",
        "isActive": true,
        "pieces": [
          {
            "id": 0,
            "steps": 0,
            "isHome": true,
            "isInPlay": false
          },
          {
            "id": 1,
            "steps": 0,
            "isHome": true,
            "isInPlay": false
          },
          {
            "id": 2,
            "steps": 9,
            "isHome": false,
            "isInPlay": true
          },
          {
            "id": 3,
            "steps": 0,
            "isHome": true,
            "isInPlay": false
          }
        ],
        "isOffline": false
      }
    ],
    "selectedPlayerCount": 2,
    "currentPlayer": 1,
    "diceValue": 0,
    "gameStarted": true,
    "timestamp": 1787176058947,
    "playersSeq": 22
  }
}
[2026-08-19T21:47:42.657Z] [LUDO-EVENT] roll-validated {
  "socketId": "OygsR98wfA4lOtazAAAX",
  "gameId": "mt0mfr0yusoa89",
  "by": "67e431d61e4463f7adfa544e",
  "value": 6,
  "currentPlayer": 1
}
[2026-08-19T21:47:42.658Z] [LUDO-STATE] game:mt0mfr0yusoa89 {
  "gameId": "mt0mfr0yusoa89",
  "snapshot": {
    "gameId": "mt0mfr0yusoa89",
    "players": [
      {
        "id": 0,
        "name": "Mohammad Ikram",
        "color": "#E53935",
        "avatar": "https://res.cloudinary.com/dz88yjerw/image/upload/v1786061008/y2bgpcmceri6ogm2anvw.png",
        "cover": "https://res.cloudinary.com/dz88yjerw/image/upload/v1780098021/abtk9davy21pzff2x0cd.png",
        "profileId": "67bf1e4009395add03e1e234",
        "isActive": true,
        "pieces": [
          {
            "id": 0,
            "steps": 0,
            "isHome": true,
            "isInPlay": false
          },
          {
            "id": 1,
            "steps": 0,
            "isHome": true,
            "isInPlay": false
          },
          {
            "id": 2,
            "steps": 1,
            "isHome": false,
            "isInPlay": true
          },
          {
            "id": 3,
            "steps": 15,
            "isHome": false,
            "isInPlay": true
          }
        ],
        "isOffline": false
      },
      {
        "id": 1,
        "name": "Md Atik",
        "color": "#43A047",
        "avatar": "https://res.cloudinary.com/dz88yjerw/image/upload/v1779774308/ccut8qllcbmzl6bxx0yy.png",
        "cover": "https://res.cloudinary.com/dz88yjerw/image/upload/v1759779146/gyshxw4n76fbsohz3rcz.jpg",
        "profileId": "67e431d61e4463f7adfa544e",
        "isActive": true,
        "pieces": [
          {
            "id": 0,
            "steps": 0,
            "isHome": true,
            "isInPlay": false
          },
          {
            "id": 1,
            "steps": 0,
            "isHome": true,
            "isInPlay": false
          },
          {
            "id": 2,
            "steps": 9,
            "isHome": false,
            "isInPlay": true
          },
          {
            "id": 3,
            "steps": 0,
            "isHome": true,
            "isInPlay": false
          }
        ],
        "isOffline": false
      }
    ],
    "selectedPlayerCount": 2,
    "currentPlayer": 1,
    "diceValue": 6,
    "gameStarted": true,
    "timestamp": 1787176058947,
    "playersSeq": 22
  }
}
[2026-08-19T21:47:43.562Z] [LUDO-EVENT] move-validated {
  "socketId": "OygsR98wfA4lOtazAAAX",
  "gameId": "mt0mfr0yusoa89",
  "by": "67e431d61e4463f7adfa544e",
  "playerIndex": 1,
  "fromSteps": 0,
  "toSteps": 1,
  "rolled": 6
}
[2026-08-19T21:47:43.564Z] [LUDO-STATE] game:mt0mfr0yusoa89 {
  "gameId": "mt0mfr0yusoa89",
  "snapshot": {
    "gameId": "mt0mfr0yusoa89",
    "players": [
      {
        "id": 0,
        "name": "Mohammad Ikram",
        "color": "#E53935",
        "avatar": "https://res.cloudinary.com/dz88yjerw/image/upload/v1786061008/y2bgpcmceri6ogm2anvw.png",
        "cover": "https://res.cloudinary.com/dz88yjerw/image/upload/v1780098021/abtk9davy21pzff2x0cd.png",
        "profileId": "67bf1e4009395add03e1e234",
        "isActive": true,
        "pieces": [
          {
            "id": 0,
            "steps": 0,
            "isHome": true,
            "isInPlay": false
          },
          {
            "id": 1,
            "steps": 0,
            "isHome": true,
            "isInPlay": false
          },
          {
            "id": 2,
            "steps": 1,
            "isHome": false,
            "isInPlay": true
          },
          {
            "id": 3,
            "steps": 15,
            "isHome": false,
            "isInPlay": true
          }
        ],
        "isOffline": false
      },
      {
        "id": 1,
        "name": "Md Atik",
        "color": "#43A047",
        "avatar": "https://res.cloudinary.com/dz88yjerw/image/upload/v1779774308/ccut8qllcbmzl6bxx0yy.png",
        "cover": "https://res.cloudinary.com/dz88yjerw/image/upload/v1759779146/gyshxw4n76fbsohz3rcz.jpg",
        "profileId": "67e431d61e4463f7adfa544e",
        "isActive": true,
        "pieces": [
          {
            "id": 0,
            "steps": 0,
            "isHome": true,
            "isInPlay": false
          },
          {
            "id": 1,
            "steps": 0,
            "isHome": true,
            "isInPlay": false
          },
          {
            "id": 2,
            "steps": 9,
            "isHome": false,
            "isInPlay": true
          },
          {
            "id": 3,
            "steps": 0,
            "isHome": true,
            "isInPlay": false
          }
        ],
        "isOffline": false
      }
    ],
    "selectedPlayerCount": 2,
    "currentPlayer": 1,
    "diceValue": 6,
    "gameStarted": true,
    "timestamp": 1787176058947,
    "playersSeq": 22
  }
}
[2026-08-19T21:47:43.703Z] [LUDO-EVENT] players-snapshot {
  "gameId": "mt0mfr0yusoa89",
  "players": 2,
  "selectedPlayerCount": 2,
  "currentPlayer": 1
}
[2026-08-19T21:47:43.704Z] [LUDO-STATE] game:mt0mfr0yusoa89 {
  "gameId": "mt0mfr0yusoa89",
  "snapshot": {
    "gameId": "mt0mfr0yusoa89",
    "players": [
      {
        "id": 0,
        "name": "Mohammad Ikram",
        "color": "#E53935",
        "avatar": "https://res.cloudinary.com/dz88yjerw/image/upload/v1786061008/y2bgpcmceri6ogm2anvw.png",
        "cover": "https://res.cloudinary.com/dz88yjerw/image/upload/v1780098021/abtk9davy21pzff2x0cd.png",
        "profileId": "67bf1e4009395add03e1e234",
        "isActive": true,
        "pieces": [
          {
            "id": 0,
            "steps": 0,
            "isHome": true,
            "isInPlay": false
          },
          {
            "id": 1,
            "steps": 0,
            "isHome": true,
            "isInPlay": false
          },
          {
            "id": 2,
            "steps": 1,
            "isHome": false,
            "isInPlay": true
          },
          {
            "id": 3,
            "steps": 15,
            "isHome": false,
            "isInPlay": true
          }
        ],
        "isOffline": false
      },
      {
        "id": 1,
        "name": "Md Atik",
        "color": "#43A047",
        "avatar": "https://res.cloudinary.com/dz88yjerw/image/upload/v1779774308/ccut8qllcbmzl6bxx0yy.png",
        "cover": "https://res.cloudinary.com/dz88yjerw/image/upload/v1759779146/gyshxw4n76fbsohz3rcz.jpg",
        "profileId": "67e431d61e4463f7adfa544e",
        "isActive": true,
        "pieces": [
          {
            "id": 0,
            "steps": 1,
            "isHome": false,
            "isInPlay": true
          },
          {
            "id": 1,
            "steps": 0,
            "isHome": true,
            "isInPlay": false
          },
          {
            "id": 2,
            "steps": 9,
            "isHome": false,
            "isInPlay": true
          },
          {
            "id": 3,
            "steps": 0,
            "isHome": true,
            "isInPlay": false
          }
        ],
        "isOffline": false
      }
    ],
    "selectedPlayerCount": 2,
    "currentPlayer": 1,
    "diceValue": 0,
    "gameStarted": true,
    "timestamp": 1787176063703,
    "playersSeq": 23
  }
}
[2026-08-19T21:47:44.218Z] [LUDO-EVENT] players-get-response {
  "gameId": "mt0mfr0yusoa89"
}
[2026-08-19T21:47:44.224Z] [LUDO-STATE] game:mt0mfr0yusoa89 {
  "gameId": "mt0mfr0yusoa89",
  "snapshot": {
    "gameId": "mt0mfr0yusoa89",
    "players": [
      {
        "id": 0,
        "name": "Mohammad Ikram",
        "color": "#E53935",
        "avatar": "https://res.cloudinary.com/dz88yjerw/image/upload/v1786061008/y2bgpcmceri6ogm2anvw.png",
        "cover": "https://res.cloudinary.com/dz88yjerw/image/upload/v1780098021/abtk9davy21pzff2x0cd.png",
        "profileId": "67bf1e4009395add03e1e234",
        "isActive": true,
        "pieces": [
          {
            "id": 0,
            "steps": 0,
            "isHome": true,
            "isInPlay": false
          },
          {
            "id": 1,
            "steps": 0,
            "isHome": true,
            "isInPlay": false
          },
          {
            "id": 2,
            "steps": 1,
            "isHome": false,
            "isInPlay": true
          },
          {
            "id": 3,
            "steps": 15,
            "isHome": false,
            "isInPlay": true
          }
        ],
        "isOffline": false
      },
      {
        "id": 1,
        "name": "Md Atik",
        "color": "#43A047",
        "avatar": "https://res.cloudinary.com/dz88yjerw/image/upload/v1779774308/ccut8qllcbmzl6bxx0yy.png",
        "cover": "https://res.cloudinary.com/dz88yjerw/image/upload/v1759779146/gyshxw4n76fbsohz3rcz.jpg",
        "profileId": "67e431d61e4463f7adfa544e",
        "isActive": true,
        "pieces": [
          {
            "id": 0,
            "steps": 1,
            "isHome": false,
            "isInPlay": true
          },
          {
            "id": 1,
            "steps": 0,
            "isHome": true,
            "isInPlay": false
          },
          {
            "id": 2,
            "steps": 9,
            "isHome": false,
            "isInPlay": true
          },
          {
            "id": 3,
            "steps": 0,
            "isHome": true,
            "isInPlay": false
          }
        ],
        "isOffline": false
      }
    ],
    "selectedPlayerCount": 2,
    "currentPlayer": 1,
    "diceValue": 0,
    "gameStarted": true,
    "timestamp": 1787176063703,
    "playersSeq": 23
  }
}
[2026-08-19T21:47:46.672Z] [LUDO-EVENT] players-get-response {
  "gameId": "mt0mfr0yusoa89"
}
[2026-08-19T21:47:46.672Z] [LUDO-STATE] game:mt0mfr0yusoa89 {
  "gameId": "mt0mfr0yusoa89",
  "snapshot": {
    "gameId": "mt0mfr0yusoa89",
    "players": [
      {
        "id": 0,
        "name": "Mohammad Ikram",
        "color": "#E53935",
        "avatar": "https://res.cloudinary.com/dz88yjerw/image/upload/v1786061008/y2bgpcmceri6ogm2anvw.png",
        "cover": "https://res.cloudinary.com/dz88yjerw/image/upload/v1780098021/abtk9davy21pzff2x0cd.png",
        "profileId": "67bf1e4009395add03e1e234",
        "isActive": true,
        "pieces": [
          {
            "id": 0,
            "steps": 0,
            "isHome": true,
            "isInPlay": false
          },
          {
            "id": 1,
            "steps": 0,
            "isHome": true,
            "isInPlay": false
          },
          {
            "id": 2,
            "steps": 1,
            "isHome": false,
            "isInPlay": true
          },
          {
            "id": 3,
            "steps": 15,
            "isHome": false,
            "isInPlay": true
          }
        ],
        "isOffline": false
      },
      {
        "id": 1,
        "name": "Md Atik",
        "color": "#43A047",
        "avatar": "https://res.cloudinary.com/dz88yjerw/image/upload/v1779774308/ccut8qllcbmzl6bxx0yy.png",
        "cover": "https://res.cloudinary.com/dz88yjerw/image/upload/v1759779146/gyshxw4n76fbsohz3rcz.jpg",
        "profileId": "67e431d61e4463f7adfa544e",
        "isActive": true,
        "pieces": [
          {
            "id": 0,
            "steps": 1,
            "isHome": false,
            "isInPlay": true
          },
          {
            "id": 1,
            "steps": 0,
            "isHome": true,
            "isInPlay": false
          },
          {
            "id": 2,
            "steps": 9,
            "isHome": false,
            "isInPlay": true
          },
          {
            "id": 3,
            "steps": 0,
            "isHome": true,
            "isInPlay": false
          }
        ],
        "isOffline": false
      }
    ],
    "selectedPlayerCount": 2,
    "currentPlayer": 1,
    "diceValue": 0,
    "gameStarted": true,
    "timestamp": 1787176063703,
    "playersSeq": 23
  }
}
[2026-08-19T21:47:47.245Z] [LUDO-EVENT] players-get-response {
  "gameId": "mt0mfr0yusoa89"
}
[2026-08-19T21:47:47.246Z] [LUDO-STATE] game:mt0mfr0yusoa89 {
  "gameId": "mt0mfr0yusoa89",
  "snapshot": {
    "gameId": "mt0mfr0yusoa89",
    "players": [
      {
        "id": 0,
        "name": "Mohammad Ikram",
        "color": "#E53935",
        "avatar": "https://res.cloudinary.com/dz88yjerw/image/upload/v1786061008/y2bgpcmceri6ogm2anvw.png",
        "cover": "https://res.cloudinary.com/dz88yjerw/image/upload/v1780098021/abtk9davy21pzff2x0cd.png",
        "profileId": "67bf1e4009395add03e1e234",
        "isActive": true,
        "pieces": [
          {
            "id": 0,
            "steps": 0,
            "isHome": true,
            "isInPlay": false
          },
          {
            "id": 1,
            "steps": 0,
            "isHome": true,
            "isInPlay": false
          },
          {
            "id": 2,
            "steps": 1,
            "isHome": false,
            "isInPlay": true
          },
          {
            "id": 3,
            "steps": 15,
            "isHome": false,
            "isInPlay": true
          }
        ],
        "isOffline": false
      },
      {
        "id": 1,
        "name": "Md Atik",
        "color": "#43A047",
        "avatar": "https://res.cloudinary.com/dz88yjerw/image/upload/v1779774308/ccut8qllcbmzl6bxx0yy.png",
        "cover": "https://res.cloudinary.com/dz88yjerw/image/upload/v1759779146/gyshxw4n76fbsohz3rcz.jpg",
        "profileId": "67e431d61e4463f7adfa544e",
        "isActive": true,
        "pieces": [
          {
            "id": 0,
            "steps": 1,
            "isHome": false,
            "isInPlay": true
          },
          {
            "id": 1,
            "steps": 0,
            "isHome": true,
            "isInPlay": false
          },
          {
            "id": 2,
            "steps": 9,
            "isHome": false,
            "isInPlay": true
          },
          {
            "id": 3,
            "steps": 0,
            "isHome": true,
            "isInPlay": false
          }
        ],
        "isOffline": false
      }
    ],
    "selectedPlayerCount": 2,
    "currentPlayer": 1,
    "diceValue": 0,
    "gameStarted": true,
    "timestamp": 1787176063703,
    "playersSeq": 23
  }
}
[2026-08-19T21:47:47.354Z] [LUDO-EVENT] roll-validated {
  "socketId": "OygsR98wfA4lOtazAAAX",
  "gameId": "mt0mfr0yusoa89",
  "by": "67e431d61e4463f7adfa544e",
  "value": 1,
  "currentPlayer": 1
}
[2026-08-19T21:47:47.355Z] [LUDO-STATE] game:mt0mfr0yusoa89 {
  "gameId": "mt0mfr0yusoa89",
  "snapshot": {
    "gameId": "mt0mfr0yusoa89",
    "players": [
      {
        "id": 0,
        "name": "Mohammad Ikram",
        "color": "#E53935",
        "avatar": "https://res.cloudinary.com/dz88yjerw/image/upload/v1786061008/y2bgpcmceri6ogm2anvw.png",
        "cover": "https://res.cloudinary.com/dz88yjerw/image/upload/v1780098021/abtk9davy21pzff2x0cd.png",
        "profileId": "67bf1e4009395add03e1e234",
        "isActive": true,
        "pieces": [
          {
            "id": 0,
            "steps": 0,
            "isHome": true,
            "isInPlay": false
          },
          {
            "id": 1,
            "steps": 0,
            "isHome": true,
            "isInPlay": false
          },
          {
            "id": 2,
            "steps": 1,
            "isHome": false,
            "isInPlay": true
          },
          {
            "id": 3,
            "steps": 15,
            "isHome": false,
            "isInPlay": true
          }
        ],
        "isOffline": false
      },
      {
        "id": 1,
        "name": "Md Atik",
        "color": "#43A047",
        "avatar": "https://res.cloudinary.com/dz88yjerw/image/upload/v1779774308/ccut8qllcbmzl6bxx0yy.png",
        "cover": "https://res.cloudinary.com/dz88yjerw/image/upload/v1759779146/gyshxw4n76fbsohz3rcz.jpg",
        "profileId": "67e431d61e4463f7adfa544e",
        "isActive": true,
        "pieces": [
          {
            "id": 0,
            "steps": 1,
            "isHome": false,
            "isInPlay": true
          },
          {
            "id": 1,
            "steps": 0,
            "isHome": true,
            "isInPlay": false
          },
          {
            "id": 2,
            "steps": 9,
            "isHome": false,
            "isInPlay": true
          },
          {
            "id": 3,
            "steps": 0,
            "isHome": true,
            "isInPlay": false
          }
        ],
        "isOffline": false
      }
    ],
    "selectedPlayerCount": 2,
    "currentPlayer": 1,
    "diceValue": 1,
    "gameStarted": true,
    "timestamp": 1787176063703,
    "playersSeq": 23
  }
}
[2026-08-19T21:47:48.382Z] [LUDO-EVENT] move-validated {
  "socketId": "OygsR98wfA4lOtazAAAX",
  "gameId": "mt0mfr0yusoa89",
  "by": "67e431d61e4463f7adfa544e",
  "playerIndex": 1,
  "fromSteps": 1,
  "toSteps": 2,
  "rolled": 0
}
[2026-08-19T21:47:48.383Z] [LUDO-STATE] game:mt0mfr0yusoa89 {
  "gameId": "mt0mfr0yusoa89",
  "snapshot": {
    "gameId": "mt0mfr0yusoa89",
    "players": [
      {
        "id": 0,
        "name": "Mohammad Ikram",
        "color": "#E53935",
        "avatar": "https://res.cloudinary.com/dz88yjerw/image/upload/v1786061008/y2bgpcmceri6ogm2anvw.png",
        "cover": "https://res.cloudinary.com/dz88yjerw/image/upload/v1780098021/abtk9davy21pzff2x0cd.png",
        "profileId": "67bf1e4009395add03e1e234",
        "isActive": true,
        "pieces": [
          {
            "id": 0,
            "steps": 0,
            "isHome": true,
            "isInPlay": false
          },
          {
            "id": 1,
            "steps": 0,
            "isHome": true,
            "isInPlay": false
          },
          {
            "id": 2,
            "steps": 1,
            "isHome": false,
            "isInPlay": true
          },
          {
            "id": 3,
            "steps": 15,
            "isHome": false,
            "isInPlay": true
          }
        ],
        "isOffline": false
      },
      {
        "id": 1,
        "name": "Md Atik",
        "color": "#43A047",
        "avatar": "https://res.cloudinary.com/dz88yjerw/image/upload/v1779774308/ccut8qllcbmzl6bxx0yy.png",
        "cover": "https://res.cloudinary.com/dz88yjerw/image/upload/v1759779146/gyshxw4n76fbsohz3rcz.jpg",
        "profileId": "67e431d61e4463f7adfa544e",
        "isActive": true,
        "pieces": [
          {
            "id": 0,
            "steps": 1,
            "isHome": false,
            "isInPlay": true
          },
          {
            "id": 1,
            "steps": 0,
            "isHome": true,
            "isInPlay": false
          },
          {
            "id": 2,
            "steps": 9,
            "isHome": false,
            "isInPlay": true
          },
          {
            "id": 3,
            "steps": 0,
            "isHome": true,
            "isInPlay": false
          }
        ],
        "isOffline": false
      }
    ],
    "selectedPlayerCount": 2,
    "currentPlayer": 1,
    "diceValue": 1,
    "gameStarted": true,
    "timestamp": 1787176063703,
    "playersSeq": 23
  }
}
[2026-08-19T21:47:48.537Z] [LUDO-EVENT] players-snapshot {
  "gameId": "mt0mfr0yusoa89",
  "players": 2,
  "selectedPlayerCount": 2,
  "currentPlayer": 1
}
[2026-08-19T21:47:48.539Z] [LUDO-STATE] game:mt0mfr0yusoa89 {
  "gameId": "mt0mfr0yusoa89",
  "snapshot": {
    "gameId": "mt0mfr0yusoa89",
    "players": [
      {
        "id": 0,
        "name": "Mohammad Ikram",
        "color": "#E53935",
        "avatar": "https://res.cloudinary.com/dz88yjerw/image/upload/v1786061008/y2bgpcmceri6ogm2anvw.png",
        "cover": "https://res.cloudinary.com/dz88yjerw/image/upload/v1780098021/abtk9davy21pzff2x0cd.png",
        "profileId": "67bf1e4009395add03e1e234",
        "isActive": true,
        "pieces": [
          {
            "id": 0,
            "steps": 0,
            "isHome": true,
            "isInPlay": false
          },
          {
            "id": 1,
            "steps": 0,
            "isHome": true,
            "isInPlay": false
          },
          {
            "id": 2,
            "steps": 1,
            "isHome": false,
            "isInPlay": true
          },
          {
            "id": 3,
            "steps": 0,
            "isHome": true,
            "isInPlay": false
          }
        ],
        "isOffline": false
      },
      {
        "id": 1,
        "name": "Md Atik",
        "color": "#43A047",
        "avatar": "https://res.cloudinary.com/dz88yjerw/image/upload/v1779774308/ccut8qllcbmzl6bxx0yy.png",
        "cover": "https://res.cloudinary.com/dz88yjerw/image/upload/v1759779146/gyshxw4n76fbsohz3rcz.jpg",
        "profileId": "67e431d61e4463f7adfa544e",
        "isActive": true,
        "pieces": [
          {
            "id": 0,
            "steps": 2,
            "isHome": false,
            "isInPlay": true
          },
          {
            "id": 1,
            "steps": 0,
            "isHome": true,
            "isInPlay": false
          },
          {
            "id": 2,
            "steps": 9,
            "isHome": false,
            "isInPlay": true
          },
          {
            "id": 3,
            "steps": 0,
            "isHome": true,
            "isInPlay": false
          }
        ],
        "isOffline": false
      }
    ],
    "selectedPlayerCount": 2,
    "currentPlayer": 1,
    "diceValue": 1,
    "gameStarted": true,
    "timestamp": 1787176068535,
    "playersSeq": 24
  }
}
[2026-08-19T21:47:50.225Z] [LUDO-EVENT] players-get-response {
  "gameId": "mt0mfr0yusoa89"
}
[2026-08-19T21:47:50.227Z] [LUDO-STATE] game:mt0mfr0yusoa89 {
  "gameId": "mt0mfr0yusoa89",
  "snapshot": {
    "gameId": "mt0mfr0yusoa89",
    "players": [
      {
        "id": 0,
        "name": "Mohammad Ikram",
        "color": "#E53935",
        "avatar": "https://res.cloudinary.com/dz88yjerw/image/upload/v1786061008/y2bgpcmceri6ogm2anvw.png",
        "cover": "https://res.cloudinary.com/dz88yjerw/image/upload/v1780098021/abtk9davy21pzff2x0cd.png",
        "profileId": "67bf1e4009395add03e1e234",
        "isActive": true,
        "pieces": [
          {
            "id": 0,
            "steps": 0,
            "isHome": true,
            "isInPlay": false
          },
          {
            "id": 1,
            "steps": 0,
            "isHome": true,
            "isInPlay": false
          },
          {
            "id": 2,
            "steps": 1,
            "isHome": false,
            "isInPlay": true
          },
          {
            "id": 3,
            "steps": 0,
            "isHome": true,
            "isInPlay": false
          }
        ],
        "isOffline": false
      },
      {
        "id": 1,
        "name": "Md Atik",
        "color": "#43A047",
        "avatar": "https://res.cloudinary.com/dz88yjerw/image/upload/v1779774308/ccut8qllcbmzl6bxx0yy.png",
        "cover": "https://res.cloudinary.com/dz88yjerw/image/upload/v1759779146/gyshxw4n76fbsohz3rcz.jpg",
        "profileId": "67e431d61e4463f7adfa544e",
        "isActive": true,
        "pieces": [
          {
            "id": 0,
            "steps": 2,
            "isHome": false,
            "isInPlay": true
          },
          {
            "id": 1,
            "steps": 0,
            "isHome": true,
            "isInPlay": false
          },
          {
            "id": 2,
            "steps": 9,
            "isHome": false,
            "isInPlay": true
          },
          {
            "id": 3,
            "steps": 0,
            "isHome": true,
            "isInPlay": false
          }
        ],
        "isOffline": false
      }
    ],
    "selectedPlayerCount": 2,
    "currentPlayer": 1,
    "diceValue": 1,
    "gameStarted": true,
    "timestamp": 1787176068535,
    "playersSeq": 24
  }
}
[2026-08-19T21:47:51.461Z] [LUDO-EVENT] players-get-response {
  "gameId": "mt0mfr0yusoa89"
}
[2026-08-19T21:47:51.463Z] [LUDO-STATE] game:mt0mfr0yusoa89 {
  "gameId": "mt0mfr0yusoa89",
  "snapshot": {
    "gameId": "mt0mfr0yusoa89",
    "players": [
      {
        "id": 0,
        "name": "Mohammad Ikram",
        "color": "#E53935",
        "avatar": "https://res.cloudinary.com/dz88yjerw/image/upload/v1786061008/y2bgpcmceri6ogm2anvw.png",
        "cover": "https://res.cloudinary.com/dz88yjerw/image/upload/v1780098021/abtk9davy21pzff2x0cd.png",
        "profileId": "67bf1e4009395add03e1e234",
        "isActive": true,
        "pieces": [
          {
            "id": 0,
            "steps": 0,
            "isHome": true,
            "isInPlay": false
          },
          {
            "id": 1,
            "steps": 0,
            "isHome": true,
            "isInPlay": false
          },
          {
            "id": 2,
            "steps": 1,
            "isHome": false,
            "isInPlay": true
          },
          {
            "id": 3,
            "steps": 0,
            "isHome": true,
            "isInPlay": false
          }
        ],
        "isOffline": false
      },
      {
        "id": 1,
        "name": "Md Atik",
        "color": "#43A047",
        "avatar": "https://res.cloudinary.com/dz88yjerw/image/upload/v1779774308/ccut8qllcbmzl6bxx0yy.png",
        "cover": "https://res.cloudinary.com/dz88yjerw/image/upload/v1759779146/gyshxw4n76fbsohz3rcz.jpg",
        "profileId": "67e431d61e4463f7adfa544e",
        "isActive": true,
        "pieces": [
          {
            "id": 0,
            "steps": 2,
            "isHome": false,
            "isInPlay": true
          },
          {
            "id": 1,
            "steps": 0,
            "isHome": true,
            "isInPlay": false
          },
          {
            "id": 2,
            "steps": 9,
            "isHome": false,
            "isInPlay": true
          },
          {
            "id": 3,
            "steps": 0,
            "isHome": true,
            "isInPlay": false
          }
        ],
        "isOffline": false
      }
    ],
    "selectedPlayerCount": 2,
    "currentPlayer": 1,
    "diceValue": 1,
    "gameStarted": true,
    "timestamp": 1787176068535,
    "playersSeq": 24
  }
}
[2026-08-19T21:47:53.235Z] [LUDO-EVENT] players-get-response {
  "gameId": "mt0mfr0yusoa89"
}
[2026-08-19T21:47:53.236Z] [LUDO-STATE] game:mt0mfr0yusoa89 {
  "gameId": "mt0mfr0yusoa89",
  "snapshot": {
    "gameId": "mt0mfr0yusoa89",
    "players": [
      {
        "id": 0,
        "name": "Mohammad Ikram",
        "color": "#E53935",
        "avatar": "https://res.cloudinary.com/dz88yjerw/image/upload/v1786061008/y2bgpcmceri6ogm2anvw.png",
        "cover": "https://res.cloudinary.com/dz88yjerw/image/upload/v1780098021/abtk9davy21pzff2x0cd.png",
        "profileId": "67bf1e4009395add03e1e234",
        "isActive": true,
        "pieces": [
          {
            "id": 0,
            "steps": 0,
            "isHome": true,
            "isInPlay": false
          },
          {
            "id": 1,
            "steps": 0,
            "isHome": true,
            "isInPlay": false
          },
          {
            "id": 2,
            "steps": 1,
            "isHome": false,
            "isInPlay": true
          },
          {
            "id": 3,
            "steps": 0,
            "isHome": true,
            "isInPlay": false
          }
        ],
        "isOffline": false
      },
      {
        "id": 1,
        "name": "Md Atik",
        "color": "#43A047",
        "avatar": "https://res.cloudinary.com/dz88yjerw/image/upload/v1779774308/ccut8qllcbmzl6bxx0yy.png",
        "cover": "https://res.cloudinary.com/dz88yjerw/image/upload/v1759779146/gyshxw4n76fbsohz3rcz.jpg",
        "profileId": "67e431d61e4463f7adfa544e",
        "isActive": true,
        "pieces": [
          {
            "id": 0,
            "steps": 2,
            "isHome": false,
            "isInPlay": true
          },
          {
            "id": 1,
            "steps": 0,
            "isHome": true,
            "isInPlay": false
          },
          {
            "id": 2,
            "steps": 9,
            "isHome": false,
            "isInPlay": true
          },
          {
            "id": 3,
            "steps": 0,
            "isHome": true,
            "isInPlay": false
          }
        ],
        "isOffline": false
      }
    ],
    "selectedPlayerCount": 2,
    "currentPlayer": 1,
    "diceValue": 1,
    "gameStarted": true,
    "timestamp": 1787176068535,
    "playersSeq": 24
  }
}
[2026-08-19T21:47:54.463Z] [LUDO-EVENT] players-get-response {
  "gameId": "mt0mfr0yusoa89"
}
[2026-08-19T21:47:54.466Z] [LUDO-STATE] game:mt0mfr0yusoa89 {
  "gameId": "mt0mfr0yusoa89",
  "snapshot": {
    "gameId": "mt0mfr0yusoa89",
    "players": [
      {
        "id": 0,
        "name": "Mohammad Ikram",
        "color": "#E53935",
        "avatar": "https://res.cloudinary.com/dz88yjerw/image/upload/v1786061008/y2bgpcmceri6ogm2anvw.png",
        "cover": "https://res.cloudinary.com/dz88yjerw/image/upload/v1780098021/abtk9davy21pzff2x0cd.png",
        "profileId": "67bf1e4009395add03e1e234",
        "isActive": true,
        "pieces": [
          {
            "id": 0,
            "steps": 0,
            "isHome": true,
            "isInPlay": false
          },
          {
            "id": 1,
            "steps": 0,
            "isHome": true,
            "isInPlay": false
          },
          {
            "id": 2,
            "steps": 1,
            "isHome": false,
            "isInPlay": true
          },
          {
            "id": 3,
            "steps": 0,
            "isHome": true,
            "isInPlay": false
          }
        ],
        "isOffline": false
      },
      {
        "id": 1,
        "name": "Md Atik",
        "color": "#43A047",
        "avatar": "https://res.cloudinary.com/dz88yjerw/image/upload/v1779774308/ccut8qllcbmzl6bxx0yy.png",
        "cover": "https://res.cloudinary.com/dz88yjerw/image/upload/v1759779146/gyshxw4n76fbsohz3rcz.jpg",
        "profileId": "67e431d61e4463f7adfa544e",
        "isActive": true,
        "pieces": [
          {
            "id": 0,
            "steps": 2,
            "isHome": false,
            "isInPlay": true
          },
          {
            "id": 1,
            "steps": 0,
            "isHome": true,
            "isInPlay": false
          },
          {
            "id": 2,
            "steps": 9,
            "isHome": false,
            "isInPlay": true
          },
          {
            "id": 3,
            "steps": 0,
            "isHome": true,
            "isInPlay": false
          }
        ],
        "isOffline": false
      }
    ],
    "selectedPlayerCount": 2,
    "currentPlayer": 1,
    "diceValue": 1,
    "gameStarted": true,
    "timestamp": 1787176068535,
    "playersSeq": 24
  }
}
[2026-08-19T21:47:56.406Z] [LUDO-EVENT] players-get-response {
  "gameId": "mt0mfr0yusoa89"
}
[2026-08-19T21:47:56.409Z] [LUDO-STATE] game:mt0mfr0yusoa89 {
  "gameId": "mt0mfr0yusoa89",
  "snapshot": {
    "gameId": "mt0mfr0yusoa89",
    "players": [
      {
        "id": 0,
        "name": "Mohammad Ikram",
        "color": "#E53935",
        "avatar": "https://res.cloudinary.com/dz88yjerw/image/upload/v1786061008/y2bgpcmceri6ogm2anvw.png",
        "cover": "https://res.cloudinary.com/dz88yjerw/image/upload/v1780098021/abtk9davy21pzff2x0cd.png",
        "profileId": "67bf1e4009395add03e1e234",
        "isActive": true,
        "pieces": [
          {
            "id": 0,
            "steps": 0,
            "isHome": true,
            "isInPlay": false
          },
          {
            "id": 1,
            "steps": 0,
            "isHome": true,
            "isInPlay": false
          },
          {
            "id": 2,
            "steps": 1,
            "isHome": false,
            "isInPlay": true
          },
          {
            "id": 3,
            "steps": 0,
            "isHome": true,
            "isInPlay": false
          }
        ],
        "isOffline": false
      },
      {
        "id": 1,
        "name": "Md Atik",
        "color": "#43A047",
        "avatar": "https://res.cloudinary.com/dz88yjerw/image/upload/v1779774308/ccut8qllcbmzl6bxx0yy.png",
        "cover": "https://res.cloudinary.com/dz88yjerw/image/upload/v1759779146/gyshxw4n76fbsohz3rcz.jpg",
        "profileId": "67e431d61e4463f7adfa544e",
        "isActive": true,
        "pieces": [
          {
            "id": 0,
            "steps": 2,
            "isHome": false,
            "isInPlay": true
          },
          {
            "id": 1,
            "steps": 0,
            "isHome": true,
            "isInPlay": false
          },
          {
            "id": 2,
            "steps": 9,
            "isHome": false,
            "isInPlay": true
          },
          {
            "id": 3,
            "steps": 0,
            "isHome": true,
            "isInPlay": false
          }
        ],
        "isOffline": false
      }
    ],
    "selectedPlayerCount": 2,
    "currentPlayer": 1,
    "diceValue": 1,
    "gameStarted": true,
    "timestamp": 1787176068535,
    "playersSeq": 24
  }
}
[2026-08-19T21:47:57.465Z] [LUDO-EVENT] players-get-response {
  "gameId": "mt0mfr0yusoa89"
}
[2026-08-19T21:47:57.466Z] [LUDO-STATE] game:mt0mfr0yusoa89 {
  "gameId": "mt0mfr0yusoa89",
  "snapshot": {
    "gameId": "mt0mfr0yusoa89",
    "players": [
      {
        "id": 0,
        "name": "Mohammad Ikram",
        "color": "#E53935",
        "avatar": "https://res.cloudinary.com/dz88yjerw/image/upload/v1786061008/y2bgpcmceri6ogm2anvw.png",
        "cover": "https://res.cloudinary.com/dz88yjerw/image/upload/v1780098021/abtk9davy21pzff2x0cd.png",
        "profileId": "67bf1e4009395add03e1e234",
        "isActive": true,
        "pieces": [
          {
            "id": 0,
            "steps": 0,
            "isHome": true,
            "isInPlay": false
          },
          {
            "id": 1,
            "steps": 0,
            "isHome": true,
            "isInPlay": false
          },
          {
            "id": 2,
            "steps": 1,
            "isHome": false,
            "isInPlay": true
          },
          {
            "id": 3,
            "steps": 0,
            "isHome": true,
            "isInPlay": false
          }
        ],
        "isOffline": false
      },
      {
        "id": 1,
        "name": "Md Atik",
        "color": "#43A047",
        "avatar": "https://res.cloudinary.com/dz88yjerw/image/upload/v1779774308/ccut8qllcbmzl6bxx0yy.png",
        "cover": "https://res.cloudinary.com/dz88yjerw/image/upload/v1759779146/gyshxw4n76fbsohz3rcz.jpg",
        "profileId": "67e431d61e4463f7adfa544e",
        "isActive": true,
        "pieces": [
          {
            "id": 0,
            "steps": 2,
            "isHome": false,
            "isInPlay": true
          },
          {
            "id": 1,
            "steps": 0,
            "isHome": true,
            "isInPlay": false
          },
          {
            "id": 2,
            "steps": 9,
            "isHome": false,
            "isInPlay": true
          },
          {
            "id": 3,
            "steps": 0,
            "isHome": true,
            "isInPlay": false
          }
        ],
        "isOffline": false
      }
    ],
    "selectedPlayerCount": 2,
    "currentPlayer": 1,
    "diceValue": 1,
    "gameStarted": true,
    "timestamp": 1787176068535,
    "playersSeq": 24
  }
}
[2026-08-19T21:47:59.252Z] [LUDO-EVENT] players-get-response {
  "gameId": "mt0mfr0yusoa89"
}
[2026-08-19T21:47:59.253Z] [LUDO-STATE] game:mt0mfr0yusoa89 {
  "gameId": "mt0mfr0yusoa89",
  "snapshot": {
    "gameId": "mt0mfr0yusoa89",
    "players": [
      {
        "id": 0,
        "name": "Mohammad Ikram",
        "color": "#E53935",
        "avatar": "https://res.cloudinary.com/dz88yjerw/image/upload/v1786061008/y2bgpcmceri6ogm2anvw.png",
        "cover": "https://res.cloudinary.com/dz88yjerw/image/upload/v1780098021/abtk9davy21pzff2x0cd.png",
        "profileId": "67bf1e4009395add03e1e234",
        "isActive": true,
        "pieces": [
          {
            "id": 0,
            "steps": 0,
            "isHome": true,
            "isInPlay": false
          },
          {
            "id": 1,
            "steps": 0,
            "isHome": true,
            "isInPlay": false
          },
          {
            "id": 2,
            "steps": 1,
            "isHome": false,
            "isInPlay": true
          },
          {
            "id": 3,
            "steps": 0,
            "isHome": true,
            "isInPlay": false
          }
        ],
        "isOffline": false
      },
      {
        "id": 1,
        "name": "Md Atik",
        "color": "#43A047",
        "avatar": "https://res.cloudinary.com/dz88yjerw/image/upload/v1779774308/ccut8qllcbmzl6bxx0yy.png",
        "cover": "https://res.cloudinary.com/dz88yjerw/image/upload/v1759779146/gyshxw4n76fbsohz3rcz.jpg",
        "profileId": "67e431d61e4463f7adfa544e",
        "isActive": true,
        "pieces": [
          {
            "id": 0,
            "steps": 2,
            "isHome": false,
            "isInPlay": true
          },
          {
            "id": 1,
            "steps": 0,
            "isHome": true,
            "isInPlay": false
          },
          {
            "id": 2,
            "steps": 9,
            "isHome": false,
            "isInPlay": true
          },
          {
            "id": 3,
            "steps": 0,
            "isHome": true,
            "isInPlay": false
          }
        ],
        "isOffline": false
      }
    ],
    "selectedPlayerCount": 2,
    "currentPlayer": 1,
    "diceValue": 1,
    "gameStarted": true,
    "timestamp": 1787176068535,
    "playersSeq": 24
  }
}
[2026-08-19T21:48:02.252Z] [LUDO-EVENT] players-get-response {
  "gameId": "mt0mfr0yusoa89"
}
[2026-08-19T21:48:02.253Z] [LUDO-STATE] game:mt0mfr0yusoa89 {
  "gameId": "mt0mfr0yusoa89",
  "snapshot": {
    "gameId": "mt0mfr0yusoa89",
    "players": [
      {
        "id": 0,
        "name": "Mohammad Ikram",
        "color": "#E53935",
        "avatar": "https://res.cloudinary.com/dz88yjerw/image/upload/v1786061008/y2bgpcmceri6ogm2anvw.png",
        "cover": "https://res.cloudinary.com/dz88yjerw/image/upload/v1780098021/abtk9davy21pzff2x0cd.png",
        "profileId": "67bf1e4009395add03e1e234",
        "isActive": true,
        "pieces": [
          {
            "id": 0,
            "steps": 0,
            "isHome": true,
            "isInPlay": false
          },
          {
            "id": 1,
            "steps": 0,
            "isHome": true,
            "isInPlay": false
          },
          {
            "id": 2,
            "steps": 1,
            "isHome": false,
            "isInPlay": true
          },
          {
            "id": 3,
            "steps": 0,
            "isHome": true,
            "isInPlay": false
          }
        ],
        "isOffline": false
      },
      {
        "id": 1,
        "name": "Md Atik",
        "color": "#43A047",
        "avatar": "https://res.cloudinary.com/dz88yjerw/image/upload/v1779774308/ccut8qllcbmzl6bxx0yy.png",
        "cover": "https://res.cloudinary.com/dz88yjerw/image/upload/v1759779146/gyshxw4n76fbsohz3rcz.jpg",
        "profileId": "67e431d61e4463f7adfa544e",
        "isActive": true,
        "pieces": [
          {
            "id": 0,
            "steps": 2,
            "isHome": false,
            "isInPlay": true
          },
          {
            "id": 1,
            "steps": 0,
            "isHome": true,
            "isInPlay": false
          },
          {
            "id": 2,
            "steps": 9,
            "isHome": false,
            "isInPlay": true
          },
          {
            "id": 3,
            "steps": 0,
            "isHome": true,
            "isInPlay": false
          }
        ],
        "isOffline": false
      }
    ],
    "selectedPlayerCount": 2,
    "currentPlayer": 1,
    "diceValue": 1,
    "gameStarted": true,
    "timestamp": 1787176068535,
    "playersSeq": 24
  }
}
[2026-08-19T21:48:03.462Z] [LUDO-EVENT] players-get-response {
  "gameId": "mt0mfr0yusoa89"
}
[2026-08-19T21:48:03.463Z] [LUDO-STATE] game:mt0mfr0yusoa89 {
  "gameId": "mt0mfr0yusoa89",
  "snapshot": {
    "gameId": "mt0mfr0yusoa89",
    "players": [
      {
        "id": 0,
        "name": "Mohammad Ikram",
        "color": "#E53935",
        "avatar": "https://res.cloudinary.com/dz88yjerw/image/upload/v1786061008/y2bgpcmceri6ogm2anvw.png",
        "cover": "https://res.cloudinary.com/dz88yjerw/image/upload/v1780098021/abtk9davy21pzff2x0cd.png",
        "profileId": "67bf1e4009395add03e1e234",
        "isActive": true,
        "pieces": [
          {
            "id": 0,
            "steps": 0,
            "isHome": true,
            "isInPlay": false
          },
          {
            "id": 1,
            "steps": 0,
            "isHome": true,
            "isInPlay": false
          },
          {
            "id": 2,
            "steps": 1,
            "isHome": false,
            "isInPlay": true
          },
          {
            "id": 3,
            "steps": 0,
            "isHome": true,
            "isInPlay": false
          }
        ],
        "isOffline": false
      },
      {
        "id": 1,
        "name": "Md Atik",
        "color": "#43A047",
        "avatar": "https://res.cloudinary.com/dz88yjerw/image/upload/v1779774308/ccut8qllcbmzl6bxx0yy.png",
        "cover": "https://res.cloudinary.com/dz88yjerw/image/upload/v1759779146/gyshxw4n76fbsohz3rcz.jpg",
        "profileId": "67e431d61e4463f7adfa544e",
        "isActive": true,
        "pieces": [
          {
            "id": 0,
            "steps": 2,
            "isHome": false,
            "isInPlay": true
          },
          {
            "id": 1,
            "steps": 0,
            "isHome": true,
            "isInPlay": false
          },
          {
            "id": 2,
            "steps": 9,
            "isHome": false,
            "isInPlay": true
          },
          {
            "id": 3,
            "steps": 0,
            "isHome": true,
            "isInPlay": false
          }
        ],
        "isOffline": false
      }
    ],
    "selectedPlayerCount": 2,
    "currentPlayer": 1,
    "diceValue": 1,
    "gameStarted": true,
    "timestamp": 1787176068535,
    "playersSeq": 24
  }
}
[2026-08-19T21:48:05.264Z] [LUDO-EVENT] players-get-response {
  "gameId": "mt0mfr0yusoa89"
}
[2026-08-19T21:48:05.265Z] [LUDO-STATE] game:mt0mfr0yusoa89 {
  "gameId": "mt0mfr0yusoa89",
  "snapshot": {
    "gameId": "mt0mfr0yusoa89",
    "players": [
      {
        "id": 0,
        "name": "Mohammad Ikram",
        "color": "#E53935",
        "avatar": "https://res.cloudinary.com/dz88yjerw/image/upload/v1786061008/y2bgpcmceri6ogm2anvw.png",
        "cover": "https://res.cloudinary.com/dz88yjerw/image/upload/v1780098021/abtk9davy21pzff2x0cd.png",
        "profileId": "67bf1e4009395add03e1e234",
        "isActive": true,
        "pieces": [
          {
            "id": 0,
            "steps": 0,
            "isHome": true,
            "isInPlay": false
          },
          {
            "id": 1,
            "steps": 0,
            "isHome": true,
            "isInPlay": false
          },
          {
            "id": 2,
            "steps": 1,
            "isHome": false,
            "isInPlay": true
          },
          {
            "id": 3,
            "steps": 0,
            "isHome": true,
            "isInPlay": false
          }
        ],
        "isOffline": false
      },
      {
        "id": 1,
        "name": "Md Atik",
        "color": "#43A047",
        "avatar": "https://res.cloudinary.com/dz88yjerw/image/upload/v1779774308/ccut8qllcbmzl6bxx0yy.png",
        "cover": "https://res.cloudinary.com/dz88yjerw/image/upload/v1759779146/gyshxw4n76fbsohz3rcz.jpg",
        "profileId": "67e431d61e4463f7adfa544e",
        "isActive": true,
        "pieces": [
          {
            "id": 0,
            "steps": 2,
            "isHome": false,
            "isInPlay": true
          },
          {
            "id": 1,
            "steps": 0,
            "isHome": true,
            "isInPlay": false
          },
          {
            "id": 2,
            "steps": 9,
            "isHome": false,
            "isInPlay": true
          },
          {
            "id": 3,
            "steps": 0,
            "isHome": true,
            "isInPlay": false
          }
        ],
        "isOffline": false
      }
    ],
    "selectedPlayerCount": 2,
    "currentPlayer": 1,
    "diceValue": 1,
    "gameStarted": true,
    "timestamp": 1787176068535,
    "playersSeq": 24
  }
}
[2026-08-19T21:48:06.463Z] [LUDO-EVENT] players-get-response {
  "gameId": "mt0mfr0yusoa89"
}
[2026-08-19T21:48:06.465Z] [LUDO-STATE] game:mt0mfr0yusoa89 {
  "gameId": "mt0mfr0yusoa89",
  "snapshot": {
    "gameId": "mt0mfr0yusoa89",
    "players": [
      {
        "id": 0,
        "name": "Mohammad Ikram",
        "color": "#E53935",
        "avatar": "https://res.cloudinary.com/dz88yjerw/image/upload/v1786061008/y2bgpcmceri6ogm2anvw.png",
        "cover": "https://res.cloudinary.com/dz88yjerw/image/upload/v1780098021/abtk9davy21pzff2x0cd.png",
        "profileId": "67bf1e4009395add03e1e234",
        "isActive": true,
        "pieces": [
          {
            "id": 0,
            "steps": 0,
            "isHome": true,
            "isInPlay": false
          },
          {
            "id": 1,
            "steps": 0,
            "isHome": true,
            "isInPlay": false
          },
          {
            "id": 2,
            "steps": 1,
            "isHome": false,
            "isInPlay": true
          },
          {
            "id": 3,
            "steps": 0,
            "isHome": true,
            "isInPlay": false
          }
        ],
        "isOffline": false
      },
      {
        "id": 1,
        "name": "Md Atik",
        "color": "#43A047",
        "avatar": "https://res.cloudinary.com/dz88yjerw/image/upload/v1779774308/ccut8qllcbmzl6bxx0yy.png",
        "cover": "https://res.cloudinary.com/dz88yjerw/image/upload/v1759779146/gyshxw4n76fbsohz3rcz.jpg",
        "profileId": "67e431d61e4463f7adfa544e",
        "isActive": true,
        "pieces": [
          {
            "id": 0,
            "steps": 2,
            "isHome": false,
            "isInPlay": true
          },
          {
            "id": 1,
            "steps": 0,
            "isHome": true,
            "isInPlay": false
          },
          {
            "id": 2,
            "steps": 9,
            "isHome": false,
            "isInPlay": true
          },
          {
            "id": 3,
            "steps": 0,
            "isHome": true,
            "isInPlay": false
          }
        ],
        "isOffline": false
      }
    ],
    "selectedPlayerCount": 2,
    "currentPlayer": 1,
    "diceValue": 1,
    "gameStarted": true,
    "timestamp": 1787176068535,
    "playersSeq": 24
  }
}
[2026-08-19T21:48:08.348Z] [LUDO-EVENT] players-get-response {
  "gameId": "mt0mfr0yusoa89"
}
[2026-08-19T21:48:08.349Z] [LUDO-STATE] game:mt0mfr0yusoa89 {
  "gameId": "mt0mfr0yusoa89",
  "snapshot": {
    "gameId": "mt0mfr0yusoa89",
    "players": [
      {
        "id": 0,
        "name": "Mohammad Ikram",
        "color": "#E53935",
        "avatar": "https://res.cloudinary.com/dz88yjerw/image/upload/v1786061008/y2bgpcmceri6ogm2anvw.png",
        "cover": "https://res.cloudinary.com/dz88yjerw/image/upload/v1780098021/abtk9davy21pzff2x0cd.png",
        "profileId": "67bf1e4009395add03e1e234",
        "isActive": true,
        "pieces": [
          {
            "id": 0,
            "steps": 0,
            "isHome": true,
            "isInPlay": false
          },
          {
            "id": 1,
            "steps": 0,
            "isHome": true,
            "isInPlay": false
          },
          {
            "id": 2,
            "steps": 1,
            "isHome": false,
            "isInPlay": true
          },
          {
            "id": 3,
            "steps": 0,
            "isHome": true,
            "isInPlay": false
          }
        ],
        "isOffline": false
      },
      {
        "id": 1,
        "name": "Md Atik",
        "color": "#43A047",
        "avatar": "https://res.cloudinary.com/dz88yjerw/image/upload/v1779774308/ccut8qllcbmzl6bxx0yy.png",
        "cover": "https://res.cloudinary.com/dz88yjerw/image/upload/v1759779146/gyshxw4n76fbsohz3rcz.jpg",
        "profileId": "67e431d61e4463f7adfa544e",
        "isActive": true,
        "pieces": [
          {
            "id": 0,
            "steps": 2,
            "isHome": false,
            "isInPlay": true
          },
          {
            "id": 1,
            "steps": 0,
            "isHome": true,
            "isInPlay": false
          },
          {
            "id": 2,
            "steps": 9,
            "isHome": false,
            "isInPlay": true
          },
          {
            "id": 3,
            "steps": 0,
            "isHome": true,
            "isInPlay": false
          }
        ],
        "isOffline": false
      }
    ],
    "selectedPlayerCount": 2,
    "currentPlayer": 1,
    "diceValue": 1,
    "gameStarted": true,
    "timestamp": 1787176068535,
    "playersSeq": 24
  }
}
[2026-08-19T21:48:09.764Z] [LUDO-EVENT] players-get-response {
  "gameId": "mt0mfr0yusoa89"
}
[2026-08-19T21:48:09.765Z] [LUDO-STATE] game:mt0mfr0yusoa89 {
  "gameId": "mt0mfr0yusoa89",
  "snapshot": {
    "gameId": "mt0mfr0yusoa89",
    "players": [
      {
        "id": 0,
        "name": "Mohammad Ikram",
        "color": "#E53935",
        "avatar": "https://res.cloudinary.com/dz88yjerw/image/upload/v1786061008/y2bgpcmceri6ogm2anvw.png",
        "cover": "https://res.cloudinary.com/dz88yjerw/image/upload/v1780098021/abtk9davy21pzff2x0cd.png",
        "profileId": "67bf1e4009395add03e1e234",
        "isActive": true,
        "pieces": [
          {
            "id": 0,
            "steps": 0,
            "isHome": true,
            "isInPlay": false
          },
          {
            "id": 1,
            "steps": 0,
            "isHome": true,
            "isInPlay": false
          },
          {
            "id": 2,
            "steps": 1,
            "isHome": false,
            "isInPlay": true
          },
          {
            "id": 3,
            "steps": 0,
            "isHome": true,
            "isInPlay": false
          }
        ],
        "isOffline": false
      },
      {
        "id": 1,
        "name": "Md Atik",
        "color": "#43A047",
        "avatar": "https://res.cloudinary.com/dz88yjerw/image/upload/v1779774308/ccut8qllcbmzl6bxx0yy.png",
        "cover": "https://res.cloudinary.com/dz88yjerw/image/upload/v1759779146/gyshxw4n76fbsohz3rcz.jpg",
        "profileId": "67e431d61e4463f7adfa544e",
        "isActive": true,
        "pieces": [
          {
            "id": 0,
            "steps": 2,
            "isHome": false,
            "isInPlay": true
          },
          {
            "id": 1,
            "steps": 0,
            "isHome": true,
            "isInPlay": false
          },
          {
            "id": 2,
            "steps": 9,
            "isHome": false,
            "isInPlay": true
          },
          {
            "id": 3,
            "steps": 0,
            "isHome": true,
            "isInPlay": false
          }
        ],
        "isOffline": false
      }
    ],
    "selectedPlayerCount": 2,
    "currentPlayer": 1,
    "diceValue": 1,
    "gameStarted": true,
    "timestamp": 1787176068535,
    "playersSeq": 24
  }
}
[2026-08-19T21:48:11.350Z] [LUDO-EVENT] players-get-response {
  "gameId": "mt0mfr0yusoa89"
}
[2026-08-19T21:48:11.351Z] [LUDO-STATE] game:mt0mfr0yusoa89 {
  "gameId": "mt0mfr0yusoa89",
  "snapshot": {
    "gameId": "mt0mfr0yusoa89",
    "players": [
      {
        "id": 0,
        "name": "Mohammad Ikram",
        "color": "#E53935",
        "avatar": "https://res.cloudinary.com/dz88yjerw/image/upload/v1786061008/y2bgpcmceri6ogm2anvw.png",
        "cover": "https://res.cloudinary.com/dz88yjerw/image/upload/v1780098021/abtk9davy21pzff2x0cd.png",
        "profileId": "67bf1e4009395add03e1e234",
        "isActive": true,
        "pieces": [
          {
            "id": 0,
            "steps": 0,
            "isHome": true,
            "isInPlay": false
          },
          {
            "id": 1,
            "steps": 0,
            "isHome": true,
            "isInPlay": false
          },
          {
            "id": 2,
            "steps": 1,
            "isHome": false,
            "isInPlay": true
          },
          {
            "id": 3,
            "steps": 0,
            "isHome": true,
            "isInPlay": false
          }
        ],
        "isOffline": false
      },
      {
        "id": 1,
        "name": "Md Atik",
        "color": "#43A047",
        "avatar": "https://res.cloudinary.com/dz88yjerw/image/upload/v1779774308/ccut8qllcbmzl6bxx0yy.png",
        "cover": "https://res.cloudinary.com/dz88yjerw/image/upload/v1759779146/gyshxw4n76fbsohz3rcz.jpg",
        "profileId": "67e431d61e4463f7adfa544e",
        "isActive": true,
        "pieces": [
          {
            "id": 0,
            "steps": 2,
            "isHome": false,
            "isInPlay": true
          },
          {
            "id": 1,
            "steps": 0,
            "isHome": true,
            "isInPlay": false
          },
          {
            "id": 2,
            "steps": 9,
            "isHome": false,
            "isInPlay": true
          },
          {
            "id": 3,
            "steps": 0,
            "isHome": true,
            "isInPlay": false
          }
        ],
        "isOffline": false
      }
    ],
    "selectedPlayerCount": 2,
    "currentPlayer": 1,
    "diceValue": 1,
    "gameStarted": true,
    "timestamp": 1787176068535,
    "playersSeq": 24
  }
}
[2026-08-19T21:48:12.827Z] [LUDO-EVENT] players-get-response {
  "gameId": "mt0mfr0yusoa89"
}
[2026-08-19T21:48:12.828Z] [LUDO-STATE] game:mt0mfr0yusoa89 {
  "gameId": "mt0mfr0yusoa89",
  "snapshot": {
    "gameId": "mt0mfr0yusoa89",
    "players": [
      {
        "id": 0,
        "name": "Mohammad Ikram",
        "color": "#E53935",
        "avatar": "https://res.cloudinary.com/dz88yjerw/image/upload/v1786061008/y2bgpcmceri6ogm2anvw.png",
        "cover": "https://res.cloudinary.com/dz88yjerw/image/upload/v1780098021/abtk9davy21pzff2x0cd.png",
        "profileId": "67bf1e4009395add03e1e234",
        "isActive": true,
        "pieces": [
          {
            "id": 0,
            "steps": 0,
            "isHome": true,
            "isInPlay": false
          },
          {
            "id": 1,
            "steps": 0,
            "isHome": true,
            "isInPlay": false
          },
          {
            "id": 2,
            "steps": 1,
            "isHome": false,
            "isInPlay": true
          },
          {
            "id": 3,
            "steps": 0,
            "isHome": true,
            "isInPlay": false
          }
        ],
        "isOffline": false
      },
      {
        "id": 1,
        "name": "Md Atik",
        "color": "#43A047",
        "avatar": "https://res.cloudinary.com/dz88yjerw/image/upload/v1779774308/ccut8qllcbmzl6bxx0yy.png",
        "cover": "https://res.cloudinary.com/dz88yjerw/image/upload/v1759779146/gyshxw4n76fbsohz3rcz.jpg",
        "profileId": "67e431d61e4463f7adfa544e",
        "isActive": true,
        "pieces": [
          {
            "id": 0,
            "steps": 2,
            "isHome": false,
            "isInPlay": true
          },
          {
            "id": 1,
            "steps": 0,
            "isHome": true,
            "isInPlay": false
          },
          {
            "id": 2,
            "steps": 9,
            "isHome": false,
            "isInPlay": true
          },
          {
            "id": 3,
            "steps": 0,
            "isHome": true,
            "isInPlay": false
          }
        ],
        "isOffline": false
      }
    ],
    "selectedPlayerCount": 2,
    "currentPlayer": 1,
    "diceValue": 1,
    "gameStarted": true,
    "timestamp": 1787176068535,
    "playersSeq": 24
  }
}
[2026-08-19T21:48:14.366Z] [LUDO-EVENT] players-get-response {
  "gameId": "mt0mfr0yusoa89"
}
[2026-08-19T21:48:14.367Z] [LUDO-STATE] game:mt0mfr0yusoa89 {
  "gameId": "mt0mfr0yusoa89",
  "snapshot": {
    "gameId": "mt0mfr0yusoa89",
    "players": [
      {
        "id": 0,
        "name": "Mohammad Ikram",
        "color": "#E53935",
        "avatar": "https://res.cloudinary.com/dz88yjerw/image/upload/v1786061008/y2bgpcmceri6ogm2anvw.png",
        "cover": "https://res.cloudinary.com/dz88yjerw/image/upload/v1780098021/abtk9davy21pzff2x0cd.png",
        "profileId": "67bf1e4009395add03e1e234",
        "isActive": true,
        "pieces": [
          {
            "id": 0,
            "steps": 0,
            "isHome": true,
            "isInPlay": false
          },
          {
            "id": 1,
            "steps": 0,
            "isHome": true,
            "isInPlay": false
          },
          {
            "id": 2,
            "steps": 1,
            "isHome": false,
            "isInPlay": true
          },
          {
            "id": 3,
            "steps": 0,
            "isHome": true,
            "isInPlay": false
          }
        ],
        "isOffline": false
      },
      {
        "id": 1,
        "name": "Md Atik",
        "color": "#43A047",
        "avatar": "https://res.cloudinary.com/dz88yjerw/image/upload/v1779774308/ccut8qllcbmzl6bxx0yy.png",
        "cover": "https://res.cloudinary.com/dz88yjerw/image/upload/v1759779146/gyshxw4n76fbsohz3rcz.jpg",
        "profileId": "67e431d61e4463f7adfa544e",
        "isActive": true,
        "pieces": [
          {
            "id": 0,
            "steps": 2,
            "isHome": false,
            "isInPlay": true
          },
          {
            "id": 1,
            "steps": 0,
            "isHome": true,
            "isInPlay": false
          },
          {
            "id": 2,
            "steps": 9,
            "isHome": false,
            "isInPlay": true
          },
          {
            "id": 3,
            "steps": 0,
            "isHome": true,
            "isInPlay": false
          }
        ],
        "isOffline": false
      }
    ],
    "selectedPlayerCount": 2,
    "currentPlayer": 1,
    "diceValue": 1,
    "gameStarted": true,
    "timestamp": 1787176068535,
    "playersSeq": 24
  }
}
[2026-08-19T21:48:17.366Z] [LUDO-EVENT] players-get-response {
  "gameId": "mt0mfr0yusoa89"
}
[2026-08-19T21:48:17.366Z] [LUDO-STATE] game:mt0mfr0yusoa89 {
  "gameId": "mt0mfr0yusoa89",
  "snapshot": {
    "gameId": "mt0mfr0yusoa89",
    "players": [
      {
        "id": 0,
        "name": "Mohammad Ikram",
        "color": "#E53935",
        "avatar": "https://res.cloudinary.com/dz88yjerw/image/upload/v1786061008/y2bgpcmceri6ogm2anvw.png",
        "cover": "https://res.cloudinary.com/dz88yjerw/image/upload/v1780098021/abtk9davy21pzff2x0cd.png",
        "profileId": "67bf1e4009395add03e1e234",
        "isActive": true,
        "pieces": [
          {
            "id": 0,
            "steps": 0,
            "isHome": true,
            "isInPlay": false
          },
          {
            "id": 1,
            "steps": 0,
            "isHome": true,
            "isInPlay": false
          },
          {
            "id": 2,
            "steps": 1,
            "isHome": false,
            "isInPlay": true
          },
          {
            "id": 3,
            "steps": 0,
            "isHome": true,
            "isInPlay": false
          }
        ],
        "isOffline": false
      },
      {
        "id": 1,
        "name": "Md Atik",
        "color": "#43A047",
        "avatar": "https://res.cloudinary.com/dz88yjerw/image/upload/v1779774308/ccut8qllcbmzl6bxx0yy.png",
        "cover": "https://res.cloudinary.com/dz88yjerw/image/upload/v1759779146/gyshxw4n76fbsohz3rcz.jpg",
        "profileId": "67e431d61e4463f7adfa544e",
        "isActive": true,
        "pieces": [
          {
            "id": 0,
            "steps": 2,
            "isHome": false,
            "isInPlay": true
          },
          {
            "id": 1,
            "steps": 0,
            "isHome": true,
            "isInPlay": false
          },
          {
            "id": 2,
            "steps": 9,
            "isHome": false,
            "isInPlay": true
          },
          {
            "id": 3,
            "steps": 0,
            "isHome": true,
            "isInPlay": false
          }
        ],
        "isOffline": false
      }
    ],
    "selectedPlayerCount": 2,
    "currentPlayer": 1,
    "diceValue": 1,
    "gameStarted": true,
    "timestamp": 1787176068535,
    "playersSeq": 24
  }
}
[2026-08-19T21:48:18.462Z] [LUDO-EVENT] players-get-response {
  "gameId": "mt0mfr0yusoa89"
}
[2026-08-19T21:48:18.463Z] [LUDO-STATE] game:mt0mfr0yusoa89 {
  "gameId": "mt0mfr0yusoa89",
  "snapshot": {
    "gameId": "mt0mfr0yusoa89",
    "players": [
      {
        "id": 0,
        "name": "Mohammad Ikram",
        "color": "#E53935",
        "avatar": "https://res.cloudinary.com/dz88yjerw/image/upload/v1786061008/y2bgpcmceri6ogm2anvw.png",
        "cover": "https://res.cloudinary.com/dz88yjerw/image/upload/v1780098021/abtk9davy21pzff2x0cd.png",
        "profileId": "67bf1e4009395add03e1e234",
        "isActive": true,
        "pieces": [
          {
            "id": 0,
            "steps": 0,
            "isHome": true,
            "isInPlay": false
          },
          {
            "id": 1,
            "steps": 0,
            "isHome": true,
            "isInPlay": false
          },
          {
            "id": 2,
            "steps": 1,
            "isHome": false,
            "isInPlay": true
          },
          {
            "id": 3,
            "steps": 0,
            "isHome": true,
            "isInPlay": false
          }
        ],
        "isOffline": false
      },
      {
        "id": 1,
        "name": "Md Atik",
        "color": "#43A047",
        "avatar": "https://res.cloudinary.com/dz88yjerw/image/upload/v1779774308/ccut8qllcbmzl6bxx0yy.png",
        "cover": "https://res.cloudinary.com/dz88yjerw/image/upload/v1759779146/gyshxw4n76fbsohz3rcz.jpg",
        "profileId": "67e431d61e4463f7adfa544e",
        "isActive": true,
        "pieces": [
          {
            "id": 0,
            "steps": 2,
            "isHome": false,
            "isInPlay": true
          },
          {
            "id": 1,
            "steps": 0,
            "isHome": true,
            "isInPlay": false
          },
          {
            "id": 2,
            "steps": 9,
            "isHome": false,
            "isInPlay": true
          },
          {
            "id": 3,
            "steps": 0,
            "isHome": true,
            "isInPlay": false
          }
        ],
        "isOffline": false
      }
    ],
    "selectedPlayerCount": 2,
    "currentPlayer": 1,
    "diceValue": 1,
    "gameStarted": true,
    "timestamp": 1787176068535,
    "playersSeq": 24
  }
}
[2026-08-19T21:48:20.369Z] [LUDO-EVENT] players-get-response {
  "gameId": "mt0mfr0yusoa89"
}
[2026-08-19T21:48:20.369Z] [LUDO-STATE] game:mt0mfr0yusoa89 {
  "gameId": "mt0mfr0yusoa89",
  "snapshot": {
    "gameId": "mt0mfr0yusoa89",
    "players": [
      {
        "id": 0,
        "name": "Mohammad Ikram",
        "color": "#E53935",
        "avatar": "https://res.cloudinary.com/dz88yjerw/image/upload/v1786061008/y2bgpcmceri6ogm2anvw.png",
        "cover": "https://res.cloudinary.com/dz88yjerw/image/upload/v1780098021/abtk9davy21pzff2x0cd.png",
        "profileId": "67bf1e4009395add03e1e234",
        "isActive": true,
        "pieces": [
          {
            "id": 0,
            "steps": 0,
            "isHome": true,
            "isInPlay": false
          },
          {
            "id": 1,
            "steps": 0,
            "isHome": true,
            "isInPlay": false
          },
          {
            "id": 2,
            "steps": 1,
            "isHome": false,
            "isInPlay": true
          },
          {
            "id": 3,
            "steps": 0,
            "isHome": true,
            "isInPlay": false
          }
        ],
        "isOffline": false
      },
      {
        "id": 1,
        "name": "Md Atik",
        "color": "#43A047",
        "avatar": "https://res.cloudinary.com/dz88yjerw/image/upload/v1779774308/ccut8qllcbmzl6bxx0yy.png",
        "cover": "https://res.cloudinary.com/dz88yjerw/image/upload/v1759779146/gyshxw4n76fbsohz3rcz.jpg",
        "profileId": "67e431d61e4463f7adfa544e",
        "isActive": true,
        "pieces": [
          {
            "id": 0,
            "steps": 2,
            "isHome": false,
            "isInPlay": true
          },
          {
            "id": 1,
            "steps": 0,
            "isHome": true,
            "isInPlay": false
          },
          {
            "id": 2,
            "steps": 9,
            "isHome": false,
            "isInPlay": true
          },
          {
            "id": 3,
            "steps": 0,
            "isHome": true,
            "isInPlay": false
          }
        ],
        "isOffline": false
      }
    ],
    "selectedPlayerCount": 2,
    "currentPlayer": 1,
    "diceValue": 1,
    "gameStarted": true,
    "timestamp": 1787176068535,
    "playersSeq": 24
  }
}
[2026-08-19T21:48:22.032Z] [LUDO-EVENT] players-get-response {
  "gameId": "mt0mfr0yusoa89"
}
[2026-08-19T21:48:22.032Z] [LUDO-STATE] game:mt0mfr0yusoa89 {
  "gameId": "mt0mfr0yusoa89",
  "snapshot": {
    "gameId": "mt0mfr0yusoa89",
    "players": [
      {
        "id": 0,
        "name": "Mohammad Ikram",
        "color": "#E53935",
        "avatar": "https://res.cloudinary.com/dz88yjerw/image/upload/v1786061008/y2bgpcmceri6ogm2anvw.png",
        "cover": "https://res.cloudinary.com/dz88yjerw/image/upload/v1780098021/abtk9davy21pzff2x0cd.png",
        "profileId": "67bf1e4009395add03e1e234",
        "isActive": true,
        "pieces": [
          {
            "id": 0,
            "steps": 0,
            "isHome": true,
            "isInPlay": false
          },
          {
            "id": 1,
            "steps": 0,
            "isHome": true,
            "isInPlay": false
          },
          {
            "id": 2,
            "steps": 1,
            "isHome": false,
            "isInPlay": true
          },
          {
            "id": 3,
            "steps": 0,
            "isHome": true,
            "isInPlay": false
          }
        ],
        "isOffline": false
      },
      {
        "id": 1,
        "name": "Md Atik",
        "color": "#43A047",
        "avatar": "https://res.cloudinary.com/dz88yjerw/image/upload/v1779774308/ccut8qllcbmzl6bxx0yy.png",
        "cover": "https://res.cloudinary.com/dz88yjerw/image/upload/v1759779146/gyshxw4n76fbsohz3rcz.jpg",
        "profileId": "67e431d61e4463f7adfa544e",
        "isActive": true,
        "pieces": [
          {
            "id": 0,
            "steps": 2,
            "isHome": false,
            "isInPlay": true
          },
          {
            "id": 1,
            "steps": 0,
            "isHome": true,
            "isInPlay": false
          },
          {
            "id": 2,
            "steps": 9,
            "isHome": false,
            "isInPlay": true
          },
          {
            "id": 3,
            "steps": 0,
            "isHome": true,
            "isInPlay": false
          }
        ],
        "isOffline": false
      }
    ],
    "selectedPlayerCount": 2,
    "currentPlayer": 1,
    "diceValue": 1,
    "gameStarted": true,
    "timestamp": 1787176068535,
    "playersSeq": 24
  }
}
[2026-08-19T21:48:23.375Z] [LUDO-EVENT] players-get-response {
  "gameId": "mt0mfr0yusoa89"
}
[2026-08-19T21:48:23.375Z] [LUDO-STATE] game:mt0mfr0yusoa89 {
  "gameId": "mt0mfr0yusoa89",
  "snapshot": {
    "gameId": "mt0mfr0yusoa89",
    "players": [
      {
        "id": 0,
        "name": "Mohammad Ikram",
        "color": "#E53935",
        "avatar": "https://res.cloudinary.com/dz88yjerw/image/upload/v1786061008/y2bgpcmceri6ogm2anvw.png",
        "cover": "https://res.cloudinary.com/dz88yjerw/image/upload/v1780098021/abtk9davy21pzff2x0cd.png",
        "profileId": "67bf1e4009395add03e1e234",
        "isActive": true,
        "pieces": [
          {
            "id": 0,
            "steps": 0,
            "isHome": true,
            "isInPlay": false
          },
          {
            "id": 1,
            "steps": 0,
            "isHome": true,
            "isInPlay": false
          },
          {
            "id": 2,
            "steps": 1,
            "isHome": false,
            "isInPlay": true
          },
          {
            "id": 3,
            "steps": 0,
            "isHome": true,
            "isInPlay": false
          }
        ],
        "isOffline": false
      },
      {
        "id": 1,
        "name": "Md Atik",
        "color": "#43A047",
        "avatar": "https://res.cloudinary.com/dz88yjerw/image/upload/v1779774308/ccut8qllcbmzl6bxx0yy.png",
        "cover": "https://res.cloudinary.com/dz88yjerw/image/upload/v1759779146/gyshxw4n76fbsohz3rcz.jpg",
        "profileId": "67e431d61e4463f7adfa544e",
        "isActive": true,
        "pieces": [
          {
            "id": 0,
            "steps": 2,
            "isHome": false,
            "isInPlay": true
          },
          {
            "id": 1,
            "steps": 0,
            "isHome": true,
            "isInPlay": false
          },
          {
            "id": 2,
            "steps": 9,
            "isHome": false,
            "isInPlay": true
          },
          {
            "id": 3,
            "steps": 0,
            "isHome": true,
            "isInPlay": false
          }
        ],
        "isOffline": false
      }
    ],
    "selectedPlayerCount": 2,
    "currentPlayer": 1,
    "diceValue": 1,
    "gameStarted": true,
    "timestamp": 1787176068535,
    "playersSeq": 24
  }
}
[2026-08-19T21:48:26.370Z] [LUDO-EVENT] players-get-response {
  "gameId": "mt0mfr0yusoa89"
}
[2026-08-19T21:48:26.371Z] [LUDO-STATE] game:mt0mfr0yusoa89 {
  "gameId": "mt0mfr0yusoa89",
  "snapshot": {
    "gameId": "mt0mfr0yusoa89",
    "players": [
      {
        "id": 0,
        "name": "Mohammad Ikram",
        "color": "#E53935",
        "avatar": "https://res.cloudinary.com/dz88yjerw/image/upload/v1786061008/y2bgpcmceri6ogm2anvw.png",
        "cover": "https://res.cloudinary.com/dz88yjerw/image/upload/v1780098021/abtk9davy21pzff2x0cd.png",
        "profileId": "67bf1e4009395add03e1e234",
        "isActive": true,
        "pieces": [
          {
            "id": 0,
            "steps": 0,
            "isHome": true,
            "isInPlay": false
          },
          {
            "id": 1,
            "steps": 0,
            "isHome": true,
            "isInPlay": false
          },
          {
            "id": 2,
            "steps": 1,
            "isHome": false,
            "isInPlay": true
          },
          {
            "id": 3,
            "steps": 0,
            "isHome": true,
            "isInPlay": false
          }
        ],
        "isOffline": false
      },
      {
        "id": 1,
        "name": "Md Atik",
        "color": "#43A047",
        "avatar": "https://res.cloudinary.com/dz88yjerw/image/upload/v1779774308/ccut8qllcbmzl6bxx0yy.png",
        "cover": "https://res.cloudinary.com/dz88yjerw/image/upload/v1759779146/gyshxw4n76fbsohz3rcz.jpg",
        "profileId": "67e431d61e4463f7adfa544e",
        "isActive": true,
        "pieces": [
          {
            "id": 0,
            "steps": 2,
            "isHome": false,
            "isInPlay": true
          },
          {
            "id": 1,
            "steps": 0,
            "isHome": true,
            "isInPlay": false
          },
          {
            "id": 2,
            "steps": 9,
            "isHome": false,
            "isInPlay": true
          },
          {
            "id": 3,
            "steps": 0,
            "isHome": true,
            "isInPlay": false
          }
        ],
        "isOffline": false
      }
    ],
    "selectedPlayerCount": 2,
    "currentPlayer": 1,
    "diceValue": 1,
    "gameStarted": true,
    "timestamp": 1787176068535,
    "playersSeq": 24
  }
}
[2026-08-19T21:48:28.018Z] [LUDO-EVENT] players-get-response {
  "gameId": "mt0mfr0yusoa89"
}
[2026-08-19T21:48:28.018Z] [LUDO-STATE] game:mt0mfr0yusoa89 {
  "gameId": "mt0mfr0yusoa89",
  "snapshot": {
    "gameId": "mt0mfr0yusoa89",
    "players": [
      {
        "id": 0,
        "name": "Mohammad Ikram",
        "color": "#E53935",
        "avatar": "https://res.cloudinary.com/dz88yjerw/image/upload/v1786061008/y2bgpcmceri6ogm2anvw.png",
        "cover": "https://res.cloudinary.com/dz88yjerw/image/upload/v1780098021/abtk9davy21pzff2x0cd.png",
        "profileId": "67bf1e4009395add03e1e234",
        "isActive": true,
        "pieces": [
          {
            "id": 0,
            "steps": 0,
            "isHome": true,
            "isInPlay": false
          },
          {
            "id": 1,
            "steps": 0,
            "isHome": true,
            "isInPlay": false
          },
          {
            "id": 2,
            "steps": 1,
            "isHome": false,
            "isInPlay": true
          },
          {
            "id": 3,
            "steps": 0,
            "isHome": true,
            "isInPlay": false
          }
        ],
        "isOffline": false
      },
      {
        "id": 1,
        "name": "Md Atik",
        "color": "#43A047",
        "avatar": "https://res.cloudinary.com/dz88yjerw/image/upload/v1779774308/ccut8qllcbmzl6bxx0yy.png",
        "cover": "https://res.cloudinary.com/dz88yjerw/image/upload/v1759779146/gyshxw4n76fbsohz3rcz.jpg",
        "profileId": "67e431d61e4463f7adfa544e",
        "isActive": true,
        "pieces": [
          {
            "id": 0,
            "steps": 2,
            "isHome": false,
            "isInPlay": true
          },
          {
            "id": 1,
            "steps": 0,
            "isHome": true,
            "isInPlay": false
          },
          {
            "id": 2,
            "steps": 9,
            "isHome": false,
            "isInPlay": true
          },
          {
            "id": 3,
            "steps": 0,
            "isHome": true,
            "isInPlay": false
          }
        ],
        "isOffline": false
      }
    ],
    "selectedPlayerCount": 2,
    "currentPlayer": 1,
    "diceValue": 1,
    "gameStarted": true,
    "timestamp": 1787176068535,
    "playersSeq": 24
  }
}
[2026-08-19T21:48:29.370Z] [LUDO-EVENT] players-get-response {
  "gameId": "mt0mfr0yusoa89"
}
[2026-08-19T21:48:29.371Z] [LUDO-STATE] game:mt0mfr0yusoa89 {
  "gameId": "mt0mfr0yusoa89",
  "snapshot": {
    "gameId": "mt0mfr0yusoa89",
    "players": [
      {
        "id": 0,
        "name": "Mohammad Ikram",
        "color": "#E53935",
        "avatar": "https://res.cloudinary.com/dz88yjerw/image/upload/v1786061008/y2bgpcmceri6ogm2anvw.png",
        "cover": "https://res.cloudinary.com/dz88yjerw/image/upload/v1780098021/abtk9davy21pzff2x0cd.png",
        "profileId": "67bf1e4009395add03e1e234",
        "isActive": true,
        "pieces": [
          {
            "id": 0,
            "steps": 0,
            "isHome": true,
            "isInPlay": false
          },
          {
            "id": 1,
            "steps": 0,
            "isHome": true,
            "isInPlay": false
          },
          {
            "id": 2,
            "steps": 1,
            "isHome": false,
            "isInPlay": true
          },
          {
            "id": 3,
            "steps": 0,
            "isHome": true,
            "isInPlay": false
          }
        ],
        "isOffline": false
      },
      {
        "id": 1,
        "name": "Md Atik",
        "color": "#43A047",
        "avatar": "https://res.cloudinary.com/dz88yjerw/image/upload/v1779774308/ccut8qllcbmzl6bxx0yy.png",
        "cover": "https://res.cloudinary.com/dz88yjerw/image/upload/v1759779146/gyshxw4n76fbsohz3rcz.jpg",
        "profileId": "67e431d61e4463f7adfa544e",
        "isActive": true,
        "pieces": [
          {
            "id": 0,
            "steps": 2,
            "isHome": false,
            "isInPlay": true
          },
          {
            "id": 1,
            "steps": 0,
            "isHome": true,
            "isInPlay": false
          },
          {
            "id": 2,
            "steps": 9,
            "isHome": false,
            "isInPlay": true
          },
          {
            "id": 3,
            "steps": 0,
            "isHome": true,
            "isInPlay": false
          }
        ],
        "isOffline": false
      }
    ],
    "selectedPlayerCount": 2,
    "currentPlayer": 1,
    "diceValue": 1,
    "gameStarted": true,
    "timestamp": 1787176068535,
    "playersSeq": 24
  }
}
[2026-08-19T21:48:32.370Z] [LUDO-EVENT] players-get-response {
  "gameId": "mt0mfr0yusoa89"
}
[2026-08-19T21:48:32.371Z] [LUDO-STATE] game:mt0mfr0yusoa89 {
  "gameId": "mt0mfr0yusoa89",
  "snapshot": {
    "gameId": "mt0mfr0yusoa89",
    "players": [
      {
        "id": 0,
        "name": "Mohammad Ikram",
        "color": "#E53935",
        "avatar": "https://res.cloudinary.com/dz88yjerw/image/upload/v1786061008/y2bgpcmceri6ogm2anvw.png",
        "cover": "https://res.cloudinary.com/dz88yjerw/image/upload/v1780098021/abtk9davy21pzff2x0cd.png",
        "profileId": "67bf1e4009395add03e1e234",
        "isActive": true,
        "pieces": [
          {
            "id": 0,
            "steps": 0,
            "isHome": true,
            "isInPlay": false
          },
          {
            "id": 1,
            "steps": 0,
            "isHome": true,
            "isInPlay": false
          },
          {
            "id": 2,
            "steps": 1,
            "isHome": false,
            "isInPlay": true
          },
          {
            "id": 3,
            "steps": 0,
            "isHome": true,
            "isInPlay": false
          }
        ],
        "isOffline": false
      },
      {
        "id": 1,
        "name": "Md Atik",
        "color": "#43A047",
        "avatar": "https://res.cloudinary.com/dz88yjerw/image/upload/v1779774308/ccut8qllcbmzl6bxx0yy.png",
        "cover": "https://res.cloudinary.com/dz88yjerw/image/upload/v1759779146/gyshxw4n76fbsohz3rcz.jpg",
        "profileId": "67e431d61e4463f7adfa544e",
        "isActive": true,
        "pieces": [
          {
            "id": 0,
            "steps": 2,
            "isHome": false,
            "isInPlay": true
          },
          {
            "id": 1,
            "steps": 0,
            "isHome": true,
            "isInPlay": false
          },
          {
            "id": 2,
            "steps": 9,
            "isHome": false,
            "isInPlay": true
          },
          {
            "id": 3,
            "steps": 0,
            "isHome": true,
            "isInPlay": false
          }
        ],
        "isOffline": false
      }
    ],
    "selectedPlayerCount": 2,
    "currentPlayer": 1,
    "diceValue": 1,
    "gameStarted": true,
    "timestamp": 1787176068535,
    "playersSeq": 24
  }
}
[2026-08-19T21:48:34.018Z] [LUDO-EVENT] players-get-response {
  "gameId": "mt0mfr0yusoa89"
}
[2026-08-19T21:48:34.019Z] [LUDO-STATE] game:mt0mfr0yusoa89 {
  "gameId": "mt0mfr0yusoa89",
  "snapshot": {
    "gameId": "mt0mfr0yusoa89",
    "players": [
      {
        "id": 0,
        "name": "Mohammad Ikram",
        "color": "#E53935",
        "avatar": "https://res.cloudinary.com/dz88yjerw/image/upload/v1786061008/y2bgpcmceri6ogm2anvw.png",
        "cover": "https://res.cloudinary.com/dz88yjerw/image/upload/v1780098021/abtk9davy21pzff2x0cd.png",
        "profileId": "67bf1e4009395add03e1e234",
        "isActive": true,
        "pieces": [
          {
            "id": 0,
            "steps": 0,
            "isHome": true,
            "isInPlay": false
          },
          {
            "id": 1,
            "steps": 0,
            "isHome": true,
            "isInPlay": false
          },
          {
            "id": 2,
            "steps": 1,
            "isHome": false,
            "isInPlay": true
          },
          {
            "id": 3,
            "steps": 0,
            "isHome": true,
            "isInPlay": false
          }
        ],
        "isOffline": false
      },
      {
        "id": 1,
        "name": "Md Atik",
        "color": "#43A047",
        "avatar": "https://res.cloudinary.com/dz88yjerw/image/upload/v1779774308/ccut8qllcbmzl6bxx0yy.png",
        "cover": "https://res.cloudinary.com/dz88yjerw/image/upload/v1759779146/gyshxw4n76fbsohz3rcz.jpg",
        "profileId": "67e431d61e4463f7adfa544e",
        "isActive": true,
        "pieces": [
          {
            "id": 0,
            "steps": 2,
            "isHome": false,
            "isInPlay": true
          },
          {
            "id": 1,
            "steps": 0,
            "isHome": true,
            "isInPlay": false
          },
          {
            "id": 2,
            "steps": 9,
            "isHome": false,
            "isInPlay": true
          },
          {
            "id": 3,
            "steps": 0,
            "isHome": true,
            "isInPlay": false
          }
        ],
        "isOffline": false
      }
    ],
    "selectedPlayerCount": 2,
    "currentPlayer": 1,
    "diceValue": 1,
    "gameStarted": true,
    "timestamp": 1787176068535,
    "playersSeq": 24
  }
}
[2026-08-19T21:48:35.384Z] [LUDO-EVENT] players-get-response {
  "gameId": "mt0mfr0yusoa89"
}
[2026-08-19T21:48:35.384Z] [LUDO-STATE] game:mt0mfr0yusoa89 {
  "gameId": "mt0mfr0yusoa89",
  "snapshot": {
    "gameId": "mt0mfr0yusoa89",
    "players": [
      {
        "id": 0,
        "name": "Mohammad Ikram",
        "color": "#E53935",
        "avatar": "https://res.cloudinary.com/dz88yjerw/image/upload/v1786061008/y2bgpcmceri6ogm2anvw.png",
        "cover": "https://res.cloudinary.com/dz88yjerw/image/upload/v1780098021/abtk9davy21pzff2x0cd.png",
        "profileId": "67bf1e4009395add03e1e234",
        "isActive": true,
        "pieces": [
          {
            "id": 0,
            "steps": 0,
            "isHome": true,
            "isInPlay": false
          },
          {
            "id": 1,
            "steps": 0,
            "isHome": true,
            "isInPlay": false
          },
          {
            "id": 2,
            "steps": 1,
            "isHome": false,
            "isInPlay": true
          },
          {
            "id": 3,
            "steps": 0,
            "isHome": true,
            "isInPlay": false
          }
        ],
        "isOffline": false
      },
      {
        "id": 1,
        "name": "Md Atik",
        "color": "#43A047",
        "avatar": "https://res.cloudinary.com/dz88yjerw/image/upload/v1779774308/ccut8qllcbmzl6bxx0yy.png",
        "cover": "https://res.cloudinary.com/dz88yjerw/image/upload/v1759779146/gyshxw4n76fbsohz3rcz.jpg",
        "profileId": "67e431d61e4463f7adfa544e",
        "isActive": true,
        "pieces": [
          {
            "id": 0,
            "steps": 2,
            "isHome": false,
            "isInPlay": true
          },
          {
            "id": 1,
            "steps": 0,
            "isHome": true,
            "isInPlay": false
          },
          {
            "id": 2,
            "steps": 9,
            "isHome": false,
            "isInPlay": true
          },
          {
            "id": 3,
            "steps": 0,
            "isHome": true,
            "isInPlay": false
          }
        ],
        "isOffline": false
      }
    ],
    "selectedPlayerCount": 2,
    "currentPlayer": 1,
    "diceValue": 1,
    "gameStarted": true,
    "timestamp": 1787176068535,
    "playersSeq": 24
  }
}
[2026-08-19T21:48:38.373Z] [LUDO-EVENT] players-get-response {
  "gameId": "mt0mfr0yusoa89"
}
[2026-08-19T21:48:38.374Z] [LUDO-STATE] game:mt0mfr0yusoa89 {
  "gameId": "mt0mfr0yusoa89",
  "snapshot": {
    "gameId": "mt0mfr0yusoa89",
    "players": [
      {
        "id": 0,
        "name": "Mohammad Ikram",
        "color": "#E53935",
        "avatar": "https://res.cloudinary.com/dz88yjerw/image/upload/v1786061008/y2bgpcmceri6ogm2anvw.png",
        "cover": "https://res.cloudinary.com/dz88yjerw/image/upload/v1780098021/abtk9davy21pzff2x0cd.png",
        "profileId": "67bf1e4009395add03e1e234",
        "isActive": true,
        "pieces": [
          {
            "id": 0,
            "steps": 0,
            "isHome": true,
            "isInPlay": false
          },
          {
            "id": 1,
            "steps": 0,
            "isHome": true,
            "isInPlay": false
          },
          {
            "id": 2,
            "steps": 1,
            "isHome": false,
            "isInPlay": true
          },
          {
            "id": 3,
            "steps": 0,
            "isHome": true,
            "isInPlay": false
          }
        ],
        "isOffline": false
      },
      {
        "id": 1,
        "name": "Md Atik",
        "color": "#43A047",
        "avatar": "https://res.cloudinary.com/dz88yjerw/image/upload/v1779774308/ccut8qllcbmzl6bxx0yy.png",
        "cover": "https://res.cloudinary.com/dz88yjerw/image/upload/v1759779146/gyshxw4n76fbsohz3rcz.jpg",
        "profileId": "67e431d61e4463f7adfa544e",
        "isActive": true,
        "pieces": [
          {
            "id": 0,
            "steps": 2,
            "isHome": false,
            "isInPlay": true
          },
          {
            "id": 1,
            "steps": 0,
            "isHome": true,
            "isInPlay": false
          },
          {
            "id": 2,
            "steps": 9,
            "isHome": false,
            "isInPlay": true
          },
          {
            "id": 3,
            "steps": 0,
            "isHome": true,
            "isInPlay": false
          }
        ],
        "isOffline": false
      }
    ],
    "selectedPlayerCount": 2,
    "currentPlayer": 1,
    "diceValue": 1,
    "gameStarted": true,
    "timestamp": 1787176068535,
    "playersSeq": 24
  }
}
[2026-08-19T21:48:40.017Z] [LUDO-EVENT] players-get-response {
  "gameId": "mt0mfr0yusoa89"
}
[2026-08-19T21:48:40.019Z] [LUDO-STATE] game:mt0mfr0yusoa89 {
  "gameId": "mt0mfr0yusoa89",
  "snapshot": {
    "gameId": "mt0mfr0yusoa89",
    "players": [
      {
        "id": 0,
        "name": "Mohammad Ikram",
        "color": "#E53935",
        "avatar": "https://res.cloudinary.com/dz88yjerw/image/upload/v1786061008/y2bgpcmceri6ogm2anvw.png",
        "cover": "https://res.cloudinary.com/dz88yjerw/image/upload/v1780098021/abtk9davy21pzff2x0cd.png",
        "profileId": "67bf1e4009395add03e1e234",
        "isActive": true,
        "pieces": [
          {
            "id": 0,
            "steps": 0,
            "isHome": true,
            "isInPlay": false
          },
          {
            "id": 1,
            "steps": 0,
            "isHome": true,
            "isInPlay": false
          },
          {
            "id": 2,
            "steps": 1,
            "isHome": false,
            "isInPlay": true
          },
          {
            "id": 3,
            "steps": 0,
            "isHome": true,
            "isInPlay": false
          }
        ],
        "isOffline": false
      },
      {
        "id": 1,
        "name": "Md Atik",
        "color": "#43A047",
        "avatar": "https://res.cloudinary.com/dz88yjerw/image/upload/v1779774308/ccut8qllcbmzl6bxx0yy.png",
        "cover": "https://res.cloudinary.com/dz88yjerw/image/upload/v1759779146/gyshxw4n76fbsohz3rcz.jpg",
        "profileId": "67e431d61e4463f7adfa544e",
        "isActive": true,
        "pieces": [
          {
            "id": 0,
            "steps": 2,
            "isHome": false,
            "isInPlay": true
          },
          {
            "id": 1,
            "steps": 0,
            "isHome": true,
            "isInPlay": false
          },
          {
            "id": 2,
            "steps": 9,
            "isHome": false,
            "isInPlay": true
          },
          {
            "id": 3,
            "steps": 0,
            "isHome": true,
            "isInPlay": false
          }
        ],
        "isOffline": false
      }
    ],
    "selectedPlayerCount": 2,
    "currentPlayer": 1,
    "diceValue": 1,
    "gameStarted": true,
    "timestamp": 1787176068535,
    "playersSeq": 24
  }
}
[2026-08-19T21:48:41.378Z] [LUDO-EVENT] players-get-response {
  "gameId": "mt0mfr0yusoa89"
}
[2026-08-19T21:48:41.379Z] [LUDO-STATE] game:mt0mfr0yusoa89 {
  "gameId": "mt0mfr0yusoa89",
  "snapshot": {
    "gameId": "mt0mfr0yusoa89",
    "players": [
      {
        "id": 0,
        "name": "Mohammad Ikram",
        "color": "#E53935",
        "avatar": "https://res.cloudinary.com/dz88yjerw/image/upload/v1786061008/y2bgpcmceri6ogm2anvw.png",
        "cover": "https://res.cloudinary.com/dz88yjerw/image/upload/v1780098021/abtk9davy21pzff2x0cd.png",
        "profileId": "67bf1e4009395add03e1e234",
        "isActive": true,
        "pieces": [
          {
            "id": 0,
            "steps": 0,
            "isHome": true,
            "isInPlay": false
          },
          {
            "id": 1,
            "steps": 0,
            "isHome": true,
            "isInPlay": false
          },
          {
            "id": 2,
            "steps": 1,
            "isHome": false,
            "isInPlay": true
          },
          {
            "id": 3,
            "steps": 0,
            "isHome": true,
            "isInPlay": false
          }
        ],
        "isOffline": false
      },
      {
        "id": 1,
        "name": "Md Atik",
        "color": "#43A047",
        "avatar": "https://res.cloudinary.com/dz88yjerw/image/upload/v1779774308/ccut8qllcbmzl6bxx0yy.png",
        "cover": "https://res.cloudinary.com/dz88yjerw/image/upload/v1759779146/gyshxw4n76fbsohz3rcz.jpg",
        "profileId": "67e431d61e4463f7adfa544e",
        "isActive": true,
        "pieces": [
          {
            "id": 0,
            "steps": 2,
            "isHome": false,
            "isInPlay": true
          },
          {
            "id": 1,
            "steps": 0,
            "isHome": true,
            "isInPlay": false
          },
          {
            "id": 2,
            "steps": 9,
            "isHome": false,
            "isInPlay": true
          },
          {
            "id": 3,
            "steps": 0,
            "isHome": true,
            "isInPlay": false
          }
        ],
        "isOffline": false
      }
    ],
    "selectedPlayerCount": 2,
    "currentPlayer": 1,
    "diceValue": 1,
    "gameStarted": true,
    "timestamp": 1787176068535,
    "playersSeq": 24
  }
}
[2026-08-19T21:48:43.017Z] [LUDO-EVENT] players-get-response {
  "gameId": "mt0mfr0yusoa89"
}
[2026-08-19T21:48:43.018Z] [LUDO-STATE] game:mt0mfr0yusoa89 {
  "gameId": "mt0mfr0yusoa89",
  "snapshot": {
    "gameId": "mt0mfr0yusoa89",
    "players": [
      {
        "id": 0,
        "name": "Mohammad Ikram",
        "color": "#E53935",
        "avatar": "https://res.cloudinary.com/dz88yjerw/image/upload/v1786061008/y2bgpcmceri6ogm2anvw.png",
        "cover": "https://res.cloudinary.com/dz88yjerw/image/upload/v1780098021/abtk9davy21pzff2x0cd.png",
        "profileId": "67bf1e4009395add03e1e234",
        "isActive": true,
        "pieces": [
          {
            "id": 0,
            "steps": 0,
            "isHome": true,
            "isInPlay": false
          },
          {
            "id": 1,
            "steps": 0,
            "isHome": true,
            "isInPlay": false
          },
          {
            "id": 2,
            "steps": 1,
            "isHome": false,
            "isInPlay": true
          },
          {
            "id": 3,
            "steps": 0,
            "isHome": true,
            "isInPlay": false
          }
        ],
        "isOffline": false
      },
      {
        "id": 1,
        "name": "Md Atik",
        "color": "#43A047",
        "avatar": "https://res.cloudinary.com/dz88yjerw/image/upload/v1779774308/ccut8qllcbmzl6bxx0yy.png",
        "cover": "https://res.cloudinary.com/dz88yjerw/image/upload/v1759779146/gyshxw4n76fbsohz3rcz.jpg",
        "profileId": "67e431d61e4463f7adfa544e",
        "isActive": true,
        "pieces": [
          {
            "id": 0,
            "steps": 2,
            "isHome": false,
            "isInPlay": true
          },
          {
            "id": 1,
            "steps": 0,
            "isHome": true,
            "isInPlay": false
          },
          {
            "id": 2,
            "steps": 9,
            "isHome": false,
            "isInPlay": true
          },
          {
            "id": 3,
            "steps": 0,
            "isHome": true,
            "isInPlay": false
          }
        ],
        "isOffline": false
      }
    ],
    "selectedPlayerCount": 2,
    "currentPlayer": 1,
    "diceValue": 1,
    "gameStarted": true,
    "timestamp": 1787176068535,
    "playersSeq": 24
  }
}
[2026-08-19T21:48:44.379Z] [LUDO-EVENT] players-get-response {
  "gameId": "mt0mfr0yusoa89"
}
[2026-08-19T21:48:44.380Z] [LUDO-STATE] game:mt0mfr0yusoa89 {
  "gameId": "mt0mfr0yusoa89",
  "snapshot": {
    "gameId": "mt0mfr0yusoa89",
    "players": [
      {
        "id": 0,
        "name": "Mohammad Ikram",
        "color": "#E53935",
        "avatar": "https://res.cloudinary.com/dz88yjerw/image/upload/v1786061008/y2bgpcmceri6ogm2anvw.png",
        "cover": "https://res.cloudinary.com/dz88yjerw/image/upload/v1780098021/abtk9davy21pzff2x0cd.png",
        "profileId": "67bf1e4009395add03e1e234",
        "isActive": true,
        "pieces": [
          {
            "id": 0,
            "steps": 0,
            "isHome": true,
            "isInPlay": false
          },
          {
            "id": 1,
            "steps": 0,
            "isHome": true,
            "isInPlay": false
          },
          {
            "id": 2,
            "steps": 1,
            "isHome": false,
            "isInPlay": true
          },
          {
            "id": 3,
            "steps": 0,
            "isHome": true,
            "isInPlay": false
          }
        ],
        "isOffline": false
      },
      {
        "id": 1,
        "name": "Md Atik",
        "color": "#43A047",
        "avatar": "https://res.cloudinary.com/dz88yjerw/image/upload/v1779774308/ccut8qllcbmzl6bxx0yy.png",
        "cover": "https://res.cloudinary.com/dz88yjerw/image/upload/v1759779146/gyshxw4n76fbsohz3rcz.jpg",
        "profileId": "67e431d61e4463f7adfa544e",
        "isActive": true,
        "pieces": [
          {
            "id": 0,
            "steps": 2,
            "isHome": false,
            "isInPlay": true
          },
          {
            "id": 1,
            "steps": 0,
            "isHome": true,
            "isInPlay": false
          },
          {
            "id": 2,
            "steps": 9,
            "isHome": false,
            "isInPlay": true
          },
          {
            "id": 3,
            "steps": 0,
            "isHome": true,
            "isInPlay": false
          }
        ],
        "isOffline": false
      }
    ],
    "selectedPlayerCount": 2,
    "currentPlayer": 1,
    "diceValue": 1,
    "gameStarted": true,
    "timestamp": 1787176068535,
    "playersSeq": 24
  }
}
[2026-08-19T21:48:46.024Z] [LUDO-EVENT] players-get-response {
  "gameId": "mt0mfr0yusoa89"
}
[2026-08-19T21:48:46.025Z] [LUDO-STATE] game:mt0mfr0yusoa89 {
  "gameId": "mt0mfr0yusoa89",
  "snapshot": {
    "gameId": "mt0mfr0yusoa89",
    "players": [
      {
        "id": 0,
        "name": "Mohammad Ikram",
        "color": "#E53935",
        "avatar": "https://res.cloudinary.com/dz88yjerw/image/upload/v1786061008/y2bgpcmceri6ogm2anvw.png",
        "cover": "https://res.cloudinary.com/dz88yjerw/image/upload/v1780098021/abtk9davy21pzff2x0cd.png",
        "profileId": "67bf1e4009395add03e1e234",
        "isActive": true,
        "pieces": [
          {
            "id": 0,
            "steps": 0,
            "isHome": true,
            "isInPlay": false
          },
          {
            "id": 1,
            "steps": 0,
            "isHome": true,
            "isInPlay": false
          },
          {
            "id": 2,
            "steps": 1,
            "isHome": false,
            "isInPlay": true
          },
          {
            "id": 3,
            "steps": 0,
            "isHome": true,
            "isInPlay": false
          }
        ],
        "isOffline": false
      },
      {
        "id": 1,
        "name": "Md Atik",
        "color": "#43A047",
        "avatar": "https://res.cloudinary.com/dz88yjerw/image/upload/v1779774308/ccut8qllcbmzl6bxx0yy.png",
        "cover": "https://res.cloudinary.com/dz88yjerw/image/upload/v1759779146/gyshxw4n76fbsohz3rcz.jpg",
        "profileId": "67e431d61e4463f7adfa544e",
        "isActive": true,
        "pieces": [
          {
            "id": 0,
            "steps": 2,
            "isHome": false,
            "isInPlay": true
          },
          {
            "id": 1,
            "steps": 0,
            "isHome": true,
            "isInPlay": false
          },
          {
            "id": 2,
            "steps": 9,
            "isHome": false,
            "isInPlay": true
          },
          {
            "id": 3,
            "steps": 0,
            "isHome": true,
            "isInPlay": false
          }
        ],
        "isOffline": false
      }
    ],
    "selectedPlayerCount": 2,
    "currentPlayer": 1,
    "diceValue": 1,
    "gameStarted": true,
    "timestamp": 1787176068535,
    "playersSeq": 24
  }
}
[2026-08-19T21:48:47.378Z] [LUDO-EVENT] players-get-response {
  "gameId": "mt0mfr0yusoa89"
}
[2026-08-19T21:48:47.379Z] [LUDO-STATE] game:mt0mfr0yusoa89 {
  "gameId": "mt0mfr0yusoa89",
  "snapshot": {
    "gameId": "mt0mfr0yusoa89",
    "players": [
      {
        "id": 0,
        "name": "Mohammad Ikram",
        "color": "#E53935",
        "avatar": "https://res.cloudinary.com/dz88yjerw/image/upload/v1786061008/y2bgpcmceri6ogm2anvw.png",
        "cover": "https://res.cloudinary.com/dz88yjerw/image/upload/v1780098021/abtk9davy21pzff2x0cd.png",
        "profileId": "67bf1e4009395add03e1e234",
        "isActive": true,
        "pieces": [
          {
            "id": 0,
            "steps": 0,
            "isHome": true,
            "isInPlay": false
          },
          {
            "id": 1,
            "steps": 0,
            "isHome": true,
            "isInPlay": false
          },
          {
            "id": 2,
            "steps": 1,
            "isHome": false,
            "isInPlay": true
          },
          {
            "id": 3,
            "steps": 0,
            "isHome": true,
            "isInPlay": false
          }
        ],
        "isOffline": false
      },
      {
        "id": 1,
        "name": "Md Atik",
        "color": "#43A047",
        "avatar": "https://res.cloudinary.com/dz88yjerw/image/upload/v1779774308/ccut8qllcbmzl6bxx0yy.png",
        "cover": "https://res.cloudinary.com/dz88yjerw/image/upload/v1759779146/gyshxw4n76fbsohz3rcz.jpg",
        "profileId": "67e431d61e4463f7adfa544e",
        "isActive": true,
        "pieces": [
          {
            "id": 0,
            "steps": 2,
            "isHome": false,
            "isInPlay": true
          },
          {
            "id": 1,
            "steps": 0,
            "isHome": true,
            "isInPlay": false
          },
          {
            "id": 2,
            "steps": 9,
            "isHome": false,
            "isInPlay": true
          },
          {
            "id": 3,
            "steps": 0,
            "isHome": true,
            "isInPlay": false
          }
        ],
        "isOffline": false
      }
    ],
    "selectedPlayerCount": 2,
    "currentPlayer": 1,
    "diceValue": 1,
    "gameStarted": true,
    "timestamp": 1787176068535,
    "playersSeq": 24
  }
}
[2026-08-19T21:48:49.017Z] [LUDO-EVENT] players-get-response {
  "gameId": "mt0mfr0yusoa89"
}
[2026-08-19T21:48:49.018Z] [LUDO-STATE] game:mt0mfr0yusoa89 {
  "gameId": "mt0mfr0yusoa89",
  "snapshot": {
    "gameId": "mt0mfr0yusoa89",
    "players": [
      {
        "id": 0,
        "name": "Mohammad Ikram",
        "color": "#E53935",
        "avatar": "https://res.cloudinary.com/dz88yjerw/image/upload/v1786061008/y2bgpcmceri6ogm2anvw.png",
        "cover": "https://res.cloudinary.com/dz88yjerw/image/upload/v1780098021/abtk9davy21pzff2x0cd.png",
        "profileId": "67bf1e4009395add03e1e234",
        "isActive": true,
        "pieces": [
          {
            "id": 0,
            "steps": 0,
            "isHome": true,
            "isInPlay": false
          },
          {
            "id": 1,
            "steps": 0,
            "isHome": true,
            "isInPlay": false
          },
          {
            "id": 2,
            "steps": 1,
            "isHome": false,
            "isInPlay": true
          },
          {
            "id": 3,
            "steps": 0,
            "isHome": true,
            "isInPlay": false
          }
        ],
        "isOffline": false
      },
      {
        "id": 1,
        "name": "Md Atik",
        "color": "#43A047",
        "avatar": "https://res.cloudinary.com/dz88yjerw/image/upload/v1779774308/ccut8qllcbmzl6bxx0yy.png",
        "cover": "https://res.cloudinary.com/dz88yjerw/image/upload/v1759779146/gyshxw4n76fbsohz3rcz.jpg",
        "profileId": "67e431d61e4463f7adfa544e",
        "isActive": true,
        "pieces": [
          {
            "id": 0,
            "steps": 2,
            "isHome": false,
            "isInPlay": true
          },
          {
            "id": 1,
            "steps": 0,
            "isHome": true,
            "isInPlay": false
          },
          {
            "id": 2,
            "steps": 9,
            "isHome": false,
            "isInPlay": true
          },
          {
            "id": 3,
            "steps": 0,
            "isHome": true,
            "isInPlay": false
          }
        ],
        "isOffline": false
      }
    ],
    "selectedPlayerCount": 2,
    "currentPlayer": 1,
    "diceValue": 1,
    "gameStarted": true,
    "timestamp": 1787176068535,
    "playersSeq": 24
  }
}
[2026-08-19T21:48:50.379Z] [LUDO-EVENT] players-get-response {
  "gameId": "mt0mfr0yusoa89"
}
[2026-08-19T21:48:50.379Z] [LUDO-STATE] game:mt0mfr0yusoa89 {
  "gameId": "mt0mfr0yusoa89",
  "snapshot": {
    "gameId": "mt0mfr0yusoa89",
    "players": [
      {
        "id": 0,
        "name": "Mohammad Ikram",
        "color": "#E53935",
        "avatar": "https://res.cloudinary.com/dz88yjerw/image/upload/v1786061008/y2bgpcmceri6ogm2anvw.png",
        "cover": "https://res.cloudinary.com/dz88yjerw/image/upload/v1780098021/abtk9davy21pzff2x0cd.png",
        "profileId": "67bf1e4009395add03e1e234",
        "isActive": true,
        "pieces": [
          {
            "id": 0,
            "steps": 0,
            "isHome": true,
            "isInPlay": false
          },
          {
            "id": 1,
            "steps": 0,
            "isHome": true,
            "isInPlay": false
          },
          {
            "id": 2,
            "steps": 1,
            "isHome": false,
            "isInPlay": true
          },
          {
            "id": 3,
            "steps": 0,
            "isHome": true,
            "isInPlay": false
          }
        ],
        "isOffline": false
      },
      {
        "id": 1,
        "name": "Md Atik",
        "color": "#43A047",
        "avatar": "https://res.cloudinary.com/dz88yjerw/image/upload/v1779774308/ccut8qllcbmzl6bxx0yy.png",
        "cover": "https://res.cloudinary.com/dz88yjerw/image/upload/v1759779146/gyshxw4n76fbsohz3rcz.jpg",
        "profileId": "67e431d61e4463f7adfa544e",
        "isActive": true,
        "pieces": [
          {
            "id": 0,
            "steps": 2,
            "isHome": false,
            "isInPlay": true
          },
          {
            "id": 1,
            "steps": 0,
            "isHome": true,
            "isInPlay": false
          },
          {
            "id": 2,
            "steps": 9,
            "isHome": false,
            "isInPlay": true
          },
          {
            "id": 3,
            "steps": 0,
            "isHome": true,
            "isInPlay": false
          }
        ],
        "isOffline": false
      }
    ],
    "selectedPlayerCount": 2,
    "currentPlayer": 1,
    "diceValue": 1,
    "gameStarted": true,
    "timestamp": 1787176068535,
    "playersSeq": 24
  }
}
[2026-08-19T21:48:53.381Z] [LUDO-EVENT] players-get-response {
  "gameId": "mt0mfr0yusoa89"
}
[2026-08-19T21:48:53.381Z] [LUDO-STATE] game:mt0mfr0yusoa89 {
  "gameId": "mt0mfr0yusoa89",
  "snapshot": {
    "gameId": "mt0mfr0yusoa89",
    "players": [
      {
        "id": 0,
        "name": "Mohammad Ikram",
        "color": "#E53935",
        "avatar": "https://res.cloudinary.com/dz88yjerw/image/upload/v1786061008/y2bgpcmceri6ogm2anvw.png",
        "cover": "https://res.cloudinary.com/dz88yjerw/image/upload/v1780098021/abtk9davy21pzff2x0cd.png",
        "profileId": "67bf1e4009395add03e1e234",
        "isActive": true,
        "pieces": [
          {
            "id": 0,
            "steps": 0,
            "isHome": true,
            "isInPlay": false
          },
          {
            "id": 1,
            "steps": 0,
            "isHome": true,
            "isInPlay": false
          },
          {
            "id": 2,
            "steps": 1,
            "isHome": false,
            "isInPlay": true
          },
          {
            "id": 3,
            "steps": 0,
            "isHome": true,
            "isInPlay": false
          }
        ],
        "isOffline": false
      },
      {
        "id": 1,
        "name": "Md Atik",
        "color": "#43A047",
        "avatar": "https://res.cloudinary.com/dz88yjerw/image/upload/v1779774308/ccut8qllcbmzl6bxx0yy.png",
        "cover": "https://res.cloudinary.com/dz88yjerw/image/upload/v1759779146/gyshxw4n76fbsohz3rcz.jpg",
        "profileId": "67e431d61e4463f7adfa544e",
        "isActive": true,
        "pieces": [
          {
            "id": 0,
            "steps": 2,
            "isHome": false,
            "isInPlay": true
          },
          {
            "id": 1,
            "steps": 0,
            "isHome": true,
            "isInPlay": false
          },
          {
            "id": 2,
            "steps": 9,
            "isHome": false,
            "isInPlay": true
          },
          {
            "id": 3,
            "steps": 0,
            "isHome": true,
            "isInPlay": false
          }
        ],
        "isOffline": false
      }
    ],
    "selectedPlayerCount": 2,
    "currentPlayer": 1,
    "diceValue": 1,
    "gameStarted": true,
    "timestamp": 1787176068535,
    "playersSeq": 24
  }
}
[2026-08-19T21:48:55.017Z] [LUDO-EVENT] players-get-response {
  "gameId": "mt0mfr0yusoa89"
}
[2026-08-19T21:48:55.018Z] [LUDO-STATE] game:mt0mfr0yusoa89 {
  "gameId": "mt0mfr0yusoa89",
  "snapshot": {
    "gameId": "mt0mfr0yusoa89",
    "players": [
      {
        "id": 0,
        "name": "Mohammad Ikram",
        "color": "#E53935",
        "avatar": "https://res.cloudinary.com/dz88yjerw/image/upload/v1786061008/y2bgpcmceri6ogm2anvw.png",
        "cover": "https://res.cloudinary.com/dz88yjerw/image/upload/v1780098021/abtk9davy21pzff2x0cd.png",
        "profileId": "67bf1e4009395add03e1e234",
        "isActive": true,
        "pieces": [
          {
            "id": 0,
            "steps": 0,
            "isHome": true,
            "isInPlay": false
          },
          {
            "id": 1,
            "steps": 0,
            "isHome": true,
            "isInPlay": false
          },
          {
            "id": 2,
            "steps": 1,
            "isHome": false,
            "isInPlay": true
          },
          {
            "id": 3,
            "steps": 0,
            "isHome": true,
            "isInPlay": false
          }
        ],
        "isOffline": false
      },
      {
        "id": 1,
        "name": "Md Atik",
        "color": "#43A047",
        "avatar": "https://res.cloudinary.com/dz88yjerw/image/upload/v1779774308/ccut8qllcbmzl6bxx0yy.png",
        "cover": "https://res.cloudinary.com/dz88yjerw/image/upload/v1759779146/gyshxw4n76fbsohz3rcz.jpg",
        "profileId": "67e431d61e4463f7adfa544e",
        "isActive": true,
        "pieces": [
          {
            "id": 0,
            "steps": 2,
            "isHome": false,
            "isInPlay": true
          },
          {
            "id": 1,
            "steps": 0,
            "isHome": true,
            "isInPlay": false
          },
          {
            "id": 2,
            "steps": 9,
            "isHome": false,
            "isInPlay": true
          },
          {
            "id": 3,
            "steps": 0,
            "isHome": true,
            "isInPlay": false
          }
        ],
        "isOffline": false
      }
    ],
    "selectedPlayerCount": 2,
    "currentPlayer": 1,
    "diceValue": 1,
    "gameStarted": true,
    "timestamp": 1787176068535,
    "playersSeq": 24
  }
}
[2026-08-19T21:48:56.382Z] [LUDO-EVENT] players-get-response {
  "gameId": "mt0mfr0yusoa89"
}
[2026-08-19T21:48:56.384Z] [LUDO-STATE] game:mt0mfr0yusoa89 {
  "gameId": "mt0mfr0yusoa89",
  "snapshot": {
    "gameId": "mt0mfr0yusoa89",
    "players": [
      {
        "id": 0,
        "name": "Mohammad Ikram",
        "color": "#E53935",
        "avatar": "https://res.cloudinary.com/dz88yjerw/image/upload/v1786061008/y2bgpcmceri6ogm2anvw.png",
        "cover": "https://res.cloudinary.com/dz88yjerw/image/upload/v1780098021/abtk9davy21pzff2x0cd.png",
        "profileId": "67bf1e4009395add03e1e234",
        "isActive": true,
        "pieces": [
          {
            "id": 0,
            "steps": 0,
            "isHome": true,
            "isInPlay": false
          },
          {
            "id": 1,
            "steps": 0,
            "isHome": true,
            "isInPlay": false
          },
          {
            "id": 2,
            "steps": 1,
            "isHome": false,
            "isInPlay": true
          },
          {
            "id": 3,
            "steps": 0,
            "isHome": true,
            "isInPlay": false
          }
        ],
        "isOffline": false
      },
      {
        "id": 1,
        "name": "Md Atik",
        "color": "#43A047",
        "avatar": "https://res.cloudinary.com/dz88yjerw/image/upload/v1779774308/ccut8qllcbmzl6bxx0yy.png",
        "cover": "https://res.cloudinary.com/dz88yjerw/image/upload/v1759779146/gyshxw4n76fbsohz3rcz.jpg",
        "profileId": "67e431d61e4463f7adfa544e",
        "isActive": true,
        "pieces": [
          {
            "id": 0,
            "steps": 2,
            "isHome": false,
            "isInPlay": true
          },
          {
            "id": 1,
            "steps": 0,
            "isHome": true,
            "isInPlay": false
          },
          {
            "id": 2,
            "steps": 9,
            "isHome": false,
            "isInPlay": true
          },
          {
            "id": 3,
            "steps": 0,
            "isHome": true,
            "isInPlay": false
          }
        ],
        "isOffline": false
      }
    ],
    "selectedPlayerCount": 2,
    "currentPlayer": 1,
    "diceValue": 1,
    "gameStarted": true,
    "timestamp": 1787176068535,
    "playersSeq": 24
  }
}
[2026-08-19T21:48:58.017Z] [LUDO-EVENT] players-get-response {
  "gameId": "mt0mfr0yusoa89"
}
[2026-08-19T21:48:58.017Z] [LUDO-STATE] game:mt0mfr0yusoa89 {
  "gameId": "mt0mfr0yusoa89",
  "snapshot": {
    "gameId": "mt0mfr0yusoa89",
    "players": [
      {
        "id": 0,
        "name": "Mohammad Ikram",
        "color": "#E53935",
        "avatar": "https://res.cloudinary.com/dz88yjerw/image/upload/v1786061008/y2bgpcmceri6ogm2anvw.png",
        "cover": "https://res.cloudinary.com/dz88yjerw/image/upload/v1780098021/abtk9davy21pzff2x0cd.png",
        "profileId": "67bf1e4009395add03e1e234",
        "isActive": true,
        "pieces": [
          {
            "id": 0,
            "steps": 0,
            "isHome": true,
            "isInPlay": false
          },
          {
            "id": 1,
            "steps": 0,
            "isHome": true,
            "isInPlay": false
          },
          {
            "id": 2,
            "steps": 1,
            "isHome": false,
            "isInPlay": true
          },
          {
            "id": 3,
            "steps": 0,
            "isHome": true,
            "isInPlay": false
          }
        ],
        "isOffline": false
      },
      {
        "id": 1,
        "name": "Md Atik",
        "color": "#43A047",
        "avatar": "https://res.cloudinary.com/dz88yjerw/image/upload/v1779774308/ccut8qllcbmzl6bxx0yy.png",
        "cover": "https://res.cloudinary.com/dz88yjerw/image/upload/v1759779146/gyshxw4n76fbsohz3rcz.jpg",
        "profileId": "67e431d61e4463f7adfa544e",
        "isActive": true,
        "pieces": [
          {
            "id": 0,
            "steps": 2,
            "isHome": false,
            "isInPlay": true
          },
          {
            "id": 1,
            "steps": 0,
            "isHome": true,
            "isInPlay": false
          },
          {
            "id": 2,
            "steps": 9,
            "isHome": false,
            "isInPlay": true
          },
          {
            "id": 3,
            "steps": 0,
            "isHome": true,
            "isInPlay": false
          }
        ],
        "isOffline": false
      }
    ],
    "selectedPlayerCount": 2,
    "currentPlayer": 1,
    "diceValue": 1,
    "gameStarted": true,
    "timestamp": 1787176068535,
    "playersSeq": 24
  }
}
[2026-08-19T21:48:59.413Z] [LUDO-EVENT] players-get-response {
  "gameId": "mt0mfr0yusoa89"
}
[2026-08-19T21:48:59.414Z] [LUDO-STATE] game:mt0mfr0yusoa89 {
  "gameId": "mt0mfr0yusoa89",
  "snapshot": {
    "gameId": "mt0mfr0yusoa89",
    "players": [
      {
        "id": 0,
        "name": "Mohammad Ikram",
        "color": "#E53935",
        "avatar": "https://res.cloudinary.com/dz88yjerw/image/upload/v1786061008/y2bgpcmceri6ogm2anvw.png",
        "cover": "https://res.cloudinary.com/dz88yjerw/image/upload/v1780098021/abtk9davy21pzff2x0cd.png",
        "profileId": "67bf1e4009395add03e1e234",
        "isActive": true,
        "pieces": [
          {
            "id": 0,
            "steps": 0,
            "isHome": true,
            "isInPlay": false
          },
          {
            "id": 1,
            "steps": 0,
            "isHome": true,
            "isInPlay": false
          },
          {
            "id": 2,
            "steps": 1,
            "isHome": false,
            "isInPlay": true
          },
          {
            "id": 3,
            "steps": 0,
            "isHome": true,
            "isInPlay": false
          }
        ],
        "isOffline": false
      },
      {
        "id": 1,
        "name": "Md Atik",
        "color": "#43A047",
        "avatar": "https://res.cloudinary.com/dz88yjerw/image/upload/v1779774308/ccut8qllcbmzl6bxx0yy.png",
        "cover": "https://res.cloudinary.com/dz88yjerw/image/upload/v1759779146/gyshxw4n76fbsohz3rcz.jpg",
        "profileId": "67e431d61e4463f7adfa544e",
        "isActive": true,
        "pieces": [
          {
            "id": 0,
            "steps": 2,
            "isHome": false,
            "isInPlay": true
          },
          {
            "id": 1,
            "steps": 0,
            "isHome": true,
            "isInPlay": false
          },
          {
            "id": 2,
            "steps": 9,
            "isHome": false,
            "isInPlay": true
          },
          {
            "id": 3,
            "steps": 0,
            "isHome": true,
            "isInPlay": false
          }
        ],
        "isOffline": false
      }
    ],
    "selectedPlayerCount": 2,
    "currentPlayer": 1,
    "diceValue": 1,
    "gameStarted": true,
    "timestamp": 1787176068535,
    "playersSeq": 24
  }
}
[2026-08-19T21:49:01.018Z] [LUDO-EVENT] players-get-response {
  "gameId": "mt0mfr0yusoa89"
}
[2026-08-19T21:49:01.018Z] [LUDO-STATE] game:mt0mfr0yusoa89 {
  "gameId": "mt0mfr0yusoa89",
  "snapshot": {
    "gameId": "mt0mfr0yusoa89",
    "players": [
      {
        "id": 0,
        "name": "Mohammad Ikram",
        "color": "#E53935",
        "avatar": "https://res.cloudinary.com/dz88yjerw/image/upload/v1786061008/y2bgpcmceri6ogm2anvw.png",
        "cover": "https://res.cloudinary.com/dz88yjerw/image/upload/v1780098021/abtk9davy21pzff2x0cd.png",
        "profileId": "67bf1e4009395add03e1e234",
        "isActive": true,
        "pieces": [
          {
            "id": 0,
            "steps": 0,
            "isHome": true,
            "isInPlay": false
          },
          {
            "id": 1,
            "steps": 0,
            "isHome": true,
            "isInPlay": false
          },
          {
            "id": 2,
            "steps": 1,
            "isHome": false,
            "isInPlay": true
          },
          {
            "id": 3,
            "steps": 0,
            "isHome": true,
            "isInPlay": false
          }
        ],
        "isOffline": false
      },
      {
        "id": 1,
        "name": "Md Atik",
        "color": "#43A047",
        "avatar": "https://res.cloudinary.com/dz88yjerw/image/upload/v1779774308/ccut8qllcbmzl6bxx0yy.png",
        "cover": "https://res.cloudinary.com/dz88yjerw/image/upload/v1759779146/gyshxw4n76fbsohz3rcz.jpg",
        "profileId": "67e431d61e4463f7adfa544e",
        "isActive": true,
        "pieces": [
          {
            "id": 0,
            "steps": 2,
            "isHome": false,
            "isInPlay": true
          },
          {
            "id": 1,
            "steps": 0,
            "isHome": true,
            "isInPlay": false
          },
          {
            "id": 2,
            "steps": 9,
            "isHome": false,
            "isInPlay": true
          },
          {
            "id": 3,
            "steps": 0,
            "isHome": true,
            "isInPlay": false
          }
        ],
        "isOffline": false
      }
    ],
    "selectedPlayerCount": 2,
    "currentPlayer": 1,
    "diceValue": 1,
    "gameStarted": true,
    "timestamp": 1787176068535,
    "playersSeq": 24
  }
}
[2026-08-19T21:49:02.468Z] [LUDO-EVENT] players-get-response {
  "gameId": "mt0mfr0yusoa89"
}
[2026-08-19T21:49:02.468Z] [LUDO-STATE] game:mt0mfr0yusoa89 {
  "gameId": "mt0mfr0yusoa89",
  "snapshot": {
    "gameId": "mt0mfr0yusoa89",
    "players": [
      {
        "id": 0,
        "name": "Mohammad Ikram",
        "color": "#E53935",
        "avatar": "https://res.cloudinary.com/dz88yjerw/image/upload/v1786061008/y2bgpcmceri6ogm2anvw.png",
        "cover": "https://res.cloudinary.com/dz88yjerw/image/upload/v1780098021/abtk9davy21pzff2x0cd.png",
        "profileId": "67bf1e4009395add03e1e234",
        "isActive": true,
        "pieces": [
          {
            "id": 0,
            "steps": 0,
            "isHome": true,
            "isInPlay": false
          },
          {
            "id": 1,
            "steps": 0,
            "isHome": true,
            "isInPlay": false
          },
          {
            "id": 2,
            "steps": 1,
            "isHome": false,
            "isInPlay": true
          },
          {
            "id": 3,
            "steps": 0,
            "isHome": true,
            "isInPlay": false
          }
        ],
        "isOffline": false
      },
      {
        "id": 1,
        "name": "Md Atik",
        "color": "#43A047",
        "avatar": "https://res.cloudinary.com/dz88yjerw/image/upload/v1779774308/ccut8qllcbmzl6bxx0yy.png",
        "cover": "https://res.cloudinary.com/dz88yjerw/image/upload/v1759779146/gyshxw4n76fbsohz3rcz.jpg",
        "profileId": "67e431d61e4463f7adfa544e",
        "isActive": true,
        "pieces": [
          {
            "id": 0,
            "steps": 2,
            "isHome": false,
            "isInPlay": true
          },
          {
            "id": 1,
            "steps": 0,
            "isHome": true,
            "isInPlay": false
          },
          {
            "id": 2,
            "steps": 9,
            "isHome": false,
            "isInPlay": true
          },
          {
            "id": 3,
            "steps": 0,
            "isHome": true,
            "isInPlay": false
          }
        ],
        "isOffline": false
      }
    ],
    "selectedPlayerCount": 2,
    "currentPlayer": 1,
    "diceValue": 1,
    "gameStarted": true,
    "timestamp": 1787176068535,
    "playersSeq": 24
  }
}
[2026-08-19T21:49:04.019Z] [LUDO-EVENT] players-get-response {
  "gameId": "mt0mfr0yusoa89"
}
[2026-08-19T21:49:04.020Z] [LUDO-STATE] game:mt0mfr0yusoa89 {
  "gameId": "mt0mfr0yusoa89",
  "snapshot": {
    "gameId": "mt0mfr0yusoa89",
    "players": [
      {
        "id": 0,
        "name": "Mohammad Ikram",
        "color": "#E53935",
        "avatar": "https://res.cloudinary.com/dz88yjerw/image/upload/v1786061008/y2bgpcmceri6ogm2anvw.png",
        "cover": "https://res.cloudinary.com/dz88yjerw/image/upload/v1780098021/abtk9davy21pzff2x0cd.png",
        "profileId": "67bf1e4009395add03e1e234",
        "isActive": true,
        "pieces": [
          {
            "id": 0,
            "steps": 0,
            "isHome": true,
            "isInPlay": false
          },
          {
            "id": 1,
            "steps": 0,
            "isHome": true,
            "isInPlay": false
          },
          {
            "id": 2,
            "steps": 1,
            "isHome": false,
            "isInPlay": true
          },
          {
            "id": 3,
            "steps": 0,
            "isHome": true,
            "isInPlay": false
          }
        ],
        "isOffline": false
      },
      {
        "id": 1,
        "name": "Md Atik",
        "color": "#43A047",
        "avatar": "https://res.cloudinary.com/dz88yjerw/image/upload/v1779774308/ccut8qllcbmzl6bxx0yy.png",
        "cover": "https://res.cloudinary.com/dz88yjerw/image/upload/v1759779146/gyshxw4n76fbsohz3rcz.jpg",
        "profileId": "67e431d61e4463f7adfa544e",
        "isActive": true,
        "pieces": [
          {
            "id": 0,
            "steps": 2,
            "isHome": false,
            "isInPlay": true
          },
          {
            "id": 1,
            "steps": 0,
            "isHome": true,
            "isInPlay": false
          },
          {
            "id": 2,
            "steps": 9,
            "isHome": false,
            "isInPlay": true
          },
          {
            "id": 3,
            "steps": 0,
            "isHome": true,
            "isInPlay": false
          }
        ],
        "isOffline": false
      }
    ],
    "selectedPlayerCount": 2,
    "currentPlayer": 1,
    "diceValue": 1,
    "gameStarted": true,
    "timestamp": 1787176068535,
    "playersSeq": 24
  }
}
[2026-08-19T21:49:05.451Z] [LUDO-EVENT] players-get-response {
  "gameId": "mt0mfr0yusoa89"
}
[2026-08-19T21:49:05.452Z] [LUDO-STATE] game:mt0mfr0yusoa89 {
  "gameId": "mt0mfr0yusoa89",
  "snapshot": {
    "gameId": "mt0mfr0yusoa89",
    "players": [
      {
        "id": 0,
        "name": "Mohammad Ikram",
        "color": "#E53935",
        "avatar": "https://res.cloudinary.com/dz88yjerw/image/upload/v1786061008/y2bgpcmceri6ogm2anvw.png",
        "cover": "https://res.cloudinary.com/dz88yjerw/image/upload/v1780098021/abtk9davy21pzff2x0cd.png",
        "profileId": "67bf1e4009395add03e1e234",
        "isActive": true,
        "pieces": [
          {
            "id": 0,
            "steps": 0,
            "isHome": true,
            "isInPlay": false
          },
          {
            "id": 1,
            "steps": 0,
            "isHome": true,
            "isInPlay": false
          },
          {
            "id": 2,
            "steps": 1,
            "isHome": false,
            "isInPlay": true
          },
          {
            "id": 3,
            "steps": 0,
            "isHome": true,
            "isInPlay": false
          }
        ],
        "isOffline": false
      },
      {
        "id": 1,
        "name": "Md Atik",
        "color": "#43A047",
        "avatar": "https://res.cloudinary.com/dz88yjerw/image/upload/v1779774308/ccut8qllcbmzl6bxx0yy.png",
        "cover": "https://res.cloudinary.com/dz88yjerw/image/upload/v1759779146/gyshxw4n76fbsohz3rcz.jpg",
        "profileId": "67e431d61e4463f7adfa544e",
        "isActive": true,
        "pieces": [
          {
            "id": 0,
            "steps": 2,
            "isHome": false,
            "isInPlay": true
          },
          {
            "id": 1,
            "steps": 0,
            "isHome": true,
            "isInPlay": false
          },
          {
            "id": 2,
            "steps": 9,
            "isHome": false,
            "isInPlay": true
          },
          {
            "id": 3,
            "steps": 0,
            "isHome": true,
            "isInPlay": false
          }
        ],
        "isOffline": false
      }
    ],
    "selectedPlayerCount": 2,
    "currentPlayer": 1,
    "diceValue": 1,
    "gameStarted": true,
    "timestamp": 1787176068535,
    "playersSeq": 24
  }
}
[2026-08-19T21:49:08.457Z] [LUDO-EVENT] players-get-response {
  "gameId": "mt0mfr0yusoa89"
}
[2026-08-19T21:49:08.459Z] [LUDO-STATE] game:mt0mfr0yusoa89 {
  "gameId": "mt0mfr0yusoa89",
  "snapshot": {
    "gameId": "mt0mfr0yusoa89",
    "players": [
      {
        "id": 0,
        "name": "Mohammad Ikram",
        "color": "#E53935",
        "avatar": "https://res.cloudinary.com/dz88yjerw/image/upload/v1786061008/y2bgpcmceri6ogm2anvw.png",
        "cover": "https://res.cloudinary.com/dz88yjerw/image/upload/v1780098021/abtk9davy21pzff2x0cd.png",
        "profileId": "67bf1e4009395add03e1e234",
        "isActive": true,
        "pieces": [
          {
            "id": 0,
            "steps": 0,
            "isHome": true,
            "isInPlay": false
          },
          {
            "id": 1,
            "steps": 0,
            "isHome": true,
            "isInPlay": false
          },
          {
            "id": 2,
            "steps": 1,
            "isHome": false,
            "isInPlay": true
          },
          {
            "id": 3,
            "steps": 0,
            "isHome": true,
            "isInPlay": false
          }
        ],
        "isOffline": false
      },
      {
        "id": 1,
        "name": "Md Atik",
        "color": "#43A047",
        "avatar": "https://res.cloudinary.com/dz88yjerw/image/upload/v1779774308/ccut8qllcbmzl6bxx0yy.png",
        "cover": "https://res.cloudinary.com/dz88yjerw/image/upload/v1759779146/gyshxw4n76fbsohz3rcz.jpg",
        "profileId": "67e431d61e4463f7adfa544e",
        "isActive": true,
        "pieces": [
          {
            "id": 0,
            "steps": 2,
            "isHome": false,
            "isInPlay": true
          },
          {
            "id": 1,
            "steps": 0,
            "isHome": true,
            "isInPlay": false
          },
          {
            "id": 2,
            "steps": 9,
            "isHome": false,
            "isInPlay": true
          },
          {
            "id": 3,
            "steps": 0,
            "isHome": true,
            "isInPlay": false
          }
        ],
        "isOffline": false
      }
    ],
    "selectedPlayerCount": 2,
    "currentPlayer": 1,
    "diceValue": 1,
    "gameStarted": true,
    "timestamp": 1787176068535,
    "playersSeq": 24
  }
}
[2026-08-19T21:49:11.457Z] [LUDO-EVENT] players-get-response {
  "gameId": "mt0mfr0yusoa89"
}
[2026-08-19T21:49:11.458Z] [LUDO-STATE] game:mt0mfr0yusoa89 {
  "gameId": "mt0mfr0yusoa89",
  "snapshot": {
    "gameId": "mt0mfr0yusoa89",
    "players": [
      {
        "id": 0,
        "name": "Mohammad Ikram",
        "color": "#E53935",
        "avatar": "https://res.cloudinary.com/dz88yjerw/image/upload/v1786061008/y2bgpcmceri6ogm2anvw.png",
        "cover": "https://res.cloudinary.com/dz88yjerw/image/upload/v1780098021/abtk9davy21pzff2x0cd.png",
        "profileId": "67bf1e4009395add03e1e234",
        "isActive": true,
        "pieces": [
          {
            "id": 0,
            "steps": 0,
            "isHome": true,
            "isInPlay": false
          },
          {
            "id": 1,
            "steps": 0,
            "isHome": true,
            "isInPlay": false
          },
          {
            "id": 2,
            "steps": 1,
            "isHome": false,
            "isInPlay": true
          },
          {
            "id": 3,
            "steps": 0,
            "isHome": true,
            "isInPlay": false
          }
        ],
        "isOffline": false
      },
      {
        "id": 1,
        "name": "Md Atik",
        "color": "#43A047",
        "avatar": "https://res.cloudinary.com/dz88yjerw/image/upload/v1779774308/ccut8qllcbmzl6bxx0yy.png",
        "cover": "https://res.cloudinary.com/dz88yjerw/image/upload/v1759779146/gyshxw4n76fbsohz3rcz.jpg",
        "profileId": "67e431d61e4463f7adfa544e",
        "isActive": true,
        "pieces": [
          {
            "id": 0,
            "steps": 2,
            "isHome": false,
            "isInPlay": true
          },
          {
            "id": 1,
            "steps": 0,
            "isHome": true,
            "isInPlay": false
          },
          {
            "id": 2,
            "steps": 9,
            "isHome": false,
            "isInPlay": true
          },
          {
            "id": 3,
            "steps": 0,
            "isHome": true,
            "isInPlay": false
          }
        ],
        "isOffline": false
      }
    ],
    "selectedPlayerCount": 2,
    "currentPlayer": 1,
    "diceValue": 1,
    "gameStarted": true,
    "timestamp": 1787176068535,
    "playersSeq": 24
  }
}
[2026-08-19T21:49:14.469Z] [LUDO-EVENT] players-get-response {
  "gameId": "mt0mfr0yusoa89"
}
[2026-08-19T21:49:14.469Z] [LUDO-STATE] game:mt0mfr0yusoa89 {
  "gameId": "mt0mfr0yusoa89",
  "snapshot": {
    "gameId": "mt0mfr0yusoa89",
    "players": [
      {
        "id": 0,
        "name": "Mohammad Ikram",
        "color": "#E53935",
        "avatar": "https://res.cloudinary.com/dz88yjerw/image/upload/v1786061008/y2bgpcmceri6ogm2anvw.png",
        "cover": "https://res.cloudinary.com/dz88yjerw/image/upload/v1780098021/abtk9davy21pzff2x0cd.png",
        "profileId": "67bf1e4009395add03e1e234",
        "isActive": true,
        "pieces": [
          {
            "id": 0,
            "steps": 0,
            "isHome": true,
            "isInPlay": false
          },
          {
            "id": 1,
            "steps": 0,
            "isHome": true,
            "isInPlay": false
          },
          {
            "id": 2,
            "steps": 1,
            "isHome": false,
            "isInPlay": true
          },
          {
            "id": 3,
            "steps": 0,
            "isHome": true,
            "isInPlay": false
          }
        ],
        "isOffline": false
      },
      {
        "id": 1,
        "name": "Md Atik",
        "color": "#43A047",
        "avatar": "https://res.cloudinary.com/dz88yjerw/image/upload/v1779774308/ccut8qllcbmzl6bxx0yy.png",
        "cover": "https://res.cloudinary.com/dz88yjerw/image/upload/v1759779146/gyshxw4n76fbsohz3rcz.jpg",
        "profileId": "67e431d61e4463f7adfa544e",
        "isActive": true,
        "pieces": [
          {
            "id": 0,
            "steps": 2,
            "isHome": false,
            "isInPlay": true
          },
          {
            "id": 1,
            "steps": 0,
            "isHome": true,
            "isInPlay": false
          },
          {
            "id": 2,
            "steps": 9,
            "isHome": false,
            "isInPlay": true
          },
          {
            "id": 3,
            "steps": 0,
            "isHome": true,
            "isInPlay": false
          }
        ],
        "isOffline": false
      }
    ],
    "selectedPlayerCount": 2,
    "currentPlayer": 1,
    "diceValue": 1,
    "gameStarted": true,
    "timestamp": 1787176068535,
    "playersSeq": 24
  }
}
[2026-08-19T21:49:17.458Z] [LUDO-EVENT] players-get-response {
  "gameId": "mt0mfr0yusoa89"
}
[2026-08-19T21:49:17.458Z] [LUDO-STATE] game:mt0mfr0yusoa89 {
  "gameId": "mt0mfr0yusoa89",
  "snapshot": {
    "gameId": "mt0mfr0yusoa89",
    "players": [
      {
        "id": 0,
        "name": "Mohammad Ikram",
        "color": "#E53935",
        "avatar": "https://res.cloudinary.com/dz88yjerw/image/upload/v1786061008/y2bgpcmceri6ogm2anvw.png",
        "cover": "https://res.cloudinary.com/dz88yjerw/image/upload/v1780098021/abtk9davy21pzff2x0cd.png",
        "profileId": "67bf1e4009395add03e1e234",
        "isActive": true,
        "pieces": [
          {
            "id": 0,
            "steps": 0,
            "isHome": true,
            "isInPlay": false
          },
          {
            "id": 1,
            "steps": 0,
            "isHome": true,
            "isInPlay": false
          },
          {
            "id": 2,
            "steps": 1,
            "isHome": false,
            "isInPlay": true
          },
          {
            "id": 3,
            "steps": 0,
            "isHome": true,
            "isInPlay": false
          }
        ],
        "isOffline": false
      },
      {
        "id": 1,
        "name": "Md Atik",
        "color": "#43A047",
        "avatar": "https://res.cloudinary.com/dz88yjerw/image/upload/v1779774308/ccut8qllcbmzl6bxx0yy.png",
        "cover": "https://res.cloudinary.com/dz88yjerw/image/upload/v1759779146/gyshxw4n76fbsohz3rcz.jpg",
        "profileId": "67e431d61e4463f7adfa544e",
        "isActive": true,
        "pieces": [
          {
            "id": 0,
            "steps": 2,
            "isHome": false,
            "isInPlay": true
          },
          {
            "id": 1,
            "steps": 0,
            "isHome": true,
            "isInPlay": false
          },
          {
            "id": 2,
            "steps": 9,
            "isHome": false,
            "isInPlay": true
          },
          {
            "id": 3,
            "steps": 0,
            "isHome": true,
            "isInPlay": false
          }
        ],
        "isOffline": false
      }
    ],
    "selectedPlayerCount": 2,
    "currentPlayer": 1,
    "diceValue": 1,
    "gameStarted": true,
    "timestamp": 1787176068535,
    "playersSeq": 24
  }
}
[2026-08-19T21:49:20.470Z] [LUDO-EVENT] players-get-response {
  "gameId": "mt0mfr0yusoa89"
}
[2026-08-19T21:49:20.471Z] [LUDO-STATE] game:mt0mfr0yusoa89 {
  "gameId": "mt0mfr0yusoa89",
  "snapshot": {
    "gameId": "mt0mfr0yusoa89",
    "players": [
      {
        "id": 0,
        "name": "Mohammad Ikram",
        "color": "#E53935",
        "avatar": "https://res.cloudinary.com/dz88yjerw/image/upload/v1786061008/y2bgpcmceri6ogm2anvw.png",
        "cover": "https://res.cloudinary.com/dz88yjerw/image/upload/v1780098021/abtk9davy21pzff2x0cd.png",
        "profileId": "67bf1e4009395add03e1e234",
        "isActive": true,
        "pieces": [
          {
            "id": 0,
            "steps": 0,
            "isHome": true,
            "isInPlay": false
          },
          {
            "id": 1,
            "steps": 0,
            "isHome": true,
            "isInPlay": false
          },
          {
            "id": 2,
            "steps": 1,
            "isHome": false,
            "isInPlay": true
          },
          {
            "id": 3,
            "steps": 0,
            "isHome": true,
            "isInPlay": false
          }
        ],
        "isOffline": false
      },
      {
        "id": 1,
        "name": "Md Atik",
        "color": "#43A047",
        "avatar": "https://res.cloudinary.com/dz88yjerw/image/upload/v1779774308/ccut8qllcbmzl6bxx0yy.png",
        "cover": "https://res.cloudinary.com/dz88yjerw/image/upload/v1759779146/gyshxw4n76fbsohz3rcz.jpg",
        "profileId": "67e431d61e4463f7adfa544e",
        "isActive": true,
        "pieces": [
          {
            "id": 0,
            "steps": 2,
            "isHome": false,
            "isInPlay": true
          },
          {
            "id": 1,
            "steps": 0,
            "isHome": true,
            "isInPlay": false
          },
          {
            "id": 2,
            "steps": 9,
            "isHome": false,
            "isInPlay": true
          },
          {
            "id": 3,
            "steps": 0,
            "isHome": true,
            "isInPlay": false
          }
        ],
        "isOffline": false
      }
    ],
    "selectedPlayerCount": 2,
    "currentPlayer": 1,
    "diceValue": 1,
    "gameStarted": true,
    "timestamp": 1787176068535,
    "playersSeq": 24
  }
}
[2026-08-19T21:49:23.470Z] [LUDO-EVENT] players-get-response {
  "gameId": "mt0mfr0yusoa89"
}
[2026-08-19T21:49:23.471Z] [LUDO-STATE] game:mt0mfr0yusoa89 {
  "gameId": "mt0mfr0yusoa89",
  "snapshot": {
    "gameId": "mt0mfr0yusoa89",
    "players": [
      {
        "id": 0,
        "name": "Mohammad Ikram",
        "color": "#E53935",
        "avatar": "https://res.cloudinary.com/dz88yjerw/image/upload/v1786061008/y2bgpcmceri6ogm2anvw.png",
        "cover": "https://res.cloudinary.com/dz88yjerw/image/upload/v1780098021/abtk9davy21pzff2x0cd.png",
        "profileId": "67bf1e4009395add03e1e234",
        "isActive": true,
        "pieces": [
          {
            "id": 0,
            "steps": 0,
            "isHome": true,
            "isInPlay": false
          },
          {
            "id": 1,
            "steps": 0,
            "isHome": true,
            "isInPlay": false
          },
          {
            "id": 2,
            "steps": 1,
            "isHome": false,
            "isInPlay": true
          },
          {
            "id": 3,
            "steps": 0,
            "isHome": true,
            "isInPlay": false
          }
        ],
        "isOffline": false
      },
      {
        "id": 1,
        "name": "Md Atik",
        "color": "#43A047",
        "avatar": "https://res.cloudinary.com/dz88yjerw/image/upload/v1779774308/ccut8qllcbmzl6bxx0yy.png",
        "cover": "https://res.cloudinary.com/dz88yjerw/image/upload/v1759779146/gyshxw4n76fbsohz3rcz.jpg",
        "profileId": "67e431d61e4463f7adfa544e",
        "isActive": true,
        "pieces": [
          {
            "id": 0,
            "steps": 2,
            "isHome": false,
            "isInPlay": true
          },
          {
            "id": 1,
            "steps": 0,
            "isHome": true,
            "isInPlay": false
          },
          {
            "id": 2,
            "steps": 9,
            "isHome": false,
            "isInPlay": true
          },
          {
            "id": 3,
            "steps": 0,
            "isHome": true,
            "isInPlay": false
          }
        ],
        "isOffline": false
      }
    ],
    "selectedPlayerCount": 2,
    "currentPlayer": 1,
    "diceValue": 1,
    "gameStarted": true,
    "timestamp": 1787176068535,
    "playersSeq": 24
  }
}
[2026-08-19T21:49:26.493Z] [LUDO-EVENT] players-get-response {
  "gameId": "mt0mfr0yusoa89"
}
[2026-08-19T21:49:26.493Z] [LUDO-STATE] game:mt0mfr0yusoa89 {
  "gameId": "mt0mfr0yusoa89",
  "snapshot": {
    "gameId": "mt0mfr0yusoa89",
    "players": [
      {
        "id": 0,
        "name": "Mohammad Ikram",
        "color": "#E53935",
        "avatar": "https://res.cloudinary.com/dz88yjerw/image/upload/v1786061008/y2bgpcmceri6ogm2anvw.png",
        "cover": "https://res.cloudinary.com/dz88yjerw/image/upload/v1780098021/abtk9davy21pzff2x0cd.png",
        "profileId": "67bf1e4009395add03e1e234",
        "isActive": true,
        "pieces": [
          {
            "id": 0,
            "steps": 0,
            "isHome": true,
            "isInPlay": false
          },
          {
            "id": 1,
            "steps": 0,
            "isHome": true,
            "isInPlay": false
          },
          {
            "id": 2,
            "steps": 1,
            "isHome": false,
            "isInPlay": true
          },
          {
            "id": 3,
            "steps": 0,
            "isHome": true,
            "isInPlay": false
          }
        ],
        "isOffline": false
      },
      {
        "id": 1,
        "name": "Md Atik",
        "color": "#43A047",
        "avatar": "https://res.cloudinary.com/dz88yjerw/image/upload/v1779774308/ccut8qllcbmzl6bxx0yy.png",
        "cover": "https://res.cloudinary.com/dz88yjerw/image/upload/v1759779146/gyshxw4n76fbsohz3rcz.jpg",
        "profileId": "67e431d61e4463f7adfa544e",
        "isActive": true,
        "pieces": [
          {
            "id": 0,
            "steps": 2,
            "isHome": false,
            "isInPlay": true
          },
          {
            "id": 1,
            "steps": 0,
            "isHome": true,
            "isInPlay": false
          },
          {
            "id": 2,
            "steps": 9,
            "isHome": false,
            "isInPlay": true
          },
          {
            "id": 3,
            "steps": 0,
            "isHome": true,
            "isInPlay": false
          }
        ],
        "isOffline": false
      }
    ],
    "selectedPlayerCount": 2,
    "currentPlayer": 1,
    "diceValue": 1,
    "gameStarted": true,
    "timestamp": 1787176068535,
    "playersSeq": 24
  }
}
[2026-08-19T21:49:29.505Z] [LUDO-EVENT] players-get-response {
  "gameId": "mt0mfr0yusoa89"
}
[2026-08-19T21:49:29.506Z] [LUDO-STATE] game:mt0mfr0yusoa89 {
  "gameId": "mt0mfr0yusoa89",
  "snapshot": {
    "gameId": "mt0mfr0yusoa89",
    "players": [
      {
        "id": 0,
        "name": "Mohammad Ikram",
        "color": "#E53935",
        "avatar": "https://res.cloudinary.com/dz88yjerw/image/upload/v1786061008/y2bgpcmceri6ogm2anvw.png",
        "cover": "https://res.cloudinary.com/dz88yjerw/image/upload/v1780098021/abtk9davy21pzff2x0cd.png",
        "profileId": "67bf1e4009395add03e1e234",
        "isActive": true,
        "pieces": [
          {
            "id": 0,
            "steps": 0,
            "isHome": true,
            "isInPlay": false
          },
          {
            "id": 1,
            "steps": 0,
            "isHome": true,
            "isInPlay": false
          },
          {
            "id": 2,
            "steps": 1,
            "isHome": false,
            "isInPlay": true
          },
          {
            "id": 3,
            "steps": 0,
            "isHome": true,
            "isInPlay": false
          }
        ],
        "isOffline": false
      },
      {
        "id": 1,
        "name": "Md Atik",
        "color": "#43A047",
        "avatar": "https://res.cloudinary.com/dz88yjerw/image/upload/v1779774308/ccut8qllcbmzl6bxx0yy.png",
        "cover": "https://res.cloudinary.com/dz88yjerw/image/upload/v1759779146/gyshxw4n76fbsohz3rcz.jpg",
        "profileId": "67e431d61e4463f7adfa544e",
        "isActive": true,
        "pieces": [
          {
            "id": 0,
            "steps": 2,
            "isHome": false,
            "isInPlay": true
          },
          {
            "id": 1,
            "steps": 0,
            "isHome": true,
            "isInPlay": false
          },
          {
            "id": 2,
            "steps": 9,
            "isHome": false,
            "isInPlay": true
          },
          {
            "id": 3,
            "steps": 0,
            "isHome": true,
            "isInPlay": false
          }
        ],
        "isOffline": false
      }
    ],
    "selectedPlayerCount": 2,
    "currentPlayer": 1,
    "diceValue": 1,
    "gameStarted": true,
    "timestamp": 1787176068535,
    "playersSeq": 24
  }
}
[2026-08-19T21:49:32.498Z] [LUDO-EVENT] players-get-response {
  "gameId": "mt0mfr0yusoa89"
}
[2026-08-19T21:49:32.498Z] [LUDO-STATE] game:mt0mfr0yusoa89 {
  "gameId": "mt0mfr0yusoa89",
  "snapshot": {
    "gameId": "mt0mfr0yusoa89",
    "players": [
      {
        "id": 0,
        "name": "Mohammad Ikram",
        "color": "#E53935",
        "avatar": "https://res.cloudinary.com/dz88yjerw/image/upload/v1786061008/y2bgpcmceri6ogm2anvw.png",
        "cover": "https://res.cloudinary.com/dz88yjerw/image/upload/v1780098021/abtk9davy21pzff2x0cd.png",
        "profileId": "67bf1e4009395add03e1e234",
        "isActive": true,
        "pieces": [
          {
            "id": 0,
            "steps": 0,
            "isHome": true,
            "isInPlay": false
          },
          {
            "id": 1,
            "steps": 0,
            "isHome": true,
            "isInPlay": false
          },
          {
            "id": 2,
            "steps": 1,
            "isHome": false,
            "isInPlay": true
          },
          {
            "id": 3,
            "steps": 0,
            "isHome": true,
            "isInPlay": false
          }
        ],
        "isOffline": false
      },
      {
        "id": 1,
        "name": "Md Atik",
        "color": "#43A047",
        "avatar": "https://res.cloudinary.com/dz88yjerw/image/upload/v1779774308/ccut8qllcbmzl6bxx0yy.png",
        "cover": "https://res.cloudinary.com/dz88yjerw/image/upload/v1759779146/gyshxw4n76fbsohz3rcz.jpg",
        "profileId": "67e431d61e4463f7adfa544e",
        "isActive": true,
        "pieces": [
          {
            "id": 0,
            "steps": 2,
            "isHome": false,
            "isInPlay": true
          },
          {
            "id": 1,
            "steps": 0,
            "isHome": true,
            "isInPlay": false
          },
          {
            "id": 2,
            "steps": 9,
            "isHome": false,
            "isInPlay": true
          },
          {
            "id": 3,
            "steps": 0,
            "isHome": true,
            "isInPlay": false
          }
        ],
        "isOffline": false
      }
    ],
    "selectedPlayerCount": 2,
    "currentPlayer": 1,
    "diceValue": 1,
    "gameStarted": true,
    "timestamp": 1787176068535,
    "playersSeq": 24
  }
}
[2026-08-19T21:49:38.790Z] [LUDO-EVENT] players-get-response {
  "gameId": "mt0mfr0yusoa89"
}
[2026-08-19T21:49:38.791Z] [LUDO-STATE] game:mt0mfr0yusoa89 {
  "gameId": "mt0mfr0yusoa89",
  "snapshot": {
    "gameId": "mt0mfr0yusoa89",
    "players": [
      {
        "id": 0,
        "name": "Mohammad Ikram",
        "color": "#E53935",
        "avatar": "https://res.cloudinary.com/dz88yjerw/image/upload/v1786061008/y2bgpcmceri6ogm2anvw.png",
        "cover": "https://res.cloudinary.com/dz88yjerw/image/upload/v1780098021/abtk9davy21pzff2x0cd.png",
        "profileId": "67bf1e4009395add03e1e234",
        "isActive": true,
        "pieces": [
          {
            "id": 0,
            "steps": 0,
            "isHome": true,
            "isInPlay": false
          },
          {
            "id": 1,
            "steps": 0,
            "isHome": true,
            "isInPlay": false
          },
          {
            "id": 2,
            "steps": 1,
            "isHome": false,
            "isInPlay": true
          },
          {
            "id": 3,
            "steps": 0,
            "isHome": true,
            "isInPlay": false
          }
        ],
        "isOffline": false
      },
      {
        "id": 1,
        "name": "Md Atik",
        "color": "#43A047",
        "avatar": "https://res.cloudinary.com/dz88yjerw/image/upload/v1779774308/ccut8qllcbmzl6bxx0yy.png",
        "cover": "https://res.cloudinary.com/dz88yjerw/image/upload/v1759779146/gyshxw4n76fbsohz3rcz.jpg",
        "profileId": "67e431d61e4463f7adfa544e",
        "isActive": true,
        "pieces": [
          {
            "id": 0,
            "steps": 2,
            "isHome": false,
            "isInPlay": true
          },
          {
            "id": 1,
            "steps": 0,
            "isHome": true,
            "isInPlay": false
          },
          {
            "id": 2,
            "steps": 9,
            "isHome": false,
            "isInPlay": true
          },
          {
            "id": 3,
            "steps": 0,
            "isHome": true,
            "isInPlay": false
          }
        ],
        "isOffline": false
      }
    ],
    "selectedPlayerCount": 2,
    "currentPlayer": 1,
    "diceValue": 1,
    "gameStarted": true,
    "timestamp": 1787176068535,
    "playersSeq": 24
  }
}
[2026-08-19T21:49:40.063Z] [LUDO-EVENT] players-get-response {
  "gameId": "mt0mfr0yusoa89"
}
[2026-08-19T21:49:40.063Z] [LUDO-STATE] game:mt0mfr0yusoa89 {
  "gameId": "mt0mfr0yusoa89",
  "snapshot": {
    "gameId": "mt0mfr0yusoa89",
    "players": [
      {
        "id": 0,
        "name": "Mohammad Ikram",
        "color": "#E53935",
        "avatar": "https://res.cloudinary.com/dz88yjerw/image/upload/v1786061008/y2bgpcmceri6ogm2anvw.png",
        "cover": "https://res.cloudinary.com/dz88yjerw/image/upload/v1780098021/abtk9davy21pzff2x0cd.png",
        "profileId": "67bf1e4009395add03e1e234",
        "isActive": true,
        "pieces": [
          {
            "id": 0,
            "steps": 0,
            "isHome": true,
            "isInPlay": false
          },
          {
            "id": 1,
            "steps": 0,
            "isHome": true,
            "isInPlay": false
          },
          {
            "id": 2,
            "steps": 1,
            "isHome": false,
            "isInPlay": true
          },
          {
            "id": 3,
            "steps": 0,
            "isHome": true,
            "isInPlay": false
          }
        ],
        "isOffline": false
      },
      {
        "id": 1,
        "name": "Md Atik",
        "color": "#43A047",
        "avatar": "https://res.cloudinary.com/dz88yjerw/image/upload/v1779774308/ccut8qllcbmzl6bxx0yy.png",
        "cover": "https://res.cloudinary.com/dz88yjerw/image/upload/v1759779146/gyshxw4n76fbsohz3rcz.jpg",
        "profileId": "67e431d61e4463f7adfa544e",
        "isActive": true,
        "pieces": [
          {
            "id": 0,
            "steps": 2,
            "isHome": false,
            "isInPlay": true
          },
          {
            "id": 1,
            "steps": 0,
            "isHome": true,
            "isInPlay": false
          },
          {
            "id": 2,
            "steps": 9,
            "isHome": false,
            "isInPlay": true
          },
          {
            "id": 3,
            "steps": 0,
            "isHome": true,
            "isInPlay": false
          }
        ],
        "isOffline": false
      }
    ],
    "selectedPlayerCount": 2,
    "currentPlayer": 1,
    "diceValue": 1,
    "gameStarted": true,
    "timestamp": 1787176068535,
    "playersSeq": 24
  }
}
[2026-08-19T21:49:41.507Z] [LUDO-EVENT] players-get-response {
  "gameId": "mt0mfr0yusoa89"
}
[2026-08-19T21:49:41.508Z] [LUDO-STATE] game:mt0mfr0yusoa89 {
  "gameId": "mt0mfr0yusoa89",
  "snapshot": {
    "gameId": "mt0mfr0yusoa89",
    "players": [
      {
        "id": 0,
        "name": "Mohammad Ikram",
        "color": "#E53935",
        "avatar": "https://res.cloudinary.com/dz88yjerw/image/upload/v1786061008/y2bgpcmceri6ogm2anvw.png",
        "cover": "https://res.cloudinary.com/dz88yjerw/image/upload/v1780098021/abtk9davy21pzff2x0cd.png",
        "profileId": "67bf1e4009395add03e1e234",
        "isActive": true,
        "pieces": [
          {
            "id": 0,
            "steps": 0,
            "isHome": true,
            "isInPlay": false
          },
          {
            "id": 1,
            "steps": 0,
            "isHome": true,
            "isInPlay": false
          },
          {
            "id": 2,
            "steps": 1,
            "isHome": false,
            "isInPlay": true
          },
          {
            "id": 3,
            "steps": 0,
            "isHome": true,
            "isInPlay": false
          }
        ],
        "isOffline": false
      },
      {
        "id": 1,
        "name": "Md Atik",
        "color": "#43A047",
        "avatar": "https://res.cloudinary.com/dz88yjerw/image/upload/v1779774308/ccut8qllcbmzl6bxx0yy.png",
        "cover": "https://res.cloudinary.com/dz88yjerw/image/upload/v1759779146/gyshxw4n76fbsohz3rcz.jpg",
        "profileId": "67e431d61e4463f7adfa544e",
        "isActive": true,
        "pieces": [
          {
            "id": 0,
            "steps": 2,
            "isHome": false,
            "isInPlay": true
          },
          {
            "id": 1,
            "steps": 0,
            "isHome": true,
            "isInPlay": false
          },
          {
            "id": 2,
            "steps": 9,
            "isHome": false,
            "isInPlay": true
          },
          {
            "id": 3,
            "steps": 0,
            "isHome": true,
            "isInPlay": false
          }
        ],
        "isOffline": false
      }
    ],
    "selectedPlayerCount": 2,
    "currentPlayer": 1,
    "diceValue": 1,
    "gameStarted": true,
    "timestamp": 1787176068535,
    "playersSeq": 24
  }
}
[2026-08-19T21:49:44.514Z] [LUDO-EVENT] players-get-response {
  "gameId": "mt0mfr0yusoa89"
}
[2026-08-19T21:49:44.514Z] [LUDO-STATE] game:mt0mfr0yusoa89 {
  "gameId": "mt0mfr0yusoa89",
  "snapshot": {
    "gameId": "mt0mfr0yusoa89",
    "players": [
      {
        "id": 0,
        "name": "Mohammad Ikram",
        "color": "#E53935",
        "avatar": "https://res.cloudinary.com/dz88yjerw/image/upload/v1786061008/y2bgpcmceri6ogm2anvw.png",
        "cover": "https://res.cloudinary.com/dz88yjerw/image/upload/v1780098021/abtk9davy21pzff2x0cd.png",
        "profileId": "67bf1e4009395add03e1e234",
        "isActive": true,
        "pieces": [
          {
            "id": 0,
            "steps": 0,
            "isHome": true,
            "isInPlay": false
          },
          {
            "id": 1,
            "steps": 0,
            "isHome": true,
            "isInPlay": false
          },
          {
            "id": 2,
            "steps": 1,
            "isHome": false,
            "isInPlay": true
          },
          {
            "id": 3,
            "steps": 0,
            "isHome": true,
            "isInPlay": false
          }
        ],
        "isOffline": false
      },
      {
        "id": 1,
        "name": "Md Atik",
        "color": "#43A047",
        "avatar": "https://res.cloudinary.com/dz88yjerw/image/upload/v1779774308/ccut8qllcbmzl6bxx0yy.png",
        "cover": "https://res.cloudinary.com/dz88yjerw/image/upload/v1759779146/gyshxw4n76fbsohz3rcz.jpg",
        "profileId": "67e431d61e4463f7adfa544e",
        "isActive": true,
        "pieces": [
          {
            "id": 0,
            "steps": 2,
            "isHome": false,
            "isInPlay": true
          },
          {
            "id": 1,
            "steps": 0,
            "isHome": true,
            "isInPlay": false
          },
          {
            "id": 2,
            "steps": 9,
            "isHome": false,
            "isInPlay": true
          },
          {
            "id": 3,
            "steps": 0,
            "isHome": true,
            "isInPlay": false
          }
        ],
        "isOffline": false
      }
    ],
    "selectedPlayerCount": 2,
    "currentPlayer": 1,
    "diceValue": 1,
    "gameStarted": true,
    "timestamp": 1787176068535,
    "playersSeq": 24
  }
}
[2026-08-19T21:49:47.531Z] [LUDO-EVENT] players-get-response {
  "gameId": "mt0mfr0yusoa89"
}
[2026-08-19T21:49:47.532Z] [LUDO-STATE] game:mt0mfr0yusoa89 {
  "gameId": "mt0mfr0yusoa89",
  "snapshot": {
    "gameId": "mt0mfr0yusoa89",
    "players": [
      {
        "id": 0,
        "name": "Mohammad Ikram",
        "color": "#E53935",
        "avatar": "https://res.cloudinary.com/dz88yjerw/image/upload/v1786061008/y2bgpcmceri6ogm2anvw.png",
        "cover": "https://res.cloudinary.com/dz88yjerw/image/upload/v1780098021/abtk9davy21pzff2x0cd.png",
        "profileId": "67bf1e4009395add03e1e234",
        "isActive": true,
        "pieces": [
          {
            "id": 0,
            "steps": 0,
            "isHome": true,
            "isInPlay": false
          },
          {
            "id": 1,
            "steps": 0,
            "isHome": true,
            "isInPlay": false
          },
          {
            "id": 2,
            "steps": 1,
            "isHome": false,
            "isInPlay": true
          },
          {
            "id": 3,
            "steps": 0,
            "isHome": true,
            "isInPlay": false
          }
        ],
        "isOffline": false
      },
      {
        "id": 1,
        "name": "Md Atik",
        "color": "#43A047",
        "avatar": "https://res.cloudinary.com/dz88yjerw/image/upload/v1779774308/ccut8qllcbmzl6bxx0yy.png",
        "cover": "https://res.cloudinary.com/dz88yjerw/image/upload/v1759779146/gyshxw4n76fbsohz3rcz.jpg",
        "profileId": "67e431d61e4463f7adfa544e",
        "isActive": true,
        "pieces": [
          {
            "id": 0,
            "steps": 2,
            "isHome": false,
            "isInPlay": true
          },
          {
            "id": 1,
            "steps": 0,
            "isHome": true,
            "isInPlay": false
          },
          {
            "id": 2,
            "steps": 9,
            "isHome": false,
            "isInPlay": true
          },
          {
            "id": 3,
            "steps": 0,
            "isHome": true,
            "isInPlay": false
          }
        ],
        "isOffline": false
      }
    ],
    "selectedPlayerCount": 2,
    "currentPlayer": 1,
    "diceValue": 1,
    "gameStarted": true,
    "timestamp": 1787176068535,
    "playersSeq": 24
  }
}
[2026-08-19T21:49:50.538Z] [LUDO-EVENT] players-get-response {
  "gameId": "mt0mfr0yusoa89"
}
[2026-08-19T21:49:50.540Z] [LUDO-STATE] game:mt0mfr0yusoa89 {
  "gameId": "mt0mfr0yusoa89",
  "snapshot": {
    "gameId": "mt0mfr0yusoa89",
    "players": [
      {
        "id": 0,
        "name": "Mohammad Ikram",
        "color": "#E53935",
        "avatar": "https://res.cloudinary.com/dz88yjerw/image/upload/v1786061008/y2bgpcmceri6ogm2anvw.png",
        "cover": "https://res.cloudinary.com/dz88yjerw/image/upload/v1780098021/abtk9davy21pzff2x0cd.png",
        "profileId": "67bf1e4009395add03e1e234",
        "isActive": true,
        "pieces": [
          {
            "id": 0,
            "steps": 0,
            "isHome": true,
            "isInPlay": false
          },
          {
            "id": 1,
            "steps": 0,
            "isHome": true,
            "isInPlay": false
          },
          {
            "id": 2,
            "steps": 1,
            "isHome": false,
            "isInPlay": true
          },
          {
            "id": 3,
            "steps": 0,
            "isHome": true,
            "isInPlay": false
          }
        ],
        "isOffline": false
      },
      {
        "id": 1,
        "name": "Md Atik",
        "color": "#43A047",
        "avatar": "https://res.cloudinary.com/dz88yjerw/image/upload/v1779774308/ccut8qllcbmzl6bxx0yy.png",
        "cover": "https://res.cloudinary.com/dz88yjerw/image/upload/v1759779146/gyshxw4n76fbsohz3rcz.jpg",
        "profileId": "67e431d61e4463f7adfa544e",
        "isActive": true,
        "pieces": [
          {
            "id": 0,
            "steps": 2,
            "isHome": false,
            "isInPlay": true
          },
          {
            "id": 1,
            "steps": 0,
            "isHome": true,
            "isInPlay": false
          },
          {
            "id": 2,
            "steps": 9,
            "isHome": false,
            "isInPlay": true
          },
          {
            "id": 3,
            "steps": 0,
            "isHome": true,
            "isInPlay": false
          }
        ],
        "isOffline": false
      }
    ],
    "selectedPlayerCount": 2,
    "currentPlayer": 1,
    "diceValue": 1,
    "gameStarted": true,
    "timestamp": 1787176068535,
    "playersSeq": 24
  }
}
[2026-08-19T21:49:53.563Z] [LUDO-EVENT] players-get-response {
  "gameId": "mt0mfr0yusoa89"
}
[2026-08-19T21:49:53.564Z] [LUDO-STATE] game:mt0mfr0yusoa89 {
  "gameId": "mt0mfr0yusoa89",
  "snapshot": {
    "gameId": "mt0mfr0yusoa89",
    "players": [
      {
        "id": 0,
        "name": "Mohammad Ikram",
        "color": "#E53935",
        "avatar": "https://res.cloudinary.com/dz88yjerw/image/upload/v1786061008/y2bgpcmceri6ogm2anvw.png",
        "cover": "https://res.cloudinary.com/dz88yjerw/image/upload/v1780098021/abtk9davy21pzff2x0cd.png",
        "profileId": "67bf1e4009395add03e1e234",
        "isActive": true,
        "pieces": [
          {
            "id": 0,
            "steps": 0,
            "isHome": true,
            "isInPlay": false
          },
          {
            "id": 1,
            "steps": 0,
            "isHome": true,
            "isInPlay": false
          },
          {
            "id": 2,
            "steps": 1,
            "isHome": false,
            "isInPlay": true
          },
          {
            "id": 3,
            "steps": 0,
            "isHome": true,
            "isInPlay": false
          }
        ],
        "isOffline": false
      },
      {
        "id": 1,
        "name": "Md Atik",
        "color": "#43A047",
        "avatar": "https://res.cloudinary.com/dz88yjerw/image/upload/v1779774308/ccut8qllcbmzl6bxx0yy.png",
        "cover": "https://res.cloudinary.com/dz88yjerw/image/upload/v1759779146/gyshxw4n76fbsohz3rcz.jpg",
        "profileId": "67e431d61e4463f7adfa544e",
        "isActive": true,
        "pieces": [
          {
            "id": 0,
            "steps": 2,
            "isHome": false,
            "isInPlay": true
          },
          {
            "id": 1,
            "steps": 0,
            "isHome": true,
            "isInPlay": false
          },
          {
            "id": 2,
            "steps": 9,
            "isHome": false,
            "isInPlay": true
          },
          {
            "id": 3,
            "steps": 0,
            "isHome": true,
            "isInPlay": false
          }
        ],
        "isOffline": false
      }
    ],
    "selectedPlayerCount": 2,
    "currentPlayer": 1,
    "diceValue": 1,
    "gameStarted": true,
    "timestamp": 1787176068535,
    "playersSeq": 24
  }
}
[2026-08-19T21:49:56.562Z] [LUDO-EVENT] players-get-response {
  "gameId": "mt0mfr0yusoa89"
}
[2026-08-19T21:49:56.563Z] [LUDO-STATE] game:mt0mfr0yusoa89 {
  "gameId": "mt0mfr0yusoa89",
  "snapshot": {
    "gameId": "mt0mfr0yusoa89",
    "players": [
      {
        "id": 0,
        "name": "Mohammad Ikram",
        "color": "#E53935",
        "avatar": "https://res.cloudinary.com/dz88yjerw/image/upload/v1786061008/y2bgpcmceri6ogm2anvw.png",
        "cover": "https://res.cloudinary.com/dz88yjerw/image/upload/v1780098021/abtk9davy21pzff2x0cd.png",
        "profileId": "67bf1e4009395add03e1e234",
        "isActive": true,
        "pieces": [
          {
            "id": 0,
            "steps": 0,
            "isHome": true,
            "isInPlay": false
          },
          {
            "id": 1,
            "steps": 0,
            "isHome": true,
            "isInPlay": false
          },
          {
            "id": 2,
            "steps": 1,
            "isHome": false,
            "isInPlay": true
          },
          {
            "id": 3,
            "steps": 0,
            "isHome": true,
            "isInPlay": false
          }
        ],
        "isOffline": false
      },
      {
        "id": 1,
        "name": "Md Atik",
        "color": "#43A047",
        "avatar": "https://res.cloudinary.com/dz88yjerw/image/upload/v1779774308/ccut8qllcbmzl6bxx0yy.png",
        "cover": "https://res.cloudinary.com/dz88yjerw/image/upload/v1759779146/gyshxw4n76fbsohz3rcz.jpg",
        "profileId": "67e431d61e4463f7adfa544e",
        "isActive": true,
        "pieces": [
          {
            "id": 0,
            "steps": 2,
            "isHome": false,
            "isInPlay": true
          },
          {
            "id": 1,
            "steps": 0,
            "isHome": true,
            "isInPlay": false
          },
          {
            "id": 2,
            "steps": 9,
            "isHome": false,
            "isInPlay": true
          },
          {
            "id": 3,
            "steps": 0,
            "isHome": true,
            "isInPlay": false
          }
        ],
        "isOffline": false
      }
    ],
    "selectedPlayerCount": 2,
    "currentPlayer": 1,
    "diceValue": 1,
    "gameStarted": true,
    "timestamp": 1787176068535,
    "playersSeq": 24
  }
}
[2026-08-19T21:49:59.591Z] [LUDO-EVENT] players-get-response {
  "gameId": "mt0mfr0yusoa89"
}
[2026-08-19T21:49:59.592Z] [LUDO-STATE] game:mt0mfr0yusoa89 {
  "gameId": "mt0mfr0yusoa89",
  "snapshot": {
    "gameId": "mt0mfr0yusoa89",
    "players": [
      {
        "id": 0,
        "name": "Mohammad Ikram",
        "color": "#E53935",
        "avatar": "https://res.cloudinary.com/dz88yjerw/image/upload/v1786061008/y2bgpcmceri6ogm2anvw.png",
        "cover": "https://res.cloudinary.com/dz88yjerw/image/upload/v1780098021/abtk9davy21pzff2x0cd.png",
        "profileId": "67bf1e4009395add03e1e234",
        "isActive": true,
        "pieces": [
          {
            "id": 0,
            "steps": 0,
            "isHome": true,
            "isInPlay": false
          },
          {
            "id": 1,
            "steps": 0,
            "isHome": true,
            "isInPlay": false
          },
          {
            "id": 2,
            "steps": 1,
            "isHome": false,
            "isInPlay": true
          },
          {
            "id": 3,
            "steps": 0,
            "isHome": true,
            "isInPlay": false
          }
        ],
        "isOffline": false
      },
      {
        "id": 1,
        "name": "Md Atik",
        "color": "#43A047",
        "avatar": "https://res.cloudinary.com/dz88yjerw/image/upload/v1779774308/ccut8qllcbmzl6bxx0yy.png",
        "cover": "https://res.cloudinary.com/dz88yjerw/image/upload/v1759779146/gyshxw4n76fbsohz3rcz.jpg",
        "profileId": "67e431d61e4463f7adfa544e",
        "isActive": true,
        "pieces": [
          {
            "id": 0,
            "steps": 2,
            "isHome": false,
            "isInPlay": true
          },
          {
            "id": 1,
            "steps": 0,
            "isHome": true,
            "isInPlay": false
          },
          {
            "id": 2,
            "steps": 9,
            "isHome": false,
            "isInPlay": true
          },
          {
            "id": 3,
            "steps": 0,
            "isHome": true,
            "isInPlay": false
          }
        ],
        "isOffline": false
      }
    ],
    "selectedPlayerCount": 2,
    "currentPlayer": 1,
    "diceValue": 1,
    "gameStarted": true,
    "timestamp": 1787176068535,
    "playersSeq": 24
  }
}
[2026-08-19T21:50:02.572Z] [LUDO-EVENT] players-get-response {
  "gameId": "mt0mfr0yusoa89"
}
[2026-08-19T21:50:02.573Z] [LUDO-STATE] game:mt0mfr0yusoa89 {
  "gameId": "mt0mfr0yusoa89",
  "snapshot": {
    "gameId": "mt0mfr0yusoa89",
    "players": [
      {
        "id": 0,
        "name": "Mohammad Ikram",
        "color": "#E53935",
        "avatar": "https://res.cloudinary.com/dz88yjerw/image/upload/v1786061008/y2bgpcmceri6ogm2anvw.png",
        "cover": "https://res.cloudinary.com/dz88yjerw/image/upload/v1780098021/abtk9davy21pzff2x0cd.png",
        "profileId": "67bf1e4009395add03e1e234",
        "isActive": true,
        "pieces": [
          {
            "id": 0,
            "steps": 0,
            "isHome": true,
            "isInPlay": false
          },
          {
            "id": 1,
            "steps": 0,
            "isHome": true,
            "isInPlay": false
          },
          {
            "id": 2,
            "steps": 1,
            "isHome": false,
            "isInPlay": true
          },
          {
            "id": 3,
            "steps": 0,
            "isHome": true,
            "isInPlay": false
          }
        ],
        "isOffline": false
      },
      {
        "id": 1,
        "name": "Md Atik",
        "color": "#43A047",
        "avatar": "https://res.cloudinary.com/dz88yjerw/image/upload/v1779774308/ccut8qllcbmzl6bxx0yy.png",
        "cover": "https://res.cloudinary.com/dz88yjerw/image/upload/v1759779146/gyshxw4n76fbsohz3rcz.jpg",
        "profileId": "67e431d61e4463f7adfa544e",
        "isActive": true,
        "pieces": [
          {
            "id": 0,
            "steps": 2,
            "isHome": false,
            "isInPlay": true
          },
          {
            "id": 1,
            "steps": 0,
            "isHome": true,
            "isInPlay": false
          },
          {
            "id": 2,
            "steps": 9,
            "isHome": false,
            "isInPlay": true
          },
          {
            "id": 3,
            "steps": 0,
            "isHome": true,
            "isInPlay": false
          }
        ],
        "isOffline": false
      }
    ],
    "selectedPlayerCount": 2,
    "currentPlayer": 1,
    "diceValue": 1,
    "gameStarted": true,
    "timestamp": 1787176068535,
    "playersSeq": 24
  }
}
[2026-08-19T21:50:05.581Z] [LUDO-EVENT] players-get-response {
  "gameId": "mt0mfr0yusoa89"
}
[2026-08-19T21:50:05.581Z] [LUDO-STATE] game:mt0mfr0yusoa89 {
  "gameId": "mt0mfr0yusoa89",
  "snapshot": {
    "gameId": "mt0mfr0yusoa89",
    "players": [
      {
        "id": 0,
        "name": "Mohammad Ikram",
        "color": "#E53935",
        "avatar": "https://res.cloudinary.com/dz88yjerw/image/upload/v1786061008/y2bgpcmceri6ogm2anvw.png",
        "cover": "https://res.cloudinary.com/dz88yjerw/image/upload/v1780098021/abtk9davy21pzff2x0cd.png",
        "profileId": "67bf1e4009395add03e1e234",
        "isActive": true,
        "pieces": [
          {
            "id": 0,
            "steps": 0,
            "isHome": true,
            "isInPlay": false
          },
          {
            "id": 1,
            "steps": 0,
            "isHome": true,
            "isInPlay": false
          },
          {
            "id": 2,
            "steps": 1,
            "isHome": false,
            "isInPlay": true
          },
          {
            "id": 3,
            "steps": 0,
            "isHome": true,
            "isInPlay": false
          }
        ],
        "isOffline": false
      },
      {
        "id": 1,
        "name": "Md Atik",
        "color": "#43A047",
        "avatar": "https://res.cloudinary.com/dz88yjerw/image/upload/v1779774308/ccut8qllcbmzl6bxx0yy.png",
        "cover": "https://res.cloudinary.com/dz88yjerw/image/upload/v1759779146/gyshxw4n76fbsohz3rcz.jpg",
        "profileId": "67e431d61e4463f7adfa544e",
        "isActive": true,
        "pieces": [
          {
            "id": 0,
            "steps": 2,
            "isHome": false,
            "isInPlay": true
          },
          {
            "id": 1,
            "steps": 0,
            "isHome": true,
            "isInPlay": false
          },
          {
            "id": 2,
            "steps": 9,
            "isHome": false,
            "isInPlay": true
          },
          {
            "id": 3,
            "steps": 0,
            "isHome": true,
            "isInPlay": false
          }
        ],
        "isOffline": false
      }
    ],
    "selectedPlayerCount": 2,
    "currentPlayer": 1,
    "diceValue": 1,
    "gameStarted": true,
    "timestamp": 1787176068535,
    "playersSeq": 24
  }
}
[2026-08-19T21:50:08.593Z] [LUDO-EVENT] players-get-response {
  "gameId": "mt0mfr0yusoa89"
}
[2026-08-19T21:50:08.594Z] [LUDO-STATE] game:mt0mfr0yusoa89 {
  "gameId": "mt0mfr0yusoa89",
  "snapshot": {
    "gameId": "mt0mfr0yusoa89",
    "players": [
      {
        "id": 0,
        "name": "Mohammad Ikram",
        "color": "#E53935",
        "avatar": "https://res.cloudinary.com/dz88yjerw/image/upload/v1786061008/y2bgpcmceri6ogm2anvw.png",
        "cover": "https://res.cloudinary.com/dz88yjerw/image/upload/v1780098021/abtk9davy21pzff2x0cd.png",
        "profileId": "67bf1e4009395add03e1e234",
        "isActive": true,
        "pieces": [
          {
            "id": 0,
            "steps": 0,
            "isHome": true,
            "isInPlay": false
          },
          {
            "id": 1,
            "steps": 0,
            "isHome": true,
            "isInPlay": false
          },
          {
            "id": 2,
            "steps": 1,
            "isHome": false,
            "isInPlay": true
          },
          {
            "id": 3,
            "steps": 0,
            "isHome": true,
            "isInPlay": false
          }
        ],
        "isOffline": false
      },
      {
        "id": 1,
        "name": "Md Atik",
        "color": "#43A047",
        "avatar": "https://res.cloudinary.com/dz88yjerw/image/upload/v1779774308/ccut8qllcbmzl6bxx0yy.png",
        "cover": "https://res.cloudinary.com/dz88yjerw/image/upload/v1759779146/gyshxw4n76fbsohz3rcz.jpg",
        "profileId": "67e431d61e4463f7adfa544e",
        "isActive": true,
        "pieces": [
          {
            "id": 0,
            "steps": 2,
            "isHome": false,
            "isInPlay": true
          },
          {
            "id": 1,
            "steps": 0,
            "isHome": true,
            "isInPlay": false
          },
          {
            "id": 2,
            "steps": 9,
            "isHome": false,
            "isInPlay": true
          },
          {
            "id": 3,
            "steps": 0,
            "isHome": true,
            "isInPlay": false
          }
        ],
        "isOffline": false
      }
    ],
    "selectedPlayerCount": 2,
    "currentPlayer": 1,
    "diceValue": 1,
    "gameStarted": true,
    "timestamp": 1787176068535,
    "playersSeq": 24
  }
}
[2026-08-19T21:50:11.578Z] [LUDO-EVENT] players-get-response {
  "gameId": "mt0mfr0yusoa89"
}
[2026-08-19T21:50:11.579Z] [LUDO-STATE] game:mt0mfr0yusoa89 {
  "gameId": "mt0mfr0yusoa89",
  "snapshot": {
    "gameId": "mt0mfr0yusoa89",
    "players": [
      {
        "id": 0,
        "name": "Mohammad Ikram",
        "color": "#E53935",
        "avatar": "https://res.cloudinary.com/dz88yjerw/image/upload/v1786061008/y2bgpcmceri6ogm2anvw.png",
        "cover": "https://res.cloudinary.com/dz88yjerw/image/upload/v1780098021/abtk9davy21pzff2x0cd.png",
        "profileId": "67bf1e4009395add03e1e234",
        "isActive": true,
        "pieces": [
          {
            "id": 0,
            "steps": 0,
            "isHome": true,
            "isInPlay": false
          },
          {
            "id": 1,
            "steps": 0,
            "isHome": true,
            "isInPlay": false
          },
          {
            "id": 2,
            "steps": 1,
            "isHome": false,
            "isInPlay": true
          },
          {
            "id": 3,
            "steps": 0,
            "isHome": true,
            "isInPlay": false
          }
        ],
        "isOffline": false
      },
      {
        "id": 1,
        "name": "Md Atik",
        "color": "#43A047",
        "avatar": "https://res.cloudinary.com/dz88yjerw/image/upload/v1779774308/ccut8qllcbmzl6bxx0yy.png",
        "cover": "https://res.cloudinary.com/dz88yjerw/image/upload/v1759779146/gyshxw4n76fbsohz3rcz.jpg",
        "profileId": "67e431d61e4463f7adfa544e",
        "isActive": true,
        "pieces": [
          {
            "id": 0,
            "steps": 2,
            "isHome": false,
            "isInPlay": true
          },
          {
            "id": 1,
            "steps": 0,
            "isHome": true,
            "isInPlay": false
          },
          {
            "id": 2,
            "steps": 9,
            "isHome": false,
            "isInPlay": true
          },
          {
            "id": 3,
            "steps": 0,
            "isHome": true,
            "isInPlay": false
          }
        ],
        "isOffline": false
      }
    ],
    "selectedPlayerCount": 2,
    "currentPlayer": 1,
    "diceValue": 1,
    "gameStarted": true,
    "timestamp": 1787176068535,
    "playersSeq": 24
  }
}
[2026-08-19T21:50:17.584Z] [LUDO-EVENT] players-get-response {
  "gameId": "mt0mfr0yusoa89"
}
[2026-08-19T21:50:17.586Z] [LUDO-STATE] game:mt0mfr0yusoa89 {
  "gameId": "mt0mfr0yusoa89",
  "snapshot": {
    "gameId": "mt0mfr0yusoa89",
    "players": [
      {
        "id": 0,
        "name": "Mohammad Ikram",
        "color": "#E53935",
        "avatar": "https://res.cloudinary.com/dz88yjerw/image/upload/v1786061008/y2bgpcmceri6ogm2anvw.png",
        "cover": "https://res.cloudinary.com/dz88yjerw/image/upload/v1780098021/abtk9davy21pzff2x0cd.png",
        "profileId": "67bf1e4009395add03e1e234",
        "isActive": true,
        "pieces": [
          {
            "id": 0,
            "steps": 0,
            "isHome": true,
            "isInPlay": false
          },
          {
            "id": 1,
            "steps": 0,
            "isHome": true,
            "isInPlay": false
          },
          {
            "id": 2,
            "steps": 1,
            "isHome": false,
            "isInPlay": true
          },
          {
            "id": 3,
            "steps": 0,
            "isHome": true,
            "isInPlay": false
          }
        ],
        "isOffline": false
      },
      {
        "id": 1,
        "name": "Md Atik",
        "color": "#43A047",
        "avatar": "https://res.cloudinary.com/dz88yjerw/image/upload/v1779774308/ccut8qllcbmzl6bxx0yy.png",
        "cover": "https://res.cloudinary.com/dz88yjerw/image/upload/v1759779146/gyshxw4n76fbsohz3rcz.jpg",
        "profileId": "67e431d61e4463f7adfa544e",
        "isActive": true,
        "pieces": [
          {
            "id": 0,
            "steps": 2,
            "isHome": false,
            "isInPlay": true
          },
          {
            "id": 1,
            "steps": 0,
            "isHome": true,
            "isInPlay": false
          },
          {
            "id": 2,
            "steps": 9,
            "isHome": false,
            "isInPlay": true
          },
          {
            "id": 3,
            "steps": 0,
            "isHome": true,
            "isInPlay": false
          }
        ],
        "isOffline": false
      }
    ],
    "selectedPlayerCount": 2,
    "currentPlayer": 1,
    "diceValue": 1,
    "gameStarted": true,
    "timestamp": 1787176068535,
    "playersSeq": 24
  }
}
[2026-08-19T21:50:20.585Z] [LUDO-EVENT] players-get-response {
  "gameId": "mt0mfr0yusoa89"
}
[2026-08-19T21:50:20.586Z] [LUDO-STATE] game:mt0mfr0yusoa89 {
  "gameId": "mt0mfr0yusoa89",
  "snapshot": {
    "gameId": "mt0mfr0yusoa89",
    "players": [
      {
        "id": 0,
        "name": "Mohammad Ikram",
        "color": "#E53935",
        "avatar": "https://res.cloudinary.com/dz88yjerw/image/upload/v1786061008/y2bgpcmceri6ogm2anvw.png",
        "cover": "https://res.cloudinary.com/dz88yjerw/image/upload/v1780098021/abtk9davy21pzff2x0cd.png",
        "profileId": "67bf1e4009395add03e1e234",
        "isActive": true,
        "pieces": [
          {
            "id": 0,
            "steps": 0,
            "isHome": true,
            "isInPlay": false
          },
          {
            "id": 1,
            "steps": 0,
            "isHome": true,
            "isInPlay": false
          },
          {
            "id": 2,
            "steps": 1,
            "isHome": false,
            "isInPlay": true
          },
          {
            "id": 3,
            "steps": 0,
            "isHome": true,
            "isInPlay": false
          }
        ],
        "isOffline": false
      },
      {
        "id": 1,
        "name": "Md Atik",
        "color": "#43A047",
        "avatar": "https://res.cloudinary.com/dz88yjerw/image/upload/v1779774308/ccut8qllcbmzl6bxx0yy.png",
        "cover": "https://res.cloudinary.com/dz88yjerw/image/upload/v1759779146/gyshxw4n76fbsohz3rcz.jpg",
        "profileId": "67e431d61e4463f7adfa544e",
        "isActive": true,
        "pieces": [
          {
            "id": 0,
            "steps": 2,
            "isHome": false,
            "isInPlay": true
          },
          {
            "id": 1,
            "steps": 0,
            "isHome": true,
            "isInPlay": false
          },
          {
            "id": 2,
            "steps": 9,
            "isHome": false,
            "isInPlay": true
          },
          {
            "id": 3,
            "steps": 0,
            "isHome": true,
            "isInPlay": false
          }
        ],
        "isOffline": false
      }
    ],
    "selectedPlayerCount": 2,
    "currentPlayer": 1,
    "diceValue": 1,
    "gameStarted": true,
    "timestamp": 1787176068535,
    "playersSeq": 24
  }
}
